page_id,creation_date
47262,2002-04-02T21:06:14Z
71318,2002-08-13T19:33:18Z
175149,2003-01-27T12:57:49Z
786020,2004-07-06T00:37:33Z
1110853,2004-10-28T09:14:30Z
1215764,2004-11-27T19:10:56Z
2678212,2005-09-14T16:36:37Z
7737087,2006-11-02T05:21:41Z
13948661,2007-10-28T02:35:15Z
14188289,2007-11-11T06:18:33Z
14273065,2007-11-16T13:48:04Z
23887618,2009-08-06T14:25:39Z
24155231,2009-08-29T16:17:56Z
25854081,2010-01-18T20:00:40Z
36193190,2012-06-20T03:42:07Z
37376135,2012-10-19T01:39:45Z
38823347,2013-03-15T17:20:49Z
39939949,2013-07-12T01:41:21Z
43367967,2014-07-22T21:41:52Z
53767947,2017-04-13T17:42:26Z
58996518,2018-11-07T23:42:21Z
63095268,2020-02-12T21:36:33Z
64913219,2020-08-14T14:28:27Z
65552334,2020-10-11T07:15:39Z
66562107,2021-01-31T14:44:38Z
68218695,2021-07-12T15:13:46Z
70233505,2022-03-05T10:53:46Z
70317779,2022-03-15T17:28:12Z
70345823,2022-03-19T13:12:10Z
78635504,2020-04-05T07:07:55Z
47200,2002-04-02T17:57:19Z
1524862,2005-02-19T12:22:16Z
1525839,2005-02-19T18:45:49Z
5194113,2006-05-18T15:34:33Z
7628069,2006-10-26T07:09:38Z
7709517,2006-10-31T12:46:33Z
21538638,2009-02-14T19:50:12Z
30291341,2011-01-02T17:52:36Z
37313904,2012-10-13T18:05:43Z
37700522,2012-11-20T22:12:39Z
39956072,2013-07-13T21:04:49Z
40757020,2013-10-10T09:45:32Z
47292411,2015-07-20T23:37:57Z
53474857,2017-03-13T20:45:51Z
54295178,2017-06-13T19:10:50Z
55169632,2017-09-07T13:51:31Z
56303644,2018-01-14T16:12:08Z
57408474,2018-05-13T16:52:44Z
100558,2002-10-07T18:12:16Z
342776,2003-10-17T07:52:43Z
648042,2004-05-11T13:10:52Z
773271,2004-07-02T23:24:36Z
1169469,2004-11-14T21:48:05Z
1362795,2005-01-04T21:55:25Z
1780823,2005-04-22T17:52:30Z
2522966,2005-08-23T21:02:21Z
3192516,2005-11-18T21:13:08Z
3839357,2006-01-25T08:58:48Z
5165589,2006-05-16T12:18:28Z
14425627,2007-11-26T00:29:37Z
23242689,2009-06-16T15:27:45Z
23475353,2009-07-03T08:46:49Z
36987452,2012-09-11T19:27:38Z
43092077,2014-06-18T23:03:41Z
50785023,2016-06-12T00:40:27Z
54959688,2017-08-19T15:21:16Z
586,2001-11-01T22:28:06Z
655,2001-11-02T14:55:45Z
1453,2001-08-26T23:02:19Z
2330,2002-02-25T15:51:15Z
2862,2001-12-10T05:57:16Z
2974,2001-12-21T03:51:17Z
60459,2002-07-04T19:54:58Z
67058,2002-08-02T20:59:21Z
174448,2003-01-25T23:08:20Z
178220,2003-02-02T17:36:29Z
355288,2003-11-02T19:28:20Z
512256,2004-03-08T05:25:12Z
529953,2004-03-16T04:48:44Z
1253192,2004-12-07T18:26:03Z
1665285,2005-03-29T16:43:30Z
2762064,2005-09-25T23:01:31Z
3042593,2005-10-31T04:47:08Z
3042756,2005-10-31T05:11:18Z
3042764,2005-10-31T05:12:07Z
3191861,2005-11-18T19:20:42Z
7966521,2006-11-16T13:08:34Z
12737925,2007-08-12T15:35:18Z
15231502,2008-01-15T13:34:05Z
24848842,2009-10-26T18:48:53Z
49814528,2016-03-16T22:17:02Z
53589134,2017-03-25T00:01:22Z
65434605,2020-09-27T17:26:28Z
72360809,2022-07-15T19:32:03Z
991,2001-11-10T18:24:27Z
1032,2001-06-24T22:30:13Z
1418,2001-10-26T06:45:27Z
1963,2001-09-22T14:23:40Z
2349,2001-10-25T18:32:07Z
2972,2001-12-20T23:39:28Z
60491,2002-07-04T21:10:08Z
60492,2002-07-04T21:16:22Z
167241,2003-01-09T18:21:56Z
324572,2003-09-22T04:07:43Z
346451,2003-10-21T18:12:28Z
364478,2003-11-12T12:05:07Z
454446,2004-02-04T11:48:04Z
509995,2004-03-07T08:04:31Z
614484,2004-04-23T19:19:47Z
699294,2004-06-02T19:31:39Z
972800,2004-09-10T00:33:05Z
1021622,2004-09-27T08:19:12Z
1383986,2005-01-11T00:32:15Z
1384005,2005-01-11T00:37:00Z
1490310,2005-02-10T16:35:21Z
1987765,2005-06-04T06:48:39Z
2035764,2005-06-13T10:44:54Z
2240837,2005-07-15T17:33:00Z
2851214,2005-10-07T02:04:26Z
6906424,2006-09-09T00:26:30Z
7338732,2006-10-07T19:33:57Z
8113846,2006-11-25T13:46:31Z
8127859,2006-11-26T11:06:20Z
14924067,2007-12-28T19:23:11Z
15262498,2008-01-16T21:02:19Z
15407327,2008-01-25T02:46:17Z
19616384,2001-09-04T15:52:40Z
25388263,2009-12-10T20:34:26Z
25902309,2010-01-22T09:53:39Z
34011791,2011-12-10T10:44:11Z
1778,2001-09-14T18:22:18Z
2443,2001-11-03T21:39:20Z
3233,2002-02-25T15:51:15Z
39136,2002-02-14T08:57:29Z
40684,2002-02-25T15:51:15Z
41932,2002-02-26T06:11:03Z
64141,2002-07-24T23:26:56Z
89195,2002-09-22T07:16:17Z
188500,2003-02-26T01:57:42Z
190273,2003-03-01T23:54:32Z
194637,2003-03-11T00:41:00Z
302109,2003-08-22T08:39:58Z
324949,2003-09-22T17:11:15Z
380167,2003-11-26T18:05:07Z
400047,2003-12-13T16:27:34Z
683628,2004-05-27T23:40:16Z
870586,2004-08-01T03:20:03Z
1157448,2004-11-11T12:40:06Z
1406474,2005-01-18T02:29:15Z
1562440,2005-03-08T08:12:33Z
1661177,2005-03-28T21:04:47Z
1795597,2001-09-22T16:22:20Z
1859590,2005-05-08T20:42:56Z
3416422,2005-12-14T10:03:10Z
5183852,2006-05-17T20:48:24Z
13277642,2003-09-03T15:07:56Z
15704862,2008-02-11T17:40:55Z
18327125,2008-07-07T11:27:10Z
19916594,2002-03-05T05:37:11Z
25899022,2010-01-22T01:51:09Z
34248801,2012-01-01T20:26:08Z
34984373,2012-03-06T13:55:49Z
37890774,2012-12-10T20:59:13Z
41475222,2013-12-27T18:45:57Z
48400112,2002-10-09T20:17:14Z
656,2001-10-31T11:58:22Z
899,2001-07-27T16:09:28Z
1198,2001-09-08T16:24:44Z
1797,2001-08-30T21:35:30Z
2308,2001-10-19T19:13:58Z
3038,2001-12-29T15:17:43Z
3263,2002-02-25T15:51:15Z
56239,2002-06-11T20:18:46Z
57555,2002-06-16T10:35:04Z
74555,2002-08-22T01:27:34Z
156998,2002-12-11T21:32:18Z
234658,2003-05-27T02:16:23Z
255798,2003-07-01T00:38:49Z
299813,2003-08-19T13:55:03Z
309333,2003-09-01T17:28:12Z
312881,2003-09-06T16:47:57Z
317524,2003-09-13T14:57:54Z
607577,2004-04-20T06:30:29Z
619594,2004-04-26T08:17:04Z
723408,2004-06-13T20:18:07Z
899474,2004-08-14T05:05:37Z
922939,2004-08-23T12:45:08Z
1009286,2004-09-22T22:14:08Z
1052571,2001-09-13T20:35:46Z
1109279,2004-10-27T21:02:23Z
1411188,2005-01-19T17:05:06Z
5012357,2006-05-04T22:43:41Z
5033373,2006-05-06T16:19:24Z
5786179,2006-07-01T16:23:14Z
10117078,2007-03-18T04:54:06Z
11591432,2007-06-04T18:29:47Z
26157481,2010-02-11T06:23:10Z
31645842,2011-05-01T14:32:13Z
31976793,2011-06-04T02:58:37Z
34251640,2012-01-02T02:24:32Z
43180070,2014-06-30T10:02:41Z
43808044,2014-09-12T17:07:17Z
1537,2001-10-06T20:07:50Z
1909,2002-02-25T15:51:15Z
3205,2002-02-25T15:51:15Z
38413,2002-02-25T15:51:15Z
42353,2002-03-01T12:58:26Z
61338,2001-11-11T18:16:57Z
144602,2002-11-06T10:07:16Z
177092,2003-01-31T09:54:08Z
189373,2003-02-28T05:08:02Z
236137,2003-05-29T06:08:35Z
293079,2003-08-10T06:37:46Z
338699,2003-10-11T08:56:36Z
369482,2003-11-17T01:46:08Z
381794,2003-11-28T11:11:56Z
644443,2004-05-09T17:11:21Z
894921,2004-08-12T11:56:12Z
942048,2004-08-30T00:06:18Z
1281789,2004-12-15T17:16:53Z
1645570,2005-03-25T01:22:03Z
1664060,2005-03-29T10:00:34Z
2020708,2005-06-10T16:41:32Z
5876148,2006-07-08T00:59:03Z
7343746,2006-10-08T00:03:36Z
8286430,2006-12-05T21:42:45Z
10474989,2007-04-05T12:45:17Z
14179835,2007-11-10T20:37:02Z
16453539,2008-03-21T07:43:08Z
18243392,2008-07-02T07:11:50Z
18634614,2008-07-29T17:48:37Z
18729692,2008-08-05T13:55:29Z
26179180,2010-02-12T21:44:37Z
27158894,2001-09-25T22:49:39Z
28734159,2010-09-07T06:32:02Z
54443743,2017-07-02T07:38:17Z
1419,2002-02-25T15:43:11Z
1800,2001-11-03T14:33:59Z
2296,2002-02-25T15:51:15Z
37512,2002-02-03T16:32:08Z
38571,2002-02-10T12:51:32Z
89108,2002-09-22T03:57:18Z
89226,2002-09-22T08:24:13Z
166377,2003-01-07T12:03:21Z
202097,2003-03-27T18:07:54Z
207601,2003-04-08T22:51:25Z
228312,2003-05-17T04:19:56Z
244463,2003-06-12T05:31:28Z
296428,2003-08-14T17:44:24Z
489794,2004-02-26T11:03:57Z
507144,2004-03-05T21:26:21Z
548913,2004-03-24T16:24:13Z
714203,2004-06-10T10:00:49Z
835157,2004-07-17T02:40:34Z
1226674,2004-11-30T12:24:05Z
1312654,2004-12-22T18:32:17Z
1776726,2005-04-21T21:24:08Z
2941992,2005-10-19T06:45:20Z
4460333,2006-03-20T23:49:17Z
4499573,2006-03-24T13:28:39Z
6189822,2006-07-30T21:54:26Z
8932065,2007-01-15T07:13:58Z
10969009,2007-04-29T19:20:55Z
11338826,2007-05-21T14:57:23Z
15548640,2001-12-11T13:10:50Z
21795970,2009-03-03T23:12:53Z
28584333,2010-08-27T19:05:40Z
35470585,2012-04-12T11:34:29Z
44257940,2014-10-30T22:54:28Z
74124313,2023-06-25T06:23:13Z
2082,2001-09-28T20:42:42Z
2130,2001-10-01T21:27:08Z
2819,2001-12-06T15:02:39Z
48814,2002-04-12T09:52:32Z
57763,2002-06-17T08:58:39Z
75047,2002-08-23T03:23:47Z
81212,2002-09-06T09:19:35Z
92635,2002-09-26T23:45:59Z
140289,2002-10-26T05:40:04Z
152552,2002-11-28T00:52:17Z
154711,2002-12-05T04:26:41Z
309452,2003-09-01T19:54:23Z
326279,2003-09-24T18:47:22Z
348230,2003-10-24T00:24:09Z
429475,2004-01-13T12:04:59Z
615752,2004-04-24T13:12:50Z
704287,2004-06-04T21:44:46Z
789126,2004-07-06T19:08:37Z
909402,2004-08-18T12:13:28Z
1044136,2004-10-06T11:48:48Z
1274833,2004-12-14T01:33:17Z
1474961,2005-02-07T00:51:06Z
2108685,2005-06-24T18:46:41Z
2138223,2005-06-29T18:27:56Z
2234553,2005-07-14T19:32:37Z
2518272,2005-08-23T06:51:31Z
3025646,2005-10-29T07:14:57Z
3100319,2005-11-07T10:11:44Z
3424781,2005-12-15T03:30:29Z
3471186,2005-12-19T17:18:21Z
5315016,2006-05-27T19:18:11Z
6540618,2006-08-18T18:16:07Z
8203113,2006-11-30T16:42:13Z
11961883,2007-06-26T15:48:31Z
18728089,2008-08-05T10:56:17Z
21732545,2001-09-26T09:59:17Z
26221003,2010-02-16T15:41:20Z
29637793,2010-11-17T15:46:41Z
38633248,2013-02-25T03:16:45Z
45049676,2015-01-14T14:58:16Z
1193,2001-07-26T21:49:14Z
38449,2002-02-25T15:51:15Z
169509,2003-01-15T21:32:07Z
189055,2003-02-27T08:23:51Z
233529,2003-05-25T08:46:49Z
233942,2003-05-25T23:38:10Z
243890,2003-06-11T09:28:43Z
353023,2003-10-30T10:43:52Z
495153,2004-02-29T15:21:59Z
563403,2004-03-30T00:58:27Z
639009,2004-05-06T18:48:41Z
661103,2004-05-17T17:05:09Z
716672,2004-06-11T08:36:12Z
733141,2004-06-17T21:04:27Z
795050,2004-07-07T20:10:53Z
825931,2004-07-15T02:46:40Z
985619,2004-09-14T19:40:54Z
1356031,2005-01-02T22:38:24Z
1545928,2005-02-26T01:45:21Z
1711396,2005-04-08T22:38:13Z
1968338,2005-05-31T18:12:00Z
2177591,2005-07-06T02:29:53Z
2889394,2005-10-12T09:00:21Z
3073029,2005-11-03T22:46:01Z
3240142,2005-11-25T17:29:22Z
3736752,2006-01-16T05:31:51Z
4510677,2006-03-25T13:49:35Z
5111982,2006-05-12T04:06:33Z
6314748,2006-08-07T17:48:09Z
8529463,2006-12-20T14:25:08Z
10941831,2007-04-28T03:03:29Z
12770646,2007-08-14T20:53:19Z
12974527,2007-08-27T15:02:31Z
14222703,2007-11-13T02:36:24Z
15847948,2007-09-16T14:58:46Z
15967139,2008-02-26T16:33:11Z
16296529,2008-03-14T21:06:22Z
16863697,2008-04-10T14:08:26Z
18506917,2008-07-20T00:54:43Z
19321167,2008-09-14T22:43:39Z
26174362,2010-02-12T12:41:47Z
53575775,2017-03-23T15:58:37Z
572,2001-09-27T02:20:06Z
627,2001-11-08T05:54:21Z
849,2001-11-05T00:46:37Z
45847,2002-01-15T15:17:24Z
74634,2002-08-22T06:58:31Z
153209,2002-11-30T14:48:25Z
171865,2003-01-20T20:39:58Z
186712,2003-02-22T13:30:53Z
186725,2003-02-22T14:21:35Z
216211,2003-04-25T19:08:37Z
216861,2003-04-26T20:11:58Z
233195,2003-05-24T18:59:42Z
241376,2003-06-06T19:52:32Z
242294,2003-06-08T17:23:44Z
261690,2003-07-05T18:37:52Z
764257,2004-06-29T17:53:24Z
1464343,2005-02-04T01:45:37Z
1488463,2005-02-10T04:55:58Z
2097814,2005-06-23T04:29:47Z
2247377,2005-07-16T18:20:41Z
2369672,2005-08-03T12:31:24Z
2704841,2005-09-19T03:39:30Z
2906879,2005-10-14T19:01:18Z
4478799,2006-03-22T18:46:12Z
4631496,2006-04-05T00:24:33Z
6453717,2006-08-14T13:46:08Z
7221088,2006-09-30T16:09:29Z
10934212,2002-04-27T07:33:19Z
10958349,2007-04-29T02:59:33Z
11005995,2007-05-01T18:31:15Z
12877784,2007-08-21T21:28:25Z
16983961,2008-04-17T22:12:16Z
18471728,2008-07-17T06:52:11Z
22395556,2002-02-25T15:51:15Z
23612494,2009-07-15T07:24:32Z
23672379,2004-10-29T05:24:21Z
24739031,2009-10-18T19:28:37Z
29349052,2010-10-25T22:16:13Z
34351523,2012-01-11T21:59:32Z
41800775,2014-01-31T17:19:14Z
48680511,2015-11-29T13:38:38Z
39,2001-12-12T06:16:05Z
624,2001-10-11T22:23:49Z
1014,2001-09-28T18:36:22Z
37329,2002-02-02T06:00:22Z
58005,2002-06-18T14:28:25Z
63539,2002-07-22T21:47:57Z
158681,2002-12-16T17:49:17Z
211273,2003-04-16T02:54:42Z
290053,2003-08-06T02:42:35Z
775,2001-10-30T16:33:41Z
1997,2001-09-25T00:03:49Z
38801,2002-02-11T13:07:19Z
47473,2002-04-03T20:50:55Z
66159,2002-07-31T01:43:03Z
106364,2002-10-17T23:29:07Z
145128,2002-11-08T08:56:54Z
174705,2003-01-26T14:14:37Z
188521,2003-02-26T03:03:45Z
191788,2003-03-04T18:47:01Z
248808,2003-06-18T16:41:16Z
283867,2003-07-29T06:02:57Z
402688,2003-12-15T11:55:09Z
404001,2003-12-16T08:05:24Z
598500,2004-04-15T16:51:07Z
644646,2004-05-09T19:26:45Z
1217120,2004-11-28T02:12:52Z
1620216,2005-03-18T22:26:28Z
2829647,2005-10-04T04:22:34Z
4174517,2006-02-23T19:06:44Z
9501827,2007-02-14T14:44:27Z
14835582,2007-12-22T09:11:26Z
17314682,2008-05-07T23:29:31Z
18716923,2001-09-03T19:33:35Z
20846707,2008-12-26T17:36:42Z
48534262,2015-11-12T15:21:14Z
51411922,2016-08-24T20:08:51Z
52801963,2017-01-07T19:30:14Z
71420582,2022-07-30T14:46:04Z
639,2001-09-30T11:03:01Z
1187,2001-07-27T14:39:01Z
1834,2001-10-30T19:43:22Z
1911,2001-09-14T20:02:51Z
2120,2001-10-02T18:33:49Z
2761,2001-12-01T09:30:27Z
2763,2002-02-25T15:43:11Z
37411,2001-12-22T15:38:48Z
55313,2002-06-07T10:03:08Z
58859,2002-06-22T13:03:09Z
106256,2002-10-17T17:59:51Z
183243,2003-02-14T18:45:13Z
183691,2003-02-15T22:59:58Z
192230,2003-03-05T21:07:39Z
246018,2003-06-14T11:19:59Z
254790,2003-06-29T05:22:04Z
291166,2003-08-07T15:03:10Z
412753,2003-12-24T04:16:09Z
462030,2004-02-09T13:10:24Z
478097,2004-02-20T11:45:25Z
914159,2004-08-20T05:32:42Z
1342401,2004-12-30T00:14:16Z
1374870,2005-01-08T18:07:41Z
1991387,2005-06-04T22:36:16Z
2093589,2005-06-22T16:33:56Z
3223960,2005-11-23T08:20:18Z
8924093,2007-01-14T20:26:02Z
15318146,2008-01-19T22:44:55Z
17464907,2008-05-16T23:46:22Z
20174546,2008-11-12T01:59:54Z
30892813,2011-02-16T17:42:39Z
44732699,2014-12-15T20:08:17Z
904,2001-10-28T19:54:51Z
981,2001-06-05T23:21:44Z
1267,2002-02-25T15:51:15Z
1845,2001-09-26T22:48:32Z
42986,2002-03-05T19:21:53Z
47476,2002-04-03T20:55:03Z
59211,2002-06-24T15:41:38Z
68640,2002-08-07T07:37:50Z
193294,2003-03-08T04:00:53Z
223352,2003-05-08T14:40:04Z
243513,2003-06-10T16:26:41Z
295833,2003-08-13T21:03:34Z
351908,2003-10-29T00:39:52Z
645892,2004-05-10T09:57:06Z
1362114,2005-01-04T18:04:55Z
2999955,2005-10-26T03:05:10Z
5021571,2006-05-05T17:20:06Z
5021791,2006-05-05T17:37:23Z
5489512,2006-06-09T07:33:17Z
6042277,2006-07-20T14:04:11Z
6600576,2006-08-21T22:44:49Z
18970691,2008-08-21T22:55:09Z
20561282,2008-12-05T21:49:43Z
21787470,2002-02-05T09:01:12Z
26229844,2010-02-17T04:09:49Z
28730849,2003-03-14T03:49:50Z
748,2001-10-14T22:26:49Z
1372,2001-11-06T02:59:36Z
1542,2001-08-21T12:59:03Z
1890,2001-10-04T21:53:21Z
141888,2002-07-25T09:03:45Z
255474,2003-06-30T13:44:07Z
1159331,2004-11-11T22:53:48Z
1256241,2004-12-08T16:54:20Z
2370788,2005-08-03T15:57:51Z
3269773,2005-11-29T02:53:23Z
3809994,2006-01-22T17:35:15Z
4541160,2006-03-28T05:28:22Z
4751128,2006-04-14T21:09:31Z
5022681,2006-05-05T19:04:16Z
5022827,2006-05-05T19:17:46Z
8050391,2006-11-21T14:45:49Z
1207,2001-10-28T17:24:02Z
1365,2001-10-20T23:55:30Z
1412,2001-09-02T20:47:24Z
1422,2001-08-14T00:26:30Z
1980,2001-11-02T16:52:52Z
2866,2001-12-10T15:26:06Z
49725,2002-04-19T18:59:03Z
56637,2002-06-13T19:53:41Z
69079,2002-08-07T20:43:39Z
96590,2002-09-30T08:31:28Z
160911,2002-12-23T04:37:35Z
293336,2003-08-10T16:58:51Z
1156934,2004-11-11T06:21:14Z
1532886,2005-02-21T15:41:49Z
1536137,2005-02-23T09:25:03Z
2053693,2005-06-15T23:13:18Z
2087966,2005-06-21T20:13:07Z
2088157,2005-06-21T20:40:55Z
2088217,2005-06-21T20:49:40Z
2875860,2005-10-10T12:59:42Z
3167641,2005-11-15T16:24:09Z
4329882,2006-03-09T11:01:18Z
4386419,2006-03-14T05:46:15Z
12618411,2007-08-05T00:03:18Z
621,2001-03-07T21:39:43Z
634,2001-03-23T18:31:25Z
772,2001-08-09T23:36:23Z
844,2001-10-14T20:58:36Z
993,2001-06-08T21:49:41Z
1134,2001-07-05T16:12:42Z
1140,2001-10-22T10:18:04Z
2230,2001-10-12T20:24:28Z
2889,2001-12-12T16:39:38Z
3252,2002-02-25T15:43:11Z
9931,2002-02-25T15:51:15Z
37649,2002-02-04T12:15:00Z
40367,2002-02-22T20:42:49Z
54061,2002-05-29T15:06:57Z
59243,2002-06-24T18:11:15Z
82379,2002-09-08T19:26:58Z
92640,2002-09-26T23:47:23Z
161293,2002-12-24T11:13:08Z
199304,2003-03-20T23:44:01Z
305413,2003-08-27T01:54:25Z
326777,2003-09-25T09:09:05Z
336138,2003-10-07T10:43:07Z
404926,2003-12-16T23:44:42Z
405746,2003-12-17T16:17:16Z
435420,2004-01-19T10:24:00Z
455177,2004-02-04T23:46:05Z
466744,2004-02-13T03:54:15Z
759264,2004-06-27T23:03:14Z
1501131,2005-02-13T18:00:24Z
1545608,2005-02-25T23:03:05Z
1711318,2005-04-08T22:12:32Z
1867079,2005-05-10T13:39:46Z
2099596,2005-06-23T12:10:59Z
2943368,2005-10-19T11:35:30Z
6995304,2006-09-14T22:08:29Z
8032763,2006-11-20T15:22:21Z
9723668,2007-02-26T02:09:51Z
15868921,2008-02-20T23:56:34Z
17410813,2008-05-13T20:48:56Z
27119265,2010-04-26T18:29:46Z
674,2001-03-21T18:04:22Z
713,2001-03-26T23:14:10Z
2202,2001-10-15T22:30:11Z
2408,2001-11-12T10:32:12Z
61478,2002-07-11T14:25:49Z
63563,2002-07-22T23:33:29Z
66540,2002-08-01T07:59:36Z
74240,2002-08-21T06:37:20Z
102328,2002-10-10T21:45:22Z
148363,2002-11-17T22:12:18Z
168041,2003-01-11T19:29:22Z
174850,2003-01-26T20:40:21Z
236666,2003-05-29T23:28:19Z
251513,2003-06-23T08:56:17Z
285239,2003-07-31T10:51:28Z
294656,2003-08-12T08:27:29Z
454450,2004-02-04T11:58:12Z
487132,2004-02-24T22:31:28Z
524568,2004-03-13T22:50:06Z
3479881,2005-12-20T13:11:56Z
4385475,2006-03-14T04:03:58Z
5758239,2006-06-29T12:55:30Z
13280365,2007-09-15T18:46:14Z
1196,2001-11-13T03:26:51Z
2839,2001-12-08T18:54:36Z
2994,2001-12-22T20:55:12Z
65862,2002-07-30T00:06:49Z
65926,2002-07-30T05:20:20Z
65927,2002-07-30T05:21:37Z
65929,2002-07-30T05:22:35Z
74331,2002-08-21T12:53:28Z
199829,2003-03-22T08:28:21Z
219640,2003-01-16T07:35:30Z
230428,2003-05-20T10:21:02Z
232102,2003-05-22T22:36:53Z
268397,2003-07-15T21:59:47Z
270792,2003-07-17T20:18:57Z
417068,2004-01-01T00:26:06Z
425938,2004-01-10T01:29:44Z
467035,2004-02-13T09:29:08Z
481925,2004-02-22T12:17:19Z
518397,2004-03-10T23:14:11Z
1132756,2004-11-04T21:11:08Z
1584829,2005-03-09T02:13:22Z
1959630,2005-05-29T19:20:27Z
2374165,2005-08-04T01:30:31Z
2590921,2005-09-01T11:58:11Z
3734085,2006-01-15T23:57:22Z
3797203,2006-01-21T17:29:40Z
3889879,2006-01-30T00:33:46Z
9585510,2006-01-09T19:43:39Z
11039790,2001-03-29T04:52:19Z
19743970,2008-10-12T13:51:20Z
25739045,2002-11-19T14:15:54Z
41757248,2004-04-18T06:33:55Z
48934114,2015-12-28T19:27:10Z
48934192,2015-12-28T19:39:55Z
777,2001-04-07T03:25:32Z
2392,2002-02-25T15:43:11Z
2926,2001-12-16T01:20:54Z
3076,2002-02-25T15:43:11Z
175596,2003-01-28T07:08:50Z
187317,2003-02-23T14:33:02Z
189556,2003-02-28T15:59:48Z
245791,2003-06-14T01:08:52Z
287668,2003-08-04T06:08:05Z
336880,2003-10-08T17:07:58Z
346133,2003-10-21T07:30:04Z
438275,2004-01-21T22:57:39Z
551340,2004-03-25T14:31:36Z
582127,2004-04-07T15:15:29Z
760606,2004-06-28T07:49:04Z
804755,2004-07-11T02:20:37Z
993227,2004-09-17T12:50:57Z
1277885,2004-12-14T20:53:57Z
2324593,2005-07-28T04:09:36Z
2386211,2005-08-05T18:15:48Z
2407422,2005-08-08T18:05:00Z
2563102,2005-08-28T20:38:18Z
2697806,2005-09-17T22:21:12Z
3307512,2005-12-03T04:43:43Z
3720388,2006-01-14T16:07:37Z
4340750,2006-03-10T09:05:43Z
4885668,2006-04-25T02:07:05Z
7990093,2006-11-17T21:11:18Z
8010519,2006-11-19T04:40:31Z
18862077,2008-08-14T15:11:45Z
18959138,2001-03-30T11:55:19Z
20871763,2008-12-28T23:44:35Z
22661773,2009-05-03T06:04:14Z
23589515,2009-07-13T05:54:14Z
40036138,2002-08-01T18:34:08Z
569,2001-11-02T11:20:05Z
898,2001-05-17T13:34:00Z
1317,2001-10-13T15:24:19Z
1327,2001-08-07T15:40:19Z
1805,2001-11-09T12:47:35Z
1915,2001-09-14T20:17:27Z
2362,2001-10-26T15:58:30Z
2493,2001-11-07T16:13:49Z
2823,2001-12-07T19:31:23Z
37854,2002-02-05T13:07:13Z
39445,2002-02-17T08:01:28Z
301670,2003-08-21T19:50:31Z
470457,2004-02-15T14:25:07Z
562839,2004-03-29T20:01:23Z
938631,2004-08-28T23:24:21Z
965323,2004-09-07T08:28:48Z
1345538,2004-12-30T23:45:55Z
1396650,2005-01-14T20:27:50Z
2710640,2004-02-18T01:03:05Z
2906945,2005-10-14T19:11:29Z
3276019,2005-11-29T20:59:48Z
3552463,2005-12-28T22:45:21Z
3625464,2006-01-05T12:25:04Z
5811768,2006-07-03T14:17:50Z
5886405,2006-07-08T23:15:01Z
7762392,2006-11-03T20:17:59Z
7923922,2006-11-13T22:57:19Z
922,2001-05-20T16:57:43Z
1461,2001-09-24T12:17:44Z
1962,2001-10-02T23:32:48Z
2088,2001-09-29T01:02:09Z
2089,2001-09-29T01:04:09Z
2500,2001-11-08T04:18:48Z
2870,2001-12-10T21:23:19Z
47474,2002-04-03T20:51:03Z
48908,2002-04-13T00:10:44Z
87872,2002-09-19T22:34:48Z
99611,2002-10-05T10:32:24Z
151932,2002-11-26T10:51:03Z
351249,2003-10-28T00:59:44Z
400671,2003-12-14T01:51:44Z
779059,2004-07-04T08:55:04Z
1069590,2004-10-15T04:13:59Z
1431051,2005-01-25T18:33:23Z
1914468,2005-05-20T11:08:30Z
2044142,2005-06-14T13:04:37Z
2571015,2005-08-29T21:54:46Z
2867539,2005-10-09T05:13:40Z
4220091,2006-02-27T22:16:15Z
4315132,2005-01-18T12:33:22Z
6022079,2006-07-19T00:54:22Z
6769999,2006-08-30T19:07:28Z
17948325,2008-06-15T04:35:37Z
21554256,2006-11-17T09:43:56Z
803,2001-09-25T01:10:58Z
903,2002-02-25T15:51:15Z
1634,2002-02-25T15:43:11Z
3162,2002-01-10T14:36:03Z
38751,2002-02-11T02:59:00Z
47481,2002-04-03T21:07:21Z
62929,2002-07-20T08:53:11Z
64243,2002-07-25T07:11:32Z
88213,2002-09-20T13:20:02Z
106240,2002-10-17T17:27:22Z
151922,2002-11-26T10:12:50Z
183970,2003-02-16T13:46:32Z
336271,2003-10-07T16:12:31Z
419386,2004-01-03T19:56:26Z
454746,2004-02-04T18:04:04Z
466801,2004-02-13T05:13:26Z
474695,2004-02-18T10:16:46Z
640422,2004-05-07T12:18:27Z
1092713,2004-10-22T18:53:37Z
1806573,2005-04-27T20:26:19Z
2575334,2005-08-30T13:03:03Z
2641938,2005-09-08T18:08:43Z
3537993,2005-12-27T10:55:39Z
4276168,2002-05-06T21:45:52Z
4562815,2006-03-30T02:17:26Z
5723938,2006-06-27T00:36:41Z
5944849,2006-07-13T06:59:03Z
15893057,2008-02-22T10:52:54Z
16364229,2008-03-18T02:22:06Z
24295969,2001-08-01T04:41:26Z
25435160,2009-12-14T20:39:13Z
33871120,2011-11-26T10:46:17Z
911,2001-07-09T10:53:39Z
1209,2002-02-25T15:43:11Z
2864,2001-12-10T12:44:13Z
36971,2002-01-29T04:41:21Z
37836,2002-02-05T12:18:09Z
48557,2002-04-10T08:49:12Z
52070,2002-05-15T00:43:09Z
53686,2002-05-27T02:47:08Z
67893,2002-08-05T05:55:26Z
237122,2003-05-30T19:22:13Z
333420,2003-10-03T00:17:20Z
642871,2004-05-08T19:39:24Z
714055,2004-06-10T07:43:05Z
866601,2004-07-30T03:10:15Z
1150833,2004-11-09T23:50:19Z
1277797,2004-12-14T20:34:50Z
1898401,2003-09-27T22:36:30Z
3036868,2005-10-30T16:08:28Z
5389424,2006-06-02T08:40:18Z
6078485,2006-07-23T05:55:41Z
12101857,2007-07-05T17:25:09Z
18951556,2001-08-04T11:28:42Z
19179592,2001-11-04T04:05:36Z
19278728,2001-09-23T12:51:33Z
19480112,2008-09-26T11:19:10Z
21296224,2001-10-26T01:02:43Z
27663621,2010-06-10T01:27:31Z
28130762,2010-07-23T17:56:12Z
38364510,2013-01-29T16:49:27Z
40036297,2001-03-27T18:15:37Z
40659364,2013-09-29T05:31:54Z
56910813,2018-03-22T14:32:06Z
612,2001-03-04T00:06:25Z
896,2001-05-17T12:55:38Z
1313,2001-10-01T18:48:40Z
2217,2001-10-11T17:27:26Z
3090,2002-01-02T03:46:16Z
3118,2002-01-05T22:00:55Z
3170,2002-01-12T14:56:24Z
47011,2002-04-01T07:03:35Z
53238,2002-05-24T03:59:44Z
63550,2002-07-22T22:02:00Z
99163,2002-10-04T08:23:55Z
168389,2003-01-12T22:20:38Z
239836,2003-06-04T05:55:34Z
817041,2004-07-13T17:49:54Z
975450,2004-09-11T00:53:57Z
1245135,2004-12-05T13:39:50Z
1254615,2004-12-08T02:19:10Z
1701057,2005-04-06T17:15:24Z
1973177,2005-06-01T18:44:13Z
3297107,2005-12-02T01:29:39Z
7349929,2006-10-08T12:19:47Z
7661439,2006-10-28T10:41:30Z
17584701,2008-05-24T00:12:51Z
18243381,2008-07-02T07:10:33Z
23834912,2009-08-02T12:15:25Z
25611728,2001-11-15T02:38:21Z
27046146,2001-03-13T01:12:12Z
28190786,2010-07-29T10:57:52Z
31951008,2011-06-01T12:57:08Z
32842052,2011-08-23T14:51:38Z
36638816,2012-08-05T12:08:42Z
50687392,2016-05-31T16:48:10Z
62253946,2011-10-10T01:00:26Z
897,2001-08-28T05:35:55Z
1776,2001-08-27T23:20:33Z
36790,2002-01-27T18:46:35Z
48203,2002-04-08T05:07:40Z
89425,2002-09-22T18:02:12Z
238525,2003-06-01T19:23:54Z
479444,2004-02-21T02:30:36Z
526753,2004-03-14T21:11:14Z
584894,2004-04-09T01:58:34Z
1519419,2005-02-18T02:40:15Z
2067748,2005-06-18T14:01:38Z
2107386,2005-06-24T14:46:23Z
2390624,2005-08-06T09:11:56Z
2746898,2005-09-24T15:26:33Z
3531857,2005-12-26T19:18:08Z
5023057,2006-05-05T19:35:36Z
5023787,2006-05-05T20:41:40Z
5023862,2006-05-05T20:50:03Z
6303113,2006-08-06T22:37:31Z
14865559,2007-12-24T18:11:25Z
16102415,2008-03-05T07:36:07Z
17291837,2008-05-06T16:07:58Z
17291981,2008-05-06T16:19:36Z
1164,2001-10-08T16:55:49Z
2508,2001-11-09T15:01:43Z
2752,2001-11-30T13:55:33Z
2756,2001-11-30T16:53:49Z
46742,2002-03-30T11:41:49Z
63540,2002-07-22T21:50:37Z
63548,2002-07-22T21:59:43Z
150184,2002-11-23T13:57:14Z
195552,2003-03-13T04:37:05Z
272456,2003-07-19T11:41:47Z
349771,2003-10-25T22:32:25Z
483655,2004-02-23T05:03:59Z
489273,2004-02-26T01:46:02Z
518509,2004-03-11T00:17:15Z
529874,2004-03-16T03:46:59Z
586357,2004-04-09T21:10:09Z
653283,2003-11-07T03:59:41Z
1281802,2004-12-15T17:21:29Z
1589987,2005-03-10T14:20:57Z
1608441,2005-03-15T04:50:08Z
4682545,2006-04-09T07:45:00Z
7872324,2006-11-10T16:12:45Z
10564490,2007-04-09T23:15:58Z
17721108,2008-06-01T19:11:20Z
52588198,2016-12-14T22:11:30Z
53352429,2017-03-01T21:56:26Z
54008163,2017-05-10T05:21:54Z
59539440,2019-01-01T04:40:45Z
72771661,2023-01-17T05:06:40Z
580,2001-09-16T11:06:45Z
664,2001-10-09T05:59:41Z
791,2001-11-05T01:13:53Z
901,2001-05-17T14:44:19Z
1181,2001-07-26T09:58:34Z
1368,2001-08-10T08:12:02Z
1525,2001-11-06T16:57:37Z
2122,2001-10-09T20:51:14Z
2787,2001-12-03T17:27:22Z
3134,2002-01-06T20:23:00Z
37556,2002-02-03T20:34:41Z
44905,2002-03-18T18:41:50Z
47264,2002-04-02T21:09:28Z
71268,2002-08-13T14:37:00Z
95154,2002-09-29T02:14:27Z
145329,2002-11-08T23:22:15Z
145717,2002-11-10T08:36:02Z
234018,2003-05-26T02:19:16Z
1028265,2004-09-30T00:30:53Z
1525710,2005-02-19T18:04:36Z
1571731,2005-03-05T12:35:39Z
2252629,2005-07-17T16:30:32Z
2701177,2005-09-18T12:23:42Z
3859682,2006-01-27T02:58:53Z
3868248,2006-01-27T22:45:08Z
4089295,2006-02-16T04:04:35Z
6570919,2004-11-10T10:55:00Z
969,2001-06-03T15:07:25Z
1210,2001-09-22T14:18:58Z
1216,2001-10-09T06:15:23Z
47429,2001-11-21T03:07:49Z
50650,2001-11-13T22:28:09Z
84121,2002-09-11T21:08:28Z
85385,2002-09-14T18:43:01Z
143115,2002-11-01T21:15:51Z
206542,2003-04-06T20:27:32Z
267362,2003-07-14T12:40:52Z
273679,2003-07-20T16:48:33Z
344913,2003-10-19T20:08:00Z
361897,2003-11-09T23:12:35Z
602790,2004-04-17T21:26:54Z
641995,2004-05-08T05:30:07Z
642090,2004-05-08T07:50:49Z
1146115,2004-11-08T21:27:37Z
1627162,2005-03-20T15:45:00Z
1742971,2005-04-15T04:49:06Z
2084474,2005-06-21T08:52:20Z
2624555,2005-09-06T04:13:14Z
2930244,2005-10-17T21:27:22Z
3373620,2005-12-10T00:29:05Z
5097491,2006-05-11T01:24:09Z
7035802,2006-09-17T20:34:28Z
15374087,2008-01-23T02:59:15Z
25101402,2009-11-16T17:57:49Z
25135168,2009-11-19T17:36:22Z
26024794,2010-02-01T08:17:06Z
40806572,2013-10-16T03:17:03Z
52297430,2016-11-16T16:46:33Z
673,2001-09-15T20:47:21Z
902,2001-10-01T07:52:27Z
1200,2001-07-27T03:06:07Z
1206,2001-09-26T06:26:37Z
45294,2002-03-21T11:50:15Z
47484,2002-04-03T21:15:07Z
47486,2002-04-03T21:17:01Z
48579,2002-04-10T13:33:36Z
48900,2002-04-12T22:20:20Z
164633,2003-01-03T16:41:43Z
202898,2003-03-29T08:30:24Z
202899,2003-03-29T08:30:59Z
433085,2004-01-16T21:15:24Z
706999,2004-06-06T02:30:03Z
801420,2004-07-09T21:00:02Z
1317246,2004-12-23T17:26:53Z
1784072,2005-04-23T08:15:53Z
2222635,2005-07-13T00:59:35Z
2225073,2005-07-13T11:09:24Z
3436583,2005-12-16T02:04:23Z
4909834,2006-04-26T23:46:48Z
5145147,2006-05-14T21:35:37Z
5321016,2006-05-28T06:53:16Z
5444216,2006-06-06T04:28:27Z
10151726,2007-03-20T00:32:51Z
11963992,2007-06-26T18:46:25Z
19604151,2004-06-03T01:37:13Z
19916559,2002-05-31T16:49:48Z
20869694,2003-09-27T00:55:29Z
29708565,2010-11-23T00:22:37Z
30042225,2010-12-14T01:11:55Z
31313352,2011-03-27T15:55:06Z
35997283,2012-05-31T20:37:31Z
69643278,2021-12-31T20:00:45Z
2316,2001-10-22T12:34:50Z
2322,2001-11-12T09:10:22Z
40735,2002-02-25T15:43:11Z
64976,2002-07-26T13:39:55Z
66785,2002-08-02T02:26:03Z
68753,2002-08-07T10:28:29Z
85436,2002-09-14T20:47:45Z
85631,2002-09-15T04:52:14Z
224700,2003-05-10T18:32:21Z
344142,2003-10-18T19:02:46Z
347002,2003-10-22T11:00:08Z
363483,2003-11-11T14:02:21Z
370157,2003-11-17T13:38:43Z
438272,2004-01-21T22:57:08Z
827963,2004-07-15T22:28:57Z
856321,2004-07-25T12:07:51Z
884589,2004-08-08T00:08:51Z
1050386,2004-10-08T19:57:56Z
1317242,2004-12-23T17:25:50Z
1544374,2005-02-25T15:07:52Z
2195326,2005-07-08T19:18:32Z
2555800,2002-06-17T12:07:29Z
3023194,2005-10-28T22:46:33Z
3260249,2005-11-28T02:40:12Z
4958509,2006-04-30T19:33:52Z
5570588,2006-06-15T08:17:35Z
5885283,2006-07-08T21:29:06Z
12184926,2007-07-10T14:04:57Z
12328822,2007-07-19T16:48:17Z
13911207,2007-10-25T17:26:01Z
20515591,2008-12-02T14:39:47Z
21189305,2004-04-15T03:58:38Z
2546,2001-11-16T22:02:49Z
2724,2001-11-27T21:12:54Z
45442,2002-03-22T12:02:36Z
47967,2002-04-06T14:53:58Z
93842,2002-09-28T15:43:06Z
103356,2002-10-13T18:30:43Z
170653,2003-01-18T15:08:07Z
233317,2003-05-24T22:19:46Z
234062,2003-05-26T04:07:15Z
316737,2003-09-12T12:08:23Z
322840,2003-09-20T15:42:17Z
454837,2004-02-04T19:34:57Z
581091,2004-04-07T00:54:48Z
684037,2004-05-28T03:24:22Z
1183512,2004-11-18T13:39:09Z
1406260,2005-01-18T01:08:36Z
1505641,2005-02-14T19:38:48Z
1836629,2005-05-03T23:04:23Z
2884728,2005-10-11T18:27:56Z
4689264,2001-11-04T13:33:21Z
6836612,2006-09-04T09:11:50Z
9363315,2007-02-07T09:17:06Z
19468046,2002-02-24T13:42:59Z
22241678,2009-04-01T20:32:43Z
28938783,2010-09-24T18:30:57Z
29113700,2004-03-25T10:16:43Z
30350056,2011-01-07T05:58:27Z
31976229,2011-06-04T01:03:54Z
33613879,2011-11-02T12:26:32Z
34480714,2012-01-24T12:34:58Z
55843837,2017-11-20T13:35:56Z
73566219,2023-04-16T19:39:45Z
3049,2001-12-30T05:13:53Z
40760,2002-02-25T13:39:41Z
48049,2002-02-24T04:47:20Z
58422,2002-06-20T13:53:27Z
60167,2002-07-02T22:27:15Z
166189,2003-01-06T23:31:40Z
173354,2003-01-23T15:46:04Z
173578,2003-01-24T01:55:06Z
191145,2003-03-03T00:07:53Z
243420,2003-06-10T12:29:32Z
314708,2003-09-09T08:24:55Z
344242,2003-10-18T21:53:23Z
351882,2003-10-28T23:45:53Z
554666,2004-03-26T17:14:05Z
610752,2004-04-21T22:17:31Z
658223,2004-05-16T10:43:21Z
779651,2004-07-04T14:33:29Z
1080101,2004-10-18T17:40:37Z
1434444,2005-01-26T18:45:11Z
1701388,2005-04-06T18:46:34Z
1885043,2004-08-31T03:09:54Z
3049980,2005-11-01T01:48:28Z
3422207,2005-12-14T22:52:04Z
3438648,2005-12-16T05:32:10Z
3438662,2005-12-16T05:33:04Z
3958005,2006-02-04T18:03:29Z
4216591,2006-02-27T15:49:19Z
5977620,2006-07-15T17:52:23Z
14527587,2007-12-02T18:42:54Z
18787943,2008-08-09T20:33:57Z
23613008,2009-07-15T08:46:27Z
25086118,2002-09-30T22:31:23Z
44455145,2014-11-20T09:52:13Z
928,2001-11-01T08:27:33Z
958,2001-05-27T21:06:55Z
2039,2001-09-26T13:58:55Z
4015,2001-09-28T18:34:24Z
4473,2001-10-27T13:13:13Z
41545,2001-10-03T22:39:04Z
47487,2002-04-03T21:21:08Z
56778,2002-06-13T22:44:09Z
72576,2002-08-16T15:38:18Z
91173,2002-09-25T10:35:44Z
160573,2002-12-22T13:05:35Z
188401,2003-02-25T21:48:19Z
211941,2003-04-17T12:33:24Z
216254,2003-04-25T19:49:49Z
238680,2003-06-02T00:33:28Z
248135,2003-06-17T18:54:29Z
250336,2003-06-20T19:10:54Z
304566,2003-08-25T20:20:33Z
335054,2003-10-05T06:41:20Z
532573,2004-03-17T11:37:45Z
674133,2004-05-23T08:03:45Z
767600,2004-06-30T21:09:04Z
991893,2004-09-16T23:19:53Z
1139893,2004-11-07T00:42:03Z
1145733,2004-11-08T19:01:07Z
2330286,2005-07-28T23:21:40Z
2374342,2005-08-04T02:09:03Z
3616729,2006-01-04T16:37:16Z
8120814,2006-11-25T23:13:11Z
14175585,2007-11-10T15:33:41Z
20494183,2008-12-01T03:53:23Z
23755725,2009-07-27T00:28:27Z
25340705,2009-12-06T23:03:10Z
42647449,2014-05-02T16:38:46Z
62026514,2019-10-10T16:19:45Z
70952455,2022-06-05T22:32:41Z
71889610,2022-10-01T22:32:48Z
4185,2001-09-14T20:48:51Z
4459,2001-10-18T09:03:41Z
4882,2002-02-25T15:51:15Z
58475,2002-06-20T15:30:53Z
153807,2002-12-02T03:09:25Z
185615,2003-02-20T09:15:33Z
229603,2003-05-19T02:47:33Z
284369,2003-07-29T17:38:38Z
530916,2004-03-16T17:23:06Z
568967,2004-04-01T08:48:34Z
863668,2004-07-28T18:51:09Z
910147,2004-08-18T19:14:52Z
1040374,2004-10-04T23:17:37Z
1360091,2005-01-04T00:26:53Z
1593265,2005-03-11T08:20:48Z
2060912,2005-06-17T05:31:46Z
2712792,2005-09-20T06:07:14Z
4132489,2006-02-19T22:54:55Z
4536514,2006-03-27T21:07:06Z
6769980,2006-08-30T19:06:11Z
9028799,2001-10-16T14:37:02Z
10058792,2007-03-14T22:33:49Z
14290091,2007-11-17T18:02:05Z
14408484,2007-11-24T20:48:39Z
17143970,2008-04-27T16:16:43Z
21068988,2002-10-22T10:03:16Z
23197075,2009-06-12T21:14:36Z
23589593,2009-07-13T06:07:38Z
26573605,2010-03-16T06:52:43Z
28994544,2010-09-29T18:52:50Z
29859990,2010-12-02T22:28:57Z
29990382,2010-12-09T20:06:20Z
46465898,2015-04-20T22:25:49Z
61611328,2019-08-26T18:32:01Z
68090344,2021-06-30T16:12:43Z
68103099,2021-07-01T08:59:03Z
3950,2001-07-25T23:45:22Z
3967,2001-07-27T00:48:27Z
4810,2001-12-14T11:54:02Z
38025,2002-02-06T20:22:22Z
40767,2002-02-25T15:51:15Z
55406,2002-06-07T21:14:15Z
100374,2002-10-07T07:04:15Z
154748,2002-12-05T08:29:48Z
183584,2003-02-15T16:03:18Z
194422,2003-03-10T10:32:32Z
198101,2003-03-18T12:20:30Z
212094,2003-04-17T21:49:01Z
239021,2003-06-02T18:03:50Z
254930,2003-01-03T16:04:41Z
296399,2003-08-14T17:10:37Z
317064,2003-09-12T23:12:43Z
380487,2003-11-27T01:39:19Z
415893,2003-12-30T15:56:08Z
607470,2004-04-20T04:58:07Z
809005,2004-07-12T01:58:11Z
867145,2004-07-30T11:38:49Z
1233526,2004-12-02T08:53:27Z
1489332,2005-02-10T09:52:55Z
1637752,2005-03-23T02:27:04Z
1897997,2005-05-17T02:12:59Z
2519512,2005-08-23T12:19:14Z
2701370,2005-09-18T13:33:03Z
2953445,2005-10-20T14:32:03Z
2977685,2005-10-23T09:31:49Z
4815926,2006-04-19T23:15:20Z
6142621,2006-07-27T15:23:50Z
7214218,2006-09-30T01:11:04Z
7228803,2006-09-30T23:07:11Z
14003441,2007-10-31T14:58:43Z
14647485,2007-12-10T20:10:07Z
15612827,2008-02-05T22:06:35Z
19819368,2008-10-17T16:48:43Z
29126119,2001-12-10T22:52:45Z
30865936,2005-06-08T03:17:10Z
35191618,2012-03-23T06:37:17Z
37273924,2012-10-09T18:00:51Z
38544280,2012-01-10T17:22:44Z
3757,2001-05-17T14:10:34Z
42274,2002-02-28T19:15:58Z
89332,2002-09-22T14:21:31Z
118737,2002-10-21T15:14:31Z
166371,2003-01-07T11:42:14Z
170396,2003-01-17T22:57:39Z
208286,2003-04-10T13:12:47Z
251705,2003-06-23T17:40:40Z
393311,2003-12-08T15:38:09Z
570723,2004-04-02T02:27:31Z
601816,2004-04-17T06:40:10Z
704498,2004-06-04T23:47:41Z
740874,2004-06-21T13:23:30Z
740875,2004-06-21T13:23:50Z
987792,2004-09-15T12:48:00Z
1112725,2004-10-28T21:53:05Z
2156280,2005-07-02T14:35:37Z
2646080,2005-09-09T09:42:55Z
2739469,2005-09-23T18:29:01Z
3219865,2005-11-22T18:52:26Z
3221992,2005-11-23T00:59:40Z
4623897,2006-04-04T09:53:54Z
6813544,2006-09-02T18:27:58Z
7635377,2006-10-26T18:55:12Z
14548620,2007-12-04T01:34:15Z
22016602,2009-03-17T08:17:29Z
22623943,2009-04-30T03:08:46Z
23424772,2009-06-29T01:45:18Z
30107409,2010-12-19T01:55:17Z
34412524,2012-01-17T20:39:20Z
37091799,2012-09-22T20:42:45Z
37924376,2012-12-14T01:28:09Z
38195892,2013-01-11T11:57:47Z
38331206,2013-01-25T23:35:37Z
40951771,2013-11-01T23:35:29Z
41332950,2013-12-11T02:32:25Z
42302714,2014-03-25T05:48:41Z
49191413,2016-01-22T20:47:40Z
55341166,2017-09-25T13:06:09Z
68704780,2021-09-12T07:01:40Z
4584,2001-11-09T02:47:14Z
43534,2002-03-09T20:42:24Z
47488,2002-04-03T21:24:33Z
52994,2002-05-22T19:27:12Z
99026,2002-10-04T02:22:16Z
140459,2002-10-26T18:11:18Z
301647,2003-08-21T19:20:50Z
349735,2003-10-25T21:50:00Z
351463,2003-10-28T07:54:04Z
462396,2004-02-09T19:43:58Z
464770,2004-02-11T11:07:01Z
488582,2004-02-25T18:20:28Z
562788,2004-03-29T19:28:55Z
618699,2004-04-25T22:15:06Z
633144,2004-05-03T18:01:33Z
861530,2004-07-27T19:05:27Z
909556,2004-08-18T14:30:17Z
912113,2004-08-19T15:24:25Z
1485232,2005-02-09T13:40:52Z
1526681,2005-02-19T23:08:52Z
1614121,2005-03-17T12:05:16Z
2288657,2005-07-22T19:00:26Z
3821300,2006-01-23T19:04:14Z
13428778,2007-09-25T07:53:07Z
19539839,2007-07-27T14:34:33Z
22696802,2009-05-05T22:54:33Z
29635567,2010-11-17T10:03:12Z
41557739,2014-01-05T20:12:42Z
41561062,2014-01-06T04:22:01Z
44253151,2014-10-30T12:18:31Z
50480038,2016-05-08T17:58:08Z
75544607,2023-12-12T12:07:54Z
3738,2001-05-13T19:34:12Z
4890,2001-03-24T16:29:04Z
18420,2001-05-28T04:14:22Z
40630,2002-02-25T05:04:05Z
40688,2002-02-25T13:46:23Z
49555,2002-04-18T06:48:10Z
49569,2002-04-18T08:46:07Z
49571,2002-04-18T09:30:57Z
50909,2002-04-30T15:29:21Z
54675,2002-06-02T11:21:47Z
153500,2002-12-01T06:18:21Z
203996,2003-03-31T11:23:07Z
243763,2003-06-11T03:28:42Z
246010,2003-06-14T10:52:14Z
404412,2003-12-16T16:42:35Z
424400,2004-01-08T11:55:23Z
447382,2004-01-30T02:52:34Z
568963,2004-04-01T08:45:49Z
571760,2004-04-02T15:58:29Z
633843,2004-05-04T02:29:15Z
672259,2004-05-22T16:01:53Z
824552,2004-07-14T21:04:19Z
965387,2004-09-07T09:20:55Z
1484885,2005-02-09T09:55:47Z
1706860,2005-04-07T23:09:42Z
2297376,2005-07-24T04:19:55Z
2473272,2005-08-17T09:27:47Z
2933470,2005-10-18T05:57:52Z
3935892,2006-02-02T19:04:32Z
4654699,2006-04-06T23:46:08Z
5387354,2006-06-02T03:42:54Z
5417918,2006-06-04T10:24:21Z
6978815,2006-09-13T18:19:16Z
7519917,2006-10-19T19:35:43Z
30863191,2004-05-31T11:08:16Z
40888645,2013-10-25T13:19:05Z
42208256,2014-03-15T06:59:54Z
42249120,2014-03-19T18:19:26Z
4476,2002-02-25T15:51:15Z
4654,2001-11-21T15:18:25Z
4805,2001-12-13T18:41:00Z
37850,2002-02-05T12:50:58Z
40781,2002-02-25T15:51:15Z
50063,2002-04-22T11:23:43Z
56369,2002-06-12T17:45:39Z
102883,2002-10-12T20:47:48Z
143961,2002-11-04T15:06:11Z
155110,2002-12-06T11:41:00Z
165252,2003-01-04T19:02:45Z
177698,2003-02-02T00:51:21Z
221429,2003-05-04T17:44:52Z
221430,2003-05-04T17:45:15Z
223508,2003-05-08T19:41:04Z
292265,2003-08-09T04:29:58Z
365196,2003-11-13T06:19:22Z
378958,2003-11-25T15:24:54Z
508896,2004-03-06T21:27:07Z
540801,2002-01-19T09:39:52Z
611249,2004-04-22T03:16:12Z
630099,2004-05-02T04:13:11Z
657224,2004-05-15T22:53:24Z
800010,2004-07-09T15:09:21Z
847339,2004-07-21T15:19:32Z
886766,2004-08-08T23:14:26Z
971107,2004-09-09T08:36:52Z
1236458,2004-12-03T03:39:34Z
1589698,2005-03-10T10:41:15Z
1923817,2005-05-22T09:42:42Z
1974235,2005-06-01T22:26:20Z
3127042,2005-11-10T17:03:37Z
6461408,2006-08-14T21:01:14Z
6785716,2006-08-31T19:24:37Z
7604764,2006-10-24T21:02:43Z
15501189,2008-01-30T17:19:02Z
23328807,2009-04-02T22:45:05Z
23438467,2009-06-30T00:36:35Z
43097038,2014-06-19T15:30:40Z
48717005,2015-12-03T08:49:07Z
50285983,2016-04-23T09:45:53Z
4106,2002-02-21T08:27:18Z
4854,2001-12-21T07:45:45Z
64219,2002-07-25T05:14:02Z
102651,2002-10-11T23:53:02Z
102653,2002-10-11T23:56:11Z
199189,2003-03-20T19:29:21Z
216797,2003-04-26T17:50:26Z
286796,2003-08-03T00:00:21Z
420810,2004-01-05T02:07:06Z
615574,2004-04-24T09:38:34Z
814606,2004-07-13T04:00:37Z
850859,2004-07-23T00:02:16Z
874812,2004-08-03T06:14:33Z
1255570,2004-12-08T09:36:54Z
1342811,2004-12-30T02:24:13Z
1364502,2005-01-05T10:05:44Z
1387077,2005-01-11T20:56:42Z
1671767,2005-03-30T22:03:32Z
1820562,2005-04-30T16:05:37Z
1911217,2005-05-19T20:58:08Z
1980869,2005-06-03T01:04:28Z
1980870,2005-06-03T01:04:33Z
2978102,2005-10-23T11:25:32Z
3218316,2005-11-22T13:24:30Z
4174952,2006-02-23T19:59:01Z
6018334,2006-07-18T20:28:53Z
18582186,2001-10-26T01:18:10Z
3378,2001-03-23T18:26:42Z
3982,2002-02-25T15:43:11Z
4651,2001-11-20T05:42:12Z
4700,2001-12-01T13:34:47Z
4910,2001-12-31T03:21:24Z
37872,2001-08-03T08:52:30Z
37956,2002-02-25T15:51:15Z
40786,2002-02-25T13:35:13Z
53878,2002-05-28T00:38:45Z
56549,2002-06-13T14:17:36Z
184099,2003-02-16T21:46:29Z
228236,2003-05-17T00:23:36Z
298274,2003-08-17T08:21:43Z
528305,2004-03-15T12:23:25Z
805228,2004-07-11T04:18:49Z
1037781,2004-10-04T00:04:37Z
1223245,2004-11-29T19:21:44Z
2184047,2005-07-07T01:46:41Z
2211120,2005-07-11T06:43:18Z
2524938,2005-08-24T02:26:42Z
2681844,2005-09-15T07:19:09Z
3383505,2005-12-11T04:32:03Z
4623576,2006-04-04T09:09:40Z
7458892,2006-10-15T19:45:37Z
8450479,2006-12-15T11:02:13Z
10128847,2007-03-18T21:07:12Z
3876,2001-02-15T22:38:26Z
3931,2001-07-18T16:48:18Z
4009,2001-09-09T23:25:33Z
4321,2001-09-30T09:52:49Z
4628,2001-11-17T14:52:36Z
39736,2002-02-19T00:04:07Z
44578,2001-10-12T20:35:36Z
52713,2002-05-20T23:46:56Z
59503,2001-10-31T11:41:09Z
68344,2002-08-06T16:20:26Z
86058,2002-09-16T01:21:47Z
86092,2002-09-16T02:24:34Z
125769,2002-10-22T22:05:42Z
197021,2003-03-16T02:10:34Z
238686,2003-06-02T00:39:37Z
249992,2003-06-20T07:07:05Z
311254,2003-09-04T06:51:54Z
311916,2003-09-05T05:19:15Z
314080,2003-09-08T05:17:43Z
342851,2003-10-17T10:03:42Z
383479,2003-11-30T09:42:19Z
396960,2003-12-11T03:48:42Z
585841,2004-04-09T16:56:29Z
589225,2004-04-11T02:32:23Z
616670,2004-04-24T23:05:05Z
632103,2004-05-03T03:47:46Z
769021,2004-07-01T12:45:18Z
920702,2004-08-22T17:21:17Z
935655,2004-08-27T18:46:31Z
1364506,2005-01-05T10:09:15Z
1763934,2005-04-19T15:19:20Z
2326042,2005-07-28T10:22:59Z
2505416,2005-08-21T16:03:17Z
2984618,2005-10-24T03:49:30Z
4537950,2006-03-27T23:35:15Z
4916857,2006-04-27T14:39:25Z
7041469,2006-09-18T03:28:26Z
8203692,2006-11-30T17:18:46Z
8643074,2006-12-28T14:37:22Z
9071038,2007-01-23T12:44:39Z
27051151,2010-04-21T21:35:53Z
29400312,2010-10-29T16:31:04Z
3954,2001-11-10T09:17:35Z
4214,2001-09-20T14:58:39Z
4817,2001-12-15T08:35:49Z
45086,2002-03-20T10:34:18Z
54838,2002-06-03T09:48:09Z
99358,2002-10-04T19:06:50Z
155739,2002-12-08T12:51:19Z
188543,2003-02-26T05:16:19Z
188551,2003-02-26T05:42:01Z
206243,2003-04-05T08:11:52Z
240228,2003-06-04T22:42:36Z
240244,2003-06-04T23:22:11Z
319610,2003-09-16T07:59:13Z
398638,2003-12-12T12:22:26Z
445231,2004-01-28T02:45:18Z
563239,2002-04-03T21:30:56Z
822575,2004-07-14T15:37:45Z
1131060,2004-11-04T07:04:01Z
1369210,2005-01-06T22:53:43Z
1432824,2005-01-26T06:29:58Z
1658773,2005-03-28T07:09:39Z
1713537,2005-04-09T12:15:18Z
1783345,2005-04-23T04:01:26Z
4387629,2006-03-14T09:12:04Z
5652450,2006-06-21T14:26:58Z
5780599,2006-07-01T02:43:00Z
6074674,2006-07-22T21:50:08Z
8553751,2006-12-21T22:35:41Z
10203313,2007-03-22T18:45:07Z
17970498,2008-06-16T13:48:58Z
18684057,2008-08-01T22:41:39Z
21157514,2009-01-19T06:45:34Z
24121546,2009-08-26T18:51:04Z
40399359,2013-08-30T12:52:43Z
41255511,2013-12-03T05:07:45Z
75746300,2024-01-07T18:15:35Z
3878,2001-02-23T11:58:09Z
3974,2001-07-27T16:08:38Z
4802,2001-12-13T15:20:02Z
4816,2002-02-25T15:43:11Z
4827,2001-12-17T04:23:55Z
54000,2002-05-29T01:47:23Z
64221,2002-07-25T05:34:39Z
105355,2002-10-15T19:36:23Z
175835,2003-01-28T19:21:26Z
290622,2003-08-06T20:58:46Z
337102,2003-10-08T23:12:46Z
366555,2003-11-14T20:27:39Z
434188,2004-01-18T01:35:48Z
551722,2004-03-25T17:28:56Z
670765,2004-05-21T23:58:38Z
946929,2004-08-31T14:17:44Z
1006293,2004-09-21T22:16:26Z
1072857,2004-10-16T07:56:39Z
1123902,2004-11-01T11:23:28Z
1142136,2004-11-07T19:59:32Z
2537522,2001-07-04T15:37:44Z
2549795,2005-08-27T03:31:25Z
2588054,2005-09-01T01:04:18Z
4325643,2006-03-09T01:38:08Z
5580470,2006-06-16T00:29:02Z
6259941,2006-08-04T14:36:37Z
6761001,2006-08-30T05:49:38Z
6830742,2006-09-03T22:20:39Z
6917263,2006-09-09T18:57:58Z
9127632,2001-11-06T21:21:52Z
14063216,2007-11-04T01:19:26Z
24568072,2009-10-04T06:24:12Z
24697657,2009-10-15T05:14:13Z
31950201,2011-06-01T10:42:08Z
32430822,2011-07-16T05:36:04Z
62837964,2020-01-15T19:54:47Z
72739121,2023-01-13T09:01:27Z
3364,2001-03-16T00:39:00Z
3410,2001-09-10T17:42:35Z
4502,2001-10-27T21:43:31Z
4531,2001-10-31T00:06:33Z
5047,2002-02-25T15:43:11Z
49201,2002-04-15T15:32:50Z
49338,2001-11-15T17:13:18Z
55175,2002-06-06T13:19:17Z
75110,2002-08-23T07:42:22Z
83443,2002-09-10T18:48:26Z
272290,2003-07-19T09:11:13Z
382733,2003-11-29T13:05:27Z
515898,2004-03-09T20:20:31Z
1505977,2005-02-14T21:16:30Z
1530478,2005-02-20T22:41:10Z
1730303,2005-04-12T22:57:37Z
1837609,2005-05-04T01:21:59Z
2363869,2005-08-02T19:50:39Z
3164527,2005-11-15T06:36:14Z
3288573,2005-12-01T02:26:08Z
5551560,2006-06-13T23:25:42Z
14306166,2007-11-18T21:13:50Z
17308599,2008-05-07T15:57:22Z
18026038,2008-06-19T19:10:06Z
18933196,2001-05-17T14:43:31Z
18978770,2001-11-09T05:40:54Z
35618778,2012-04-25T20:32:31Z
40666874,2013-09-30T04:42:23Z
46365775,2015-04-09T20:27:45Z
47772789,2015-09-10T05:14:44Z
64013164,2020-05-20T11:17:13Z
70749968,2022-05-10T20:51:44Z
657,2001-03-15T21:56:23Z
3997,2001-07-31T21:02:40Z
4548,2001-11-01T14:27:41Z
4650,2001-11-20T05:21:30Z
32259,2001-12-12T01:33:46Z
44364,2001-08-04T16:18:08Z
48530,2002-04-10T01:37:49Z
51736,2002-05-08T21:25:58Z
56558,2002-06-13T15:04:59Z
67159,2002-08-03T07:03:02Z
137686,2002-10-25T17:11:57Z
167042,2003-01-09T00:26:33Z
192762,2003-03-07T01:24:56Z
228839,2003-05-18T01:16:42Z
265594,2003-07-12T03:17:45Z
289406,2003-08-05T10:53:38Z
313667,2003-09-07T16:27:09Z
444337,2004-01-27T11:57:21Z
489965,2004-02-26T15:09:08Z
677277,2004-05-24T19:07:27Z
726748,2004-06-15T04:29:56Z
827023,2004-07-15T15:10:51Z
1106405,2004-10-26T22:54:39Z
1822339,2005-04-30T23:48:34Z
2236909,2005-07-15T02:29:48Z
2481830,2005-08-18T12:58:25Z
2811711,2005-10-01T23:15:05Z
3902153,2006-01-31T01:29:44Z
13390326,2007-09-22T18:35:25Z
16242333,2008-03-11T20:00:36Z
16988945,2008-04-18T06:26:25Z
17656561,2008-05-28T17:17:20Z
21526950,2005-09-26T19:16:02Z
27855184,2010-06-26T06:03:22Z
28668231,2010-09-01T22:39:14Z
30408417,2011-01-10T20:29:58Z
32068953,2011-06-13T12:25:21Z
36263363,2012-06-27T14:14:50Z
69656588,2022-01-02T14:31:47Z
81006227,2025-09-07T17:18:38Z
4115,2001-09-05T06:50:35Z
4614,2001-11-14T13:29:08Z
4640,2001-11-19T11:43:13Z
4831,2001-08-03T20:25:42Z
52636,2001-10-04T11:21:31Z
64196,2002-07-25T03:34:19Z
84936,2002-09-13T19:30:25Z
99794,2002-10-05T19:45:02Z
147341,2002-11-15T01:01:01Z
155562,2002-12-07T18:50:05Z
161791,2002-12-26T13:08:16Z
175722,2003-01-28T12:45:05Z
296079,2003-08-14T03:57:54Z
320760,2003-09-18T00:46:45Z
369730,2003-11-17T06:08:34Z
462535,2004-02-09T21:35:47Z
462933,2004-02-10T02:24:34Z
652248,2004-05-13T17:58:12Z
718620,2004-06-12T08:42:12Z
875900,2004-08-03T18:41:59Z
964868,2004-09-07T04:23:56Z
1198458,2004-11-22T18:58:10Z
1238181,2004-12-03T15:03:17Z
2184383,2005-07-07T02:46:32Z
2584934,2005-08-31T17:42:28Z
2803139,2005-09-30T21:26:37Z
3183005,2005-11-17T12:15:00Z
4394717,2006-03-14T23:53:19Z
4483284,2006-03-23T01:55:17Z
10092550,2007-03-16T19:47:12Z
10794747,2007-04-20T14:14:46Z
11015826,2003-07-17T11:08:34Z
12293642,2007-07-17T15:51:52Z
4099,2001-08-28T10:31:49Z
4715,2001-12-03T09:36:45Z
40909,2002-02-25T15:43:11Z
53702,2002-05-27T07:41:06Z
60737,2002-07-06T10:37:31Z
65546,2002-07-28T20:10:30Z
65560,2002-07-28T21:14:40Z
90500,2002-09-24T16:21:21Z
196130,2003-03-14T08:03:30Z
235902,2003-05-28T20:13:53Z
247613,2003-06-16T20:50:15Z
364976,2003-11-13T00:10:20Z
373603,2003-11-20T19:58:51Z
922087,2004-08-23T02:41:34Z
1162065,2004-11-12T17:10:46Z
1166059,2004-11-13T21:26:15Z
1307911,2004-12-21T19:50:27Z
1926209,2005-05-22T22:21:56Z
2029112,2005-06-12T07:21:17Z
2156468,2005-07-02T15:16:35Z
2300982,2005-07-24T20:37:15Z
2666536,2005-09-12T14:43:05Z
2757237,2005-09-25T14:09:07Z
3064915,2005-11-02T22:22:42Z
3126968,2005-11-10T16:50:21Z
3361324,2005-12-08T20:36:18Z
4313746,2006-03-08T00:27:13Z
5237726,2006-05-21T23:40:59Z
6164610,2006-07-29T01:43:54Z
6885770,2006-09-07T17:05:52Z
9328562,2007-02-05T16:47:08Z
9852997,2007-03-04T07:30:00Z
11278410,2007-05-17T20:17:04Z
12562469,2007-08-01T11:49:51Z
34801712,2012-02-19T15:44:39Z
40351804,2013-08-25T15:43:15Z
40622668,2013-09-24T22:32:38Z
51307918,2016-08-12T10:14:58Z
54476844,2008-01-25T09:07:02Z
69997512,2022-02-05T22:24:33Z
3370,2001-03-21T03:53:41Z
3755,2001-05-17T12:46:08Z
4183,2001-09-24T08:25:32Z
4474,2001-10-27T07:11:43Z
4856,2001-12-21T15:28:45Z
60784,2002-07-06T17:45:36Z
68946,2002-08-07T16:33:38Z
70400,2002-08-11T07:43:28Z
75180,2002-08-23T11:46:24Z
188935,2003-02-26T23:39:50Z
224301,2003-05-10T03:23:25Z
241030,2003-06-06T06:06:29Z
436779,2004-01-20T20:54:15Z
636268,2004-05-05T09:35:31Z
696912,2004-06-01T17:51:54Z
730393,2004-06-16T15:12:26Z
1095210,2004-10-23T13:27:04Z
1647344,2005-03-25T12:48:18Z
2142816,2005-06-30T11:00:43Z
3537945,2005-12-27T10:46:24Z
3708640,2006-01-13T13:18:24Z
3873319,2006-01-28T10:51:51Z
3922915,2006-02-01T17:49:55Z
4176711,2006-02-23T23:15:01Z
4933017,2006-04-28T19:27:37Z
5244950,2006-05-22T13:56:47Z
5705108,2006-06-25T16:06:01Z
14720344,2007-12-15T20:20:16Z
20556915,2001-10-01T22:00:32Z
25903133,2010-01-22T12:11:10Z
27279983,2010-05-08T12:12:48Z
30256351,2010-12-31T09:19:18Z
38117952,2013-01-04T13:20:56Z
38568171,2013-02-18T23:57:00Z
3336,2001-02-22T20:40:18Z
3717,2001-08-05T09:35:39Z
5872,2001-07-25T21:44:54Z
20948,2002-01-10T16:45:12Z
37284,2002-02-25T15:51:15Z
65423,2002-07-28T08:39:54Z
65891,2002-07-30T02:47:13Z
160960,2002-12-23T09:57:30Z
219810,2003-05-01T21:57:26Z
228282,2003-05-17T03:08:37Z
231444,2003-05-22T00:30:13Z
231479,2003-05-22T01:43:35Z
233528,2003-05-25T08:43:36Z
241281,2003-06-06T16:42:15Z
255300,2003-06-30T05:33:13Z
421940,2004-01-06T00:49:49Z
438471,2004-01-22T02:09:06Z
486833,2004-02-24T18:55:39Z
489377,2004-02-26T03:31:42Z
550104,2004-03-25T02:21:49Z
826885,2004-07-15T14:05:02Z
1094664,2004-10-23T07:37:17Z
1989771,2005-06-04T17:24:55Z
2143878,2005-06-30T15:20:45Z
2297390,2005-07-24T04:25:41Z
2399066,2005-08-07T13:39:48Z
2591641,2005-09-01T14:41:38Z
4915342,2006-04-27T11:42:26Z
10587705,2007-04-11T02:09:10Z
10836126,2007-04-22T17:38:38Z
11086228,2007-05-06T16:24:13Z
11983318,2007-06-27T23:44:27Z
22688097,2009-05-05T07:34:00Z
25767741,2007-11-23T00:00:19Z
27986621,2010-07-09T14:59:07Z
37983415,2012-12-20T13:37:33Z
41482967,2013-12-28T16:03:48Z
58214031,2018-08-21T06:19:46Z
3383,2001-09-30T01:28:02Z
3397,2001-03-30T20:25:23Z
4179,2001-11-08T00:38:01Z
4410,2001-10-12T10:38:03Z
4489,2001-10-25T17:27:06Z
4526,2001-10-30T14:10:38Z
4542,2001-10-31T19:45:54Z
40815,2002-02-25T15:51:15Z
45189,2002-03-20T20:50:36Z
54125,2002-05-29T20:34:17Z
54147,2002-05-30T01:13:12Z
70547,2002-08-11T15:51:15Z
144186,2002-11-05T06:34:11Z
218191,2003-04-29T00:09:16Z
366273,2003-11-14T13:46:24Z
391788,2003-12-07T10:30:06Z
411441,2003-12-22T22:41:38Z
461525,2004-02-09T02:35:07Z
566198,2004-03-31T07:26:01Z
661808,2004-05-17T23:59:17Z
1018652,2004-09-26T06:00:13Z
1224250,2004-11-29T23:16:28Z
2218675,2005-07-12T12:19:16Z
3756,2001-05-17T13:12:43Z
4169,2001-09-12T11:17:19Z
4436,2001-10-16T22:16:00Z
4495,2001-10-26T00:30:30Z
40166,2002-02-21T19:29:42Z
44401,2002-03-14T17:17:27Z
53299,2002-05-24T15:21:00Z
113604,2002-10-20T14:33:03Z
135600,2002-10-25T08:55:45Z
244053,2003-06-11T15:28:17Z
308449,2003-08-31T09:19:10Z
308453,2003-08-31T09:32:56Z
335217,2003-10-05T22:52:38Z
419595,2004-01-03T23:23:26Z
524261,2004-03-13T20:40:12Z
524263,2004-03-13T20:41:17Z
646151,2004-05-10T13:50:22Z
768299,2004-07-01T03:03:10Z
862804,2004-07-28T09:00:10Z
978913,2004-09-12T09:05:19Z
1251355,2004-12-07T03:13:05Z
1264491,2004-12-11T02:14:34Z
1427882,2005-01-24T20:10:01Z
1868983,2005-05-10T23:36:43Z
2093311,2005-06-22T15:39:31Z
2141586,2005-06-30T05:35:53Z
2317010,2005-07-27T03:08:06Z
2317016,2005-07-27T03:09:54Z
2690935,2005-09-16T20:44:09Z
2723764,2005-09-21T11:29:19Z
2861185,2005-10-08T08:47:44Z
3228943,2005-11-24T00:42:57Z
10503692,2007-04-06T20:09:03Z
17567181,2008-05-22T22:05:06Z
34204776,2011-12-28T09:22:36Z
38837584,2013-03-17T06:30:18Z
45995,2002-03-26T04:35:47Z
46999,2002-04-01T05:17:59Z
51260,2002-05-04T06:44:47Z
55222,2002-06-06T17:21:45Z
80169,2002-09-03T21:01:33Z
103127,2002-10-13T09:29:12Z
155131,2002-12-06T13:27:38Z
168536,2003-01-13T04:03:53Z
224985,2003-05-11T05:06:34Z
271310,2003-07-18T13:15:48Z
377116,2003-11-24T01:02:45Z
489870,2004-02-26T12:57:03Z
663372,2004-05-18T16:59:38Z
707787,2004-06-06T10:16:42Z
714543,2004-06-10T14:37:35Z
812731,2004-07-12T22:11:27Z
815969,2004-07-13T10:29:30Z
1706527,2005-04-07T21:45:19Z
2165489,2005-07-04T04:28:50Z
2600549,2005-09-02T20:45:23Z
2684396,2005-09-15T18:46:16Z
2869356,2005-10-09T13:23:22Z
2992623,2005-10-25T04:46:13Z
3486696,2005-12-21T02:56:55Z
3592504,2006-01-02T03:32:47Z
3823097,2006-01-23T22:05:47Z
5517638,2006-06-11T13:54:27Z
6281986,2006-08-05T22:23:07Z
6529735,2006-08-18T01:47:37Z
7072152,2006-09-20T02:00:20Z
7321406,2006-10-06T16:11:54Z
10004115,2007-03-12T01:22:05Z
12532834,2007-07-30T18:56:39Z
15437376,2008-01-26T21:02:33Z
19210530,2008-09-07T03:21:01Z
4146,2001-09-07T13:43:53Z
56139,2002-06-11T09:04:14Z
66316,2002-07-31T14:36:55Z
67679,2002-08-04T14:55:09Z
168918,2003-01-14T07:36:00Z
245982,2003-06-14T09:36:34Z
249921,2003-06-20T04:51:45Z
337871,2003-10-10T07:28:54Z
342977,2003-10-17T13:55:06Z
389785,2003-12-05T18:12:59Z
424987,2004-01-09T01:57:06Z
432459,2004-01-16T05:10:57Z
562353,2004-03-29T15:50:12Z
573156,2004-04-03T04:32:52Z
802190,2004-07-10T04:34:18Z
1029195,2004-09-30T10:17:23Z
1092110,2004-10-22T15:07:53Z
1573118,2005-03-05T20:50:21Z
1867853,2005-05-10T18:55:57Z
2268253,2005-07-19T21:52:35Z
2615571,2005-09-04T23:22:42Z
3701829,2006-01-12T22:12:07Z
8613151,2006-12-26T11:43:31Z
22158007,2006-04-02T14:43:57Z
22697384,2009-05-05T23:43:05Z
25432202,2002-05-22T11:58:45Z
28227402,2010-08-01T23:59:19Z
29413418,2010-10-30T20:55:17Z
3365,2001-08-23T13:32:10Z
6021,2001-11-10T09:40:48Z
6799,2001-10-25T22:07:42Z
7184,2001-11-20T00:52:14Z
49420,2002-04-17T11:27:29Z
89997,2002-09-23T20:16:03Z
151040,2002-11-24T12:15:54Z
160815,2002-12-22T22:51:41Z
169283,2003-01-15T08:02:14Z
662462,2004-05-18T05:05:05Z
663464,2004-05-18T17:36:09Z
849181,2004-07-22T08:23:09Z
856862,2004-07-25T18:19:22Z
1406584,2005-01-18T03:13:25Z
1633917,2005-03-22T03:17:58Z
1842594,2005-05-05T01:08:56Z
13947297,2001-12-06T16:03:06Z
22721223,2009-05-07T21:51:43Z
27483741,2010-05-26T09:29:52Z
31101423,2011-03-06T19:07:36Z
49783350,2016-03-14T21:19:27Z
52692958,2016-12-26T16:51:27Z
63030231,2020-02-05T12:30:37Z
5879,2001-09-15T20:43:10Z
55115,2002-06-06T06:37:24Z
760392,2004-06-28T06:06:41Z
862627,2004-06-03T15:50:46Z
1083721,2004-10-19T18:04:46Z
1089325,2004-10-21T14:57:07Z
1368483,2005-01-06T17:51:34Z
1488888,2005-02-10T06:51:02Z
1674867,2005-03-31T16:02:47Z
1807656,2005-04-28T00:28:15Z
1890414,2005-05-15T15:04:45Z
2000923,2005-06-06T15:02:26Z
2067447,2005-06-18T12:14:59Z
2084276,2005-06-21T07:54:41Z
2115745,2005-06-25T23:11:51Z
2377056,2005-08-04T13:03:54Z
3131794,2005-11-11T04:24:09Z
3147522,2005-11-13T05:02:03Z
4420947,2006-03-17T10:48:16Z
4654033,2006-04-06T22:38:54Z
4716492,2006-04-12T07:37:49Z
5086731,2006-05-10T06:34:23Z
5111875,2006-05-12T03:54:25Z
5112101,2006-05-12T04:24:45Z
5401424,2006-06-03T03:52:48Z
5971868,2006-07-15T03:48:21Z
5979226,2006-07-15T20:30:35Z
6025297,2006-07-19T06:40:29Z
8936872,2007-01-15T16:29:33Z
9105774,2007-01-25T10:03:01Z
13697217,2007-10-12T18:40:57Z
16380220,2008-03-18T21:32:29Z
22196218,2009-03-29T21:09:20Z
22599311,2009-04-28T02:52:18Z
22609273,2009-04-28T22:46:22Z
5668,2001-05-17T13:00:00Z
6868,2001-10-24T20:17:44Z
44603,2002-03-16T11:53:18Z
44731,2002-03-17T16:38:29Z
188932,2003-02-26T23:29:08Z
242643,2002-07-15T18:26:33Z
349627,2003-10-25T20:07:55Z
378744,2003-11-25T10:39:18Z
386748,2003-12-04T01:16:46Z
497502,2004-03-01T18:02:45Z
740885,2004-06-21T13:26:39Z
2361037,2005-08-02T11:50:49Z
2408650,2005-08-08T21:04:23Z
2629001,2005-09-06T20:33:54Z
2676784,2005-09-14T09:19:20Z
2889134,2005-10-12T07:41:04Z
2898453,2005-10-13T14:16:18Z
2988583,2005-10-24T19:44:47Z
4623969,2006-04-04T10:07:43Z
5024272,2006-05-05T21:29:23Z
5995665,2006-07-17T04:14:30Z
9307728,2007-02-04T13:02:44Z
9434311,2007-02-11T04:05:05Z
10107063,2007-03-17T16:58:57Z
14345569,2007-11-21T13:53:21Z
14623180,2007-12-09T02:30:23Z
14896670,2007-12-26T22:28:29Z
15287953,2008-01-18T01:05:25Z
17354429,2008-05-10T13:59:12Z
24045080,2009-08-19T17:33:57Z
5176,2001-10-26T17:35:06Z
5377,2001-11-10T19:24:44Z
5692,2001-05-20T03:05:43Z
6423,2001-10-28T14:28:17Z
7522,2001-12-20T14:54:02Z
7592,2001-12-29T03:33:27Z
7593,2001-12-29T05:51:21Z
40284,2002-02-22T09:21:12Z
43126,2001-11-23T02:36:04Z
43970,2002-03-12T00:14:44Z
171882,2003-01-20T20:52:55Z
175965,2003-01-29T02:13:29Z
219761,2003-05-01T21:00:44Z
229254,2003-05-18T17:58:58Z
234685,2003-05-27T03:03:28Z
236564,2003-05-29T20:02:39Z
239121,2003-06-02T21:17:05Z
595183,2004-04-14T01:41:56Z
645246,2003-12-15T11:11:40Z
763076,2004-06-29T05:02:36Z
1129436,2004-11-03T17:57:40Z
1737419,2005-04-14T00:57:26Z
1999490,2005-06-06T07:07:21Z
2054480,2005-06-16T01:57:19Z
2209683,2005-07-11T01:37:43Z
3764060,2006-01-18T18:52:24Z
7684225,2006-10-29T22:28:28Z
16257856,2008-03-12T15:38:37Z
23136733,2009-06-08T00:23:47Z
23174230,2009-06-10T22:01:03Z
23682291,2009-07-21T01:21:55Z
24903189,2009-10-30T19:11:15Z
28357925,2010-08-14T03:24:00Z
37271321,2012-10-09T12:41:37Z
37281076,2012-10-10T07:21:51Z
50789654,2016-06-12T17:07:35Z
57161212,2018-04-18T09:47:24Z
5367,2001-09-12T16:00:24Z
5385,2001-04-05T08:21:19Z
5623,2001-11-06T10:10:43Z
6598,2001-10-01T04:17:13Z
38310,2001-11-07T11:48:30Z
44017,2002-03-12T09:20:22Z
105219,2001-11-14T20:04:16Z
160663,2002-12-22T15:45:45Z
275978,2003-07-23T20:33:18Z
363900,2003-11-11T21:55:46Z
500935,2004-03-03T00:58:30Z
622738,2004-04-28T05:09:20Z
706295,2004-06-05T20:20:32Z
706311,2004-06-05T20:25:25Z
739891,2004-06-21T03:05:27Z
793631,2004-07-07T13:22:02Z
1046120,2004-10-07T03:00:00Z
1175306,2004-11-16T10:48:48Z
3002477,2005-10-26T12:27:19Z
5042916,2001-10-31T22:43:37Z
5309463,2006-05-27T06:32:55Z
5569449,2006-06-15T05:35:01Z
7202208,2006-09-29T04:25:47Z
7352871,2006-10-08T16:59:22Z
9214592,2007-01-30T23:13:03Z
9746893,2007-02-27T04:47:50Z
24194343,2009-09-02T01:44:22Z
25197055,2009-11-25T05:42:40Z
5416,2001-10-14T11:16:39Z
5932,2001-09-15T17:50:14Z
6949,2002-02-25T15:43:11Z
7739,2002-01-13T20:46:45Z
41914,2002-02-26T05:02:42Z
56512,2002-06-13T09:11:40Z
57421,2002-06-15T19:12:29Z
78478,2002-08-31T18:27:46Z
140711,2002-10-27T14:23:02Z
181293,2003-02-09T23:43:25Z
181337,2003-02-10T01:38:25Z
219021,2003-04-30T14:06:34Z
221296,2003-05-04T14:27:29Z
224303,2003-05-10T03:25:42Z
241767,2003-06-07T17:08:40Z
301870,2003-08-22T00:15:31Z
355024,2003-11-02T09:32:19Z
515683,2004-03-09T18:14:45Z
627099,2004-04-30T15:30:37Z
814242,2004-07-13T02:45:31Z
845928,2004-07-20T23:14:53Z
1288948,2004-12-17T07:03:02Z
1364340,2005-01-05T08:32:47Z
1414453,2005-01-20T16:27:41Z
1489628,2005-02-10T12:04:22Z
2256924,2005-07-18T08:58:47Z
2666789,2005-09-12T15:48:56Z
2994870,2005-10-25T13:31:39Z
3045799,2005-10-31T15:47:08Z
3387471,2005-12-11T17:59:03Z
3957510,2006-02-04T17:05:46Z
4932111,2001-09-28T00:47:30Z
7256632,2006-10-02T18:20:15Z
12510214,2007-07-29T09:24:28Z
13382972,2007-09-22T05:01:00Z
21265224,2009-01-26T14:08:10Z
41604835,2014-01-10T18:02:59Z
55986595,2017-12-06T23:36:16Z
5299,2001-03-21T03:44:52Z
5906,2001-07-29T19:43:30Z
5912,2001-07-29T19:50:01Z
5980,2001-07-30T09:12:17Z
6136,2001-08-21T10:23:11Z
47503,2002-04-03T21:54:43Z
51420,2002-05-05T15:17:43Z
84107,2002-09-11T20:41:44Z
160277,2002-12-21T18:44:37Z
241047,2003-06-06T06:27:39Z
241809,2003-06-07T18:26:17Z
498228,2004-03-02T02:19:41Z
633593,2004-05-03T23:40:47Z
907027,2004-08-17T14:47:26Z
1776883,2005-04-21T21:53:54Z
1797289,2005-04-25T23:39:18Z
2263904,2005-07-19T09:10:07Z
2322153,2005-07-27T20:48:00Z
2375338,2005-08-04T05:30:19Z
3679268,2006-01-10T20:56:44Z
4535852,2002-04-03T22:04:39Z
5362623,2006-05-31T11:43:01Z
6111326,2006-07-25T14:45:18Z
11153863,2007-05-10T13:13:43Z
11251601,2007-05-16T06:29:51Z
12150098,2007-07-08T16:03:19Z
14909902,2007-12-27T20:06:04Z
15532928,2008-02-01T08:30:24Z
21072589,2009-01-13T11:48:30Z
56272178,2018-01-11T02:08:39Z
57257793,2018-04-28T02:27:06Z
5421,2001-04-15T15:49:59Z
6099,2001-08-31T00:24:38Z
6445,2001-09-20T02:00:25Z
36526,2002-02-25T15:43:11Z
45746,2002-03-24T03:01:45Z
46133,2002-03-27T06:16:02Z
47544,2002-04-03T22:09:34Z
56462,2002-06-13T03:29:40Z
60575,2002-07-05T15:17:46Z
63704,2002-07-23T12:14:59Z
153217,2002-11-30T15:28:02Z
200085,2003-03-22T22:58:36Z
294943,2003-08-12T18:41:41Z
396550,2003-12-10T21:21:11Z
424348,2004-01-08T10:24:16Z
512662,2004-03-08T12:13:45Z
598741,2004-04-15T19:00:13Z
804779,2004-07-11T02:29:50Z
1203137,2004-11-24T01:08:19Z
1219713,2004-11-28T20:17:12Z
2332422,2005-07-29T07:41:57Z
2525843,2005-08-24T05:49:04Z
2785255,2005-09-28T17:17:06Z
5237,2001-08-07T08:17:53Z
5914,2001-08-15T21:08:43Z
7294,2001-12-02T05:00:49Z
7555,2001-12-24T09:59:46Z
7706,2002-01-10T18:08:12Z
37808,2002-02-11T08:07:43Z
49557,2002-04-18T06:58:50Z
53751,2002-05-27T13:16:12Z
55336,2002-06-07T12:04:54Z
69414,2002-08-08T16:07:37Z
132784,2002-10-24T17:57:23Z
166945,2003-01-08T19:03:05Z
170333,2003-01-17T21:01:52Z
214571,2003-04-22T11:51:23Z
304471,2003-08-25T17:15:50Z
323990,2003-09-21T16:11:12Z
362895,2003-11-10T23:35:31Z
434288,2004-01-18T03:14:06Z
593481,2004-04-13T04:50:54Z
698858,2004-06-02T15:09:15Z
788661,2004-07-06T16:35:11Z
938069,2004-08-28T18:22:43Z
1107703,2004-10-27T09:24:27Z
2465588,2005-08-16T10:43:59Z
3185540,2005-11-17T21:01:51Z
3289152,2005-12-01T04:00:32Z
3560385,2005-12-29T18:40:51Z
4585729,2006-04-01T00:16:03Z
7105112,2006-09-22T07:15:05Z
11832159,2007-06-18T14:00:13Z
13893324,2007-10-24T17:18:48Z
15304118,2008-01-19T01:50:50Z
21501000,2009-02-12T02:28:28Z
28280071,2010-08-06T17:44:56Z
38444761,2013-02-06T21:05:09Z
47032561,2015-06-20T20:50:41Z
5778,2001-06-23T04:58:19Z
5869,2001-10-31T18:18:51Z
6014,2001-10-30T10:54:10Z
6943,2001-10-30T10:44:00Z
6944,2001-10-30T10:47:45Z
7003,2001-11-05T11:24:16Z
7163,2001-11-18T21:06:53Z
7807,2002-01-19T02:48:49Z
20861,2002-02-09T21:09:02Z
37196,2002-02-08T00:27:16Z
39282,2002-02-25T15:43:11Z
53759,2002-05-27T14:30:52Z
99597,2002-10-05T09:21:11Z
100632,2002-10-07T20:24:31Z
197055,2003-03-16T03:31:45Z
251033,2003-06-22T08:53:36Z
263489,2003-07-08T18:57:08Z
291838,2003-08-08T14:53:26Z
318577,2003-09-14T20:56:22Z
320323,2003-09-17T11:21:52Z
642180,2004-05-08T09:09:07Z
821165,2004-07-14T06:48:07Z
1063799,2004-10-13T10:04:52Z
1396491,2005-01-14T19:43:01Z
1596969,2005-03-12T08:39:51Z
1609057,2005-03-15T10:13:27Z
1629349,2005-03-21T01:11:03Z
1725027,2005-04-11T21:03:21Z
2359796,2005-08-02T05:13:08Z
3104469,2005-11-07T23:05:55Z
3323565,2005-12-04T23:10:36Z
5100937,2006-05-11T08:55:53Z
15685404,2008-02-10T14:09:10Z
4230,2001-10-12T22:41:10Z
5920,2001-07-27T05:52:55Z
6235,2001-08-31T00:30:16Z
6312,2001-09-10T18:12:09Z
6339,2001-10-26T15:00:55Z
6670,2001-10-02T15:56:49Z
6889,2001-10-25T16:07:43Z
6911,2001-10-26T14:33:44Z
7252,2001-11-27T17:59:39Z
36869,2002-02-02T15:46:44Z
48239,2002-04-08T10:53:59Z
48329,2002-04-09T00:03:18Z
102182,2002-10-10T13:39:25Z
102858,2002-10-12T18:48:58Z
102871,2002-10-12T19:44:59Z
153681,2002-12-01T17:53:38Z
172274,2003-01-21T18:29:55Z
224329,2003-05-10T04:00:45Z
269771,2003-07-16T21:00:50Z
322740,2003-09-20T13:50:18Z
494261,2004-02-29T02:23:29Z
564779,2004-03-30T18:52:16Z
569705,2004-04-01T18:34:44Z
648828,2004-05-11T21:41:48Z
848535,2004-07-22T00:46:33Z
1106830,2004-10-27T01:30:44Z
2482943,2005-08-18T16:04:16Z
2505402,2005-08-21T16:01:01Z
4109042,2006-02-17T21:17:04Z
5620935,2006-06-19T06:25:47Z
5816420,2006-07-03T20:03:26Z
9898682,2007-03-06T20:10:16Z
17253537,2001-04-05T04:13:19Z
17353312,2008-05-10T11:49:10Z
19593040,2001-11-18T23:41:23Z
5218,2001-03-07T15:47:01Z
5666,2001-09-21T06:32:30Z
5794,2001-03-04T21:36:13Z
6700,2001-10-05T01:23:25Z
7251,2001-11-27T16:35:29Z
7534,2001-12-21T20:07:47Z
7682,2002-01-08T18:19:09Z
19983,2001-09-23T02:57:30Z
39406,2002-02-17T00:23:13Z
50397,2002-04-25T16:21:15Z
52373,2002-05-18T19:19:56Z
58686,2002-06-21T15:08:04Z
95464,2002-09-29T18:11:05Z
106284,2002-10-17T19:38:57Z
143133,2002-11-01T23:36:39Z
160463,2002-12-22T04:59:39Z
173961,2003-01-24T20:56:58Z
187926,2003-02-24T22:12:47Z
286021,2003-08-01T17:21:07Z
319491,2003-09-16T04:32:10Z
406608,2003-12-18T08:14:19Z
487841,2004-02-25T06:07:32Z
792685,2004-07-07T08:25:54Z
840450,2004-07-18T17:07:35Z
965817,2004-09-07T13:45:55Z
1364004,2005-01-05T05:13:25Z
2125301,2005-06-28T08:15:12Z
4480666,2006-03-22T21:50:39Z
5779365,2006-07-01T00:25:05Z
6102991,2006-07-25T00:17:20Z
6252669,2006-08-04T00:39:18Z
19265670,2008-09-10T22:18:25Z
25778874,2002-01-06T02:18:44Z
39166524,2013-04-20T13:01:41Z
40651234,2013-09-28T03:58:50Z
75981307,2024-02-02T07:11:15Z
5738,2001-06-08T17:51:13Z
6113,2001-09-02T14:21:23Z
6907,2001-10-26T13:18:43Z
7834,2002-02-25T15:51:15Z
44734,2002-03-17T16:58:01Z
53338,2002-05-25T00:44:17Z
158916,2002-12-17T09:03:07Z
217873,2003-04-28T07:04:11Z
231204,2003-05-21T17:37:27Z
250126,2003-06-20T11:15:05Z
312910,2003-09-06T17:53:25Z
422144,2004-01-06T02:55:37Z
715028,2004-06-10T17:34:33Z
780816,2004-07-04T22:51:49Z
851853,2004-07-23T12:32:46Z
872402,2004-08-02T02:49:34Z
1080508,2004-10-18T20:25:51Z
1207830,2004-11-25T05:43:27Z
1238189,2004-12-03T15:04:53Z
1520101,2005-02-18T07:05:16Z
1552466,2005-02-28T00:30:41Z
1723722,2005-04-11T15:10:49Z
1845123,2005-05-05T14:44:45Z
5318217,2006-05-28T00:45:52Z
5962754,2006-07-14T14:18:17Z
7715540,2006-10-31T21:17:20Z
15250752,2008-01-16T10:00:00Z
15250753,2008-01-16T10:00:12Z
15250859,2008-01-16T10:08:20Z
15250871,2008-01-16T10:08:58Z
17257716,2008-05-04T12:04:33Z
19103227,2008-08-30T13:14:20Z
20837937,2008-12-25T12:25:26Z
24525405,2009-09-30T11:25:37Z
40736892,2013-10-08T03:14:33Z
47884738,2015-09-20T23:14:21Z
53264617,2017-02-21T19:35:07Z
55284421,2017-09-19T10:13:55Z
5295,2001-09-20T00:01:17Z
6295,2001-09-24T18:10:05Z
6804,2001-10-16T04:17:38Z
73443,2002-08-19T21:38:06Z
148349,2002-11-17T21:22:06Z
155544,2002-02-25T15:51:15Z
164460,2003-01-03T06:39:18Z
183330,2003-02-14T23:05:37Z
241028,2003-06-06T06:06:16Z
325961,2003-09-24T03:28:56Z
327003,2003-09-25T17:26:52Z
352541,2003-10-29T21:15:22Z
488140,2004-02-25T12:27:59Z
691741,2004-05-30T16:43:14Z
715688,2004-06-10T22:18:57Z
743997,2004-06-22T18:27:01Z
762913,2004-06-29T03:02:06Z
921126,2004-08-22T20:15:56Z
1066621,2001-11-28T09:45:03Z
2169754,2005-07-04T21:47:44Z
3134585,2005-11-11T15:19:36Z
3229401,2005-11-24T02:11:52Z
3301582,2005-12-02T15:36:41Z
3386361,2005-12-11T15:16:54Z
3513520,2005-12-24T00:40:51Z
4932763,2006-04-28T19:06:11Z
5220019,2006-05-20T16:08:35Z
17410326,2008-05-13T20:32:36Z
41146581,2013-11-21T07:15:54Z
72417803,2022-12-05T00:11:07Z
5180,2001-10-25T21:07:47Z
5306,2001-06-01T15:17:46Z
5636,2001-09-22T21:10:59Z
5659,2001-10-07T19:01:31Z
5936,2002-02-25T15:51:15Z
5993,2001-09-02T14:10:37Z
6038,2001-09-01T02:55:08Z
6271,2001-11-02T05:33:25Z
7043,2001-11-08T14:47:11Z
7172,2001-11-19T18:11:28Z
85029,2002-09-13T21:45:11Z
138585,2002-10-25T21:42:15Z
147027,2002-11-14T01:15:14Z
159151,2002-12-18T00:46:57Z
175641,2003-01-28T09:39:59Z
199040,2003-03-20T09:26:12Z
241761,2003-06-07T16:57:18Z
294349,2003-08-11T23:38:31Z
294383,2003-08-12T00:23:49Z
314204,2003-09-08T09:10:52Z
344974,2003-10-19T21:45:03Z
359135,2003-11-07T12:15:13Z
361038,2003-11-09T06:39:38Z
391908,2003-12-07T13:16:57Z
417846,2004-01-01T22:07:55Z
422572,2004-01-06T13:36:27Z
680115,2004-05-25T21:23:21Z
733929,2004-06-18T02:25:06Z
1307896,2004-12-21T19:47:41Z
1533184,2005-02-21T18:28:02Z
1686272,2005-04-03T07:04:47Z
3141503,2005-11-12T11:42:58Z
3320853,2005-12-04T18:00:50Z
4133285,2006-02-20T00:09:20Z
15184877,2008-01-12T21:31:14Z
17633222,2008-05-27T06:40:24Z
21347411,2002-11-05T16:39:54Z
25034192,2009-11-10T15:26:10Z
5134,2001-11-05T06:05:53Z
5667,2001-05-17T12:54:59Z
5751,2001-09-27T15:56:11Z
6216,2001-08-28T04:17:13Z
7738,2002-02-25T15:43:11Z
37402,2002-02-03T18:26:01Z
59226,2002-06-24T16:49:36Z
66269,2002-07-31T11:43:01Z
67733,2002-08-04T17:58:54Z
83449,2002-09-10T19:03:13Z
113424,2002-10-20T00:22:34Z
226680,2003-05-14T00:09:46Z
234429,2003-05-26T18:51:02Z
238377,2003-06-01T14:41:14Z
350972,2001-10-28T14:36:04Z
415070,2003-12-27T21:23:25Z
417454,2004-01-01T14:15:34Z
458673,2004-02-07T14:35:17Z
485429,2004-02-23T23:50:00Z
5211,2001-11-14T04:10:03Z
5232,2001-03-08T17:43:39Z
6437,2001-09-18T17:33:20Z
6985,2001-11-03T18:22:56Z
54910,2002-06-03T22:20:29Z
58413,2002-06-20T13:03:02Z
82933,2002-09-09T21:22:23Z
158901,2002-12-17T08:01:46Z
173323,2003-01-23T14:06:06Z
232106,2003-05-22T22:44:44Z
297947,2003-08-16T22:37:43Z
300321,2003-08-20T03:13:27Z
413216,2003-12-24T17:33:34Z
470084,2004-02-15T05:57:31Z
471869,2004-02-16T11:38:53Z
532261,2004-03-17T05:43:08Z
690278,2004-05-30T01:55:11Z
1430901,2005-01-25T17:36:43Z
1727746,2005-04-12T11:29:52Z
1869011,2005-05-10T23:48:11Z
1907179,2005-05-19T00:54:11Z
2025138,2005-06-11T14:35:14Z
2029608,2005-06-12T09:34:47Z
2059470,2005-06-16T23:01:15Z
5669,2001-05-17T13:05:14Z
6329,2001-09-13T22:58:21Z
6438,2001-09-19T18:47:28Z
54653,2002-06-02T01:43:38Z
54749,2002-06-02T21:27:06Z
56566,2002-06-13T15:34:32Z
64045,2002-07-24T15:42:46Z
324412,2003-09-22T02:37:37Z
426184,2004-01-10T07:01:04Z
649259,2004-05-12T01:45:01Z
714452,2004-06-10T13:42:31Z
1061913,2004-10-12T20:26:29Z
1353976,2005-01-02T08:42:24Z
1510928,2005-02-15T23:34:29Z
2492567,2005-08-19T19:30:09Z
3107599,2005-11-08T07:53:45Z
3163517,2005-11-15T03:49:15Z
4168493,2006-02-23T04:17:04Z
4421272,2006-03-17T11:53:31Z
4661493,2006-04-07T14:35:01Z
13894475,2007-10-24T18:41:45Z
16215763,2008-03-10T15:39:47Z
17474234,2008-05-17T16:06:30Z
19167840,2003-02-14T21:02:59Z
30717775,2011-02-01T22:19:51Z
35514066,2012-04-16T03:21:28Z
37395371,2012-10-20T20:06:01Z
37395505,2012-10-20T20:26:38Z
37395771,2012-10-20T21:04:03Z
37401676,2012-10-21T15:51:14Z
40743506,2013-10-08T20:09:03Z
41609211,2014-01-11T04:42:04Z
41618156,2014-01-12T06:25:55Z
41785501,2014-01-30T03:23:32Z
41822425,2014-02-02T23:20:23Z
60966841,2019-06-06T00:27:07Z
62983169,2020-01-30T22:29:56Z
5244,2001-09-21T01:09:20Z
5391,2001-11-13T18:34:20Z
5916,2001-07-27T00:56:49Z
6220,2001-08-28T05:15:23Z
6299,2001-09-09T00:20:05Z
6818,2001-10-16T21:15:49Z
12528,2001-09-03T18:02:29Z
47510,2002-04-03T22:16:30Z
54536,2001-12-13T16:40:54Z
56565,2002-06-13T15:22:13Z
57330,2002-06-15T15:14:55Z
73068,2002-08-18T07:47:38Z
142999,2002-11-01T17:05:15Z
143015,2002-11-01T17:42:19Z
168430,2003-01-13T00:09:06Z
175560,2003-01-28T04:47:52Z
235899,2003-05-28T20:07:24Z
574544,2004-04-03T23:25:57Z
926601,2004-08-24T18:26:05Z
997205,2004-09-18T23:48:49Z
1042434,2004-10-05T20:38:49Z
1425466,2005-01-24T02:32:40Z
1589660,2005-03-10T10:20:40Z
2302765,2005-07-25T02:38:36Z
3107531,2005-11-08T07:41:47Z
6095923,2006-07-24T15:08:03Z
10964778,2007-04-29T14:40:22Z
18797474,2008-08-10T15:49:56Z
20871028,2008-12-28T22:24:44Z
31122074,2011-03-08T14:51:51Z
36391174,2012-07-11T04:49:18Z
48609118,2008-06-18T10:16:21Z
5762,2001-06-18T05:26:55Z
6682,2002-02-25T15:43:11Z
7392,2001-12-09T00:04:05Z
7737,2002-01-13T14:00:26Z
52687,2001-09-17T16:58:34Z
55528,2002-06-08T13:39:43Z
61762,2002-07-13T01:18:19Z
139176,2002-10-25T23:40:57Z
188494,2003-02-26T01:48:59Z
209443,2003-04-12T20:45:10Z
227141,2003-05-14T20:29:24Z
242695,2003-06-09T12:50:40Z
245632,2003-06-13T20:31:51Z
426219,2004-01-10T07:53:01Z
540392,2004-03-21T00:31:33Z
1293340,2004-12-18T06:34:00Z
1525521,2005-02-19T16:59:45Z
1780425,2005-04-22T16:14:48Z
2350342,2005-07-31T22:41:23Z
2527630,2005-08-24T12:58:05Z
2871233,2005-10-09T20:35:21Z
4320083,2006-03-08T15:48:48Z
4358372,2006-03-11T22:07:40Z
28113360,2010-07-22T03:40:37Z
31509402,2011-04-15T19:47:22Z
33266021,2011-10-01T02:37:55Z
75879512,2024-01-22T05:51:58Z
5999,2001-08-01T09:19:53Z
6513,2001-09-25T00:45:06Z
36980,2002-01-29T05:25:14Z
45305,2002-03-21T12:44:21Z
72764,2002-08-17T11:10:03Z
181897,2003-02-11T16:04:42Z
430411,2004-01-14T08:46:08Z
667970,2004-05-20T18:10:01Z
960428,2004-09-05T17:52:22Z
1074990,2004-10-17T00:34:43Z
1091638,2004-02-19T07:16:58Z
1850601,2005-05-06T21:18:25Z
2014417,2005-06-09T12:25:27Z
2152749,2005-07-01T22:43:45Z
3348116,2005-12-07T13:24:55Z
4607152,2006-04-02T23:33:07Z
4777875,2006-04-17T03:42:32Z
5244767,2006-05-22T13:33:01Z
5401558,2006-06-03T04:06:31Z
6668150,2006-08-24T20:57:44Z
10267928,2007-03-25T23:43:03Z
13439463,2007-09-26T01:32:12Z
22424754,2009-04-15T20:30:54Z
25279689,2009-12-02T16:25:46Z
29872326,2010-12-03T17:52:42Z
34215399,2011-12-29T10:08:40Z
38978504,2013-04-01T06:44:19Z
49059554,2016-01-10T16:56:21Z
57531202,2018-05-28T09:46:28Z
59231369,2018-12-03T12:32:33Z
62082478,2019-10-17T02:06:10Z
63221967,2020-02-27T02:37:41Z
63453251,2020-03-23T14:32:22Z
65816420,2020-11-11T17:55:39Z
67417503,2021-04-16T21:30:24Z
74978774,2023-10-04T15:35:05Z
76738552,2024-04-25T17:07:51Z
76984160,2024-05-21T18:38:27Z
47513,2002-04-03T22:27:01Z
142440,2002-10-30T23:59:22Z
1624157,2005-03-19T21:33:02Z
1765281,2005-04-19T19:48:40Z
2119179,2005-06-26T15:10:34Z
5565588,2006-06-14T23:12:44Z
9717400,2006-12-22T02:44:37Z
9990573,2007-03-11T08:45:27Z
12354350,2007-07-20T22:14:27Z
12474403,2007-07-27T03:45:44Z
12850901,2007-08-20T10:07:40Z
13294262,2007-09-16T17:02:51Z
14207810,2007-11-12T10:59:37Z
14329297,2007-11-20T09:21:23Z
25814293,2010-01-15T07:57:43Z
26198824,2010-02-14T19:59:17Z
27447253,2010-05-23T13:07:09Z
34335892,2012-01-10T12:16:58Z
35528480,2012-04-17T13:42:29Z
39376875,2013-05-13T15:46:41Z
42673705,2014-05-05T21:03:34Z
44895973,2014-12-30T23:17:07Z
46676535,2015-05-11T19:24:53Z
46905624,2015-06-06T07:51:34Z
49213501,2016-01-25T02:02:42Z
53930053,2017-05-01T13:32:15Z
55574351,2017-10-19T14:54:16Z
60779659,2019-05-16T11:42:37Z
60815189,2019-05-20T17:25:28Z
6449,2001-09-20T18:58:01Z
6884,2001-10-25T18:32:53Z
6910,2001-10-31T20:27:45Z
47279,2002-04-02T23:07:08Z
47515,2002-04-03T22:41:39Z
47518,2002-04-03T22:47:04Z
52977,2002-02-16T11:42:09Z
62319,2002-07-16T03:10:38Z
65622,2002-07-29T04:34:56Z
154576,2002-12-04T22:14:23Z
165097,2003-01-04T05:51:00Z
224336,2003-05-10T04:27:04Z
241717,2003-06-07T14:36:43Z
402048,2003-12-15T02:20:50Z
585143,2004-04-09T05:55:31Z
731795,2004-06-17T05:34:39Z
832314,2004-07-16T14:38:47Z
1182359,2004-11-18T04:14:05Z
2016232,2005-06-09T19:55:06Z
2263849,2005-07-19T08:43:19Z
2851103,2005-10-07T01:46:28Z
2944829,2005-10-19T14:58:07Z
3677144,2006-01-10T17:14:10Z
4593785,2006-04-01T19:35:09Z
4857593,2006-04-22T21:53:23Z
7667156,2006-10-28T19:24:38Z
13522147,2007-10-01T17:27:28Z
14424426,2007-11-25T23:05:07Z
19541494,2007-03-03T11:08:54Z
23551458,2009-07-09T16:57:59Z
23854748,2009-08-04T01:17:42Z
26684581,2010-03-24T17:25:41Z
31926330,2011-05-29T22:22:43Z
36737489,2012-08-16T14:21:57Z
41159345,2013-11-22T15:47:55Z
46178340,2015-03-20T12:31:08Z
5236,2002-02-25T15:43:11Z
5797,2001-02-21T03:23:43Z
5987,2001-11-06T19:23:54Z
6517,2001-09-25T03:38:56Z
6621,2001-09-30T15:37:23Z
44344,2002-03-14T12:44:08Z
46380,2002-03-28T13:09:33Z
55284,2002-06-07T04:28:44Z
149261,2002-11-20T09:12:37Z
372063,2003-11-19T06:34:53Z
669675,2004-05-21T12:40:22Z
737029,2004-06-19T16:17:21Z
1172521,2004-11-15T16:53:15Z
1182639,2004-11-18T06:05:15Z
1396277,2005-01-14T18:15:25Z
1897245,2005-05-16T23:03:52Z
2160676,2005-07-03T07:36:45Z
3115482,2005-11-09T07:43:07Z
3474432,2005-12-19T23:23:48Z
3567939,2005-12-30T10:44:45Z
5220332,2006-05-20T16:39:24Z
7554116,2006-10-21T23:07:20Z
9434341,2007-02-11T04:06:25Z
11295734,2007-05-18T20:54:06Z
15080345,2008-01-06T12:27:43Z
15588021,2008-02-04T15:11:03Z
16866655,2008-04-10T18:02:02Z
17790253,2008-06-05T15:25:16Z
19624360,2008-10-05T18:42:40Z
22169731,2009-03-28T03:13:38Z
22633997,2009-04-30T23:16:18Z
24580536,2001-05-17T13:07:05Z
28808400,2010-09-13T13:21:09Z
31546082,2011-04-20T02:31:02Z
5225,2001-11-10T16:54:15Z
6328,2001-09-12T15:41:03Z
7701,2002-02-25T15:43:11Z
47520,2002-04-03T22:52:10Z
51203,2002-05-03T12:53:30Z
54229,2002-05-30T17:26:18Z
63526,2002-07-22T21:21:02Z
81611,2002-09-06T22:50:40Z
106238,2002-10-17T17:24:07Z
134971,2002-10-25T07:05:30Z
160878,2002-12-23T02:50:52Z
188774,2003-02-26T17:13:40Z
189015,2003-02-27T04:06:32Z
321869,2003-09-19T13:53:21Z
382890,2003-11-29T18:42:20Z
528249,2004-03-15T11:30:27Z
542054,2004-03-21T17:19:43Z
574337,2004-04-03T21:02:55Z
604727,2004-04-18T21:41:42Z
668916,2004-05-21T02:12:04Z
763555,2004-06-29T10:03:15Z
1012687,2004-09-23T23:27:47Z
1086559,2004-10-20T16:37:54Z
1274232,2004-12-13T22:56:41Z
1476440,2005-02-07T10:32:35Z
1491136,2005-02-10T21:00:12Z
1500869,2005-02-13T16:21:02Z
1700176,2005-04-06T12:16:28Z
3107628,2005-11-08T07:57:26Z
5477824,2006-06-08T13:05:58Z
16844845,2008-04-09T15:30:16Z
29622014,2010-11-16T15:44:48Z
31352816,2011-03-31T19:31:53Z
32027375,2011-06-09T06:47:51Z
37468653,2012-10-27T17:34:48Z
5626,2001-11-04T12:02:55Z
5961,2001-07-28T18:33:55Z
6058,2001-08-09T19:03:21Z
7463,2001-12-13T17:04:30Z
7558,2001-12-24T15:41:56Z
50326,2002-04-25T03:42:52Z
169146,2003-01-14T23:38:29Z
170362,2003-01-17T21:38:51Z
183999,2003-02-16T15:54:45Z
194072,2003-03-09T19:24:32Z
232904,2003-05-24T05:00:24Z
240011,2003-06-04T14:50:05Z
397271,2003-12-11T10:36:24Z
406959,2003-12-18T15:07:48Z
633853,2004-05-04T02:36:31Z
761710,2004-06-28T18:06:56Z
875176,2004-08-03T11:41:58Z
1266561,2004-12-11T18:33:10Z
1372610,2005-01-08T00:13:29Z
1397857,2005-01-15T03:12:43Z
1409120,2005-01-18T22:55:39Z
1509191,2005-02-15T16:11:32Z
1701650,2005-04-06T19:39:21Z
1822603,2005-05-01T01:14:57Z
1828681,2005-05-02T04:51:21Z
2089965,2005-06-22T02:46:30Z
2237309,2005-07-15T03:59:35Z
2461619,2005-08-15T21:15:09Z
4642057,2006-04-05T22:53:53Z
5966550,2006-07-14T19:38:08Z
8276451,2006-12-05T05:58:10Z
10622530,2007-04-12T17:33:35Z
12119816,2007-07-06T16:56:52Z
20279444,2004-05-31T05:19:57Z
5346,2001-03-27T08:53:43Z
5399,2001-10-12T20:56:49Z
6916,2001-10-26T19:37:14Z
6920,2002-02-11T16:48:08Z
7397,2001-12-09T18:00:07Z
36680,2002-02-25T15:51:15Z
40898,2002-02-25T15:43:11Z
68765,2002-08-07T10:48:36Z
161296,2002-12-24T11:33:34Z
162557,2002-12-29T06:37:30Z
180870,2003-02-09T00:09:20Z
234654,2003-05-27T02:07:14Z
292231,2003-08-09T03:49:54Z
324482,2003-09-22T02:57:57Z
440704,2004-01-24T10:06:45Z
456234,2004-02-05T19:30:17Z
525722,2004-03-14T07:11:43Z
697731,2004-06-02T00:26:34Z
979834,2004-09-12T18:54:30Z
996305,2004-09-18T17:47:52Z
1067206,2004-10-14T06:43:58Z
1681164,2005-04-02T03:48:25Z
2986292,2005-10-24T11:09:50Z
3189581,2005-11-18T11:11:23Z
5674131,2006-06-23T01:25:03Z
11503412,2007-05-30T13:38:05Z
19139792,2008-09-02T03:29:10Z
24748949,2009-10-19T15:35:30Z
30871458,2004-12-25T02:07:07Z
33483364,2011-10-21T08:27:52Z
5170,2001-10-30T02:37:50Z
5638,2001-05-10T13:07:34Z
5962,2001-11-05T01:16:23Z
6766,2001-10-18T06:33:36Z
48218,2002-04-08T08:12:07Z
72660,2002-08-17T02:01:21Z
92693,2002-09-27T01:22:23Z
174482,2003-01-26T00:20:16Z
195493,2003-03-13T01:53:45Z
247388,2003-06-16T14:55:50Z
312085,2003-09-05T12:33:30Z
331921,2003-09-30T16:41:46Z
363400,2003-11-11T11:07:27Z
420555,2004-01-04T20:46:26Z
441179,2004-01-24T22:19:40Z
501906,2004-03-03T14:56:47Z
696280,2004-06-01T11:12:24Z
760918,2004-06-28T11:12:33Z
996026,2004-09-18T15:18:11Z
1631391,2005-03-21T15:02:17Z
2291066,2005-07-23T02:49:48Z
2318057,2005-07-27T07:11:42Z
2357487,2005-08-01T21:51:37Z
2591840,2005-09-01T15:20:47Z
5269054,2006-05-24T04:15:29Z
5597859,2006-06-17T09:25:54Z
8592308,2006-12-24T14:06:54Z
9583985,2007-02-19T01:05:40Z
23775176,2009-07-28T14:44:16Z
5177,2001-11-07T22:11:51Z
6042,2001-09-30T15:47:13Z
7660,2002-01-07T00:44:36Z
7722,2002-02-25T15:43:11Z
39316,2002-02-16T03:55:54Z
40929,2002-02-25T15:43:11Z
45207,2002-03-21T02:30:27Z
61346,2002-07-10T20:00:41Z
62018,2002-07-14T09:38:54Z
81945,2002-09-07T20:17:28Z
216794,2003-04-26T17:48:48Z
245966,2003-06-14T08:33:06Z
245990,2003-06-14T09:54:26Z
255426,2003-06-30T11:31:46Z
265447,2002-06-19T07:22:38Z
291161,2003-08-07T14:48:11Z
316410,2003-09-12T01:41:07Z
489145,2004-02-25T23:57:45Z
492448,2004-02-28T07:52:11Z
540289,2004-03-20T23:43:30Z
870786,2004-08-01T06:39:31Z
931814,2004-08-26T10:03:48Z
1201545,2004-08-18T16:18:28Z
1809113,2005-04-28T05:05:10Z
3044088,2005-10-31T09:52:34Z
3189304,2005-11-18T10:03:13Z
4604136,2006-04-02T18:28:07Z
9209651,2001-10-16T14:01:26Z
9435784,2007-02-11T05:26:10Z
9914334,2007-03-07T15:39:10Z
10599506,2007-04-11T16:49:49Z
12708965,2007-08-10T13:14:18Z
12763440,2007-08-14T10:43:27Z
28030850,2001-11-30T22:14:58Z
33727223,2011-11-12T20:32:13Z
33893983,2011-11-28T15:57:35Z
37241398,2012-10-06T07:11:35Z
40362480,2003-02-25T01:01:18Z
57834314,2018-07-05T14:51:58Z
5739,2001-10-26T06:08:03Z
5759,2001-11-08T21:52:10Z
5826,2001-11-18T22:01:51Z
7363,2002-02-25T15:43:11Z
37438,2002-02-03T07:12:17Z
157616,2002-12-13T19:24:56Z
186101,2003-02-21T10:11:13Z
191766,2003-03-04T17:36:26Z
194618,2003-03-10T23:41:43Z
272063,2003-07-19T05:01:45Z
502426,2004-03-03T19:43:44Z
509742,2004-03-07T04:39:31Z
650518,2004-05-12T20:01:48Z
666256,2004-05-19T22:07:51Z
821611,2004-07-14T08:18:21Z
1530689,2005-02-20T23:52:50Z
1638376,2005-03-23T05:50:42Z
1704711,2005-04-07T14:05:28Z
1965377,2005-05-30T23:46:43Z
2174846,2005-07-05T18:22:03Z
2816674,2005-10-02T14:56:05Z
8503698,2006-12-18T21:57:28Z
9986126,2007-03-11T03:36:33Z
15893225,2008-02-22T11:16:15Z
17942910,2008-06-14T19:11:55Z
30865488,2005-04-12T12:50:41Z
31271451,2011-03-23T09:30:26Z
31358653,2011-04-01T10:20:37Z
5561,2001-09-22T05:52:59Z
5926,2001-10-21T16:17:12Z
5966,2001-07-29T04:41:15Z
6019,2001-11-26T18:01:20Z
6511,2001-09-25T00:09:32Z
6863,2002-02-25T15:51:15Z
7543,2001-12-05T23:12:20Z
55236,2001-11-20T13:06:49Z
106418,2002-10-18T03:28:35Z
149353,2002-11-20T14:57:37Z
155414,2002-12-07T01:57:48Z
166084,2003-01-06T18:51:59Z
176927,2003-01-31T00:33:37Z
271430,2003-07-18T15:16:46Z
305924,2003-08-27T16:42:39Z
335109,2003-10-05T08:32:47Z
381774,2003-11-28T10:38:10Z
387537,2003-12-04T17:55:07Z
425779,2004-01-09T23:04:57Z
434428,2004-01-18T06:27:28Z
442136,2004-01-25T20:03:05Z
511466,2004-03-07T23:05:51Z
618584,2004-04-25T21:09:49Z
1139338,2004-11-06T20:55:40Z
1420447,2005-01-22T15:39:27Z
1532719,2005-02-21T14:45:36Z
1563306,2005-03-03T04:03:58Z
2706622,2005-09-19T12:17:18Z
2815048,2005-10-02T11:25:32Z
2910837,2005-10-15T06:22:28Z
4594672,2006-04-01T20:59:26Z
4628222,2006-04-04T19:09:01Z
5063124,2006-05-08T17:08:58Z
6286819,2006-08-06T04:36:41Z
7948184,2006-11-15T06:59:23Z
10433833,2007-04-03T04:58:08Z
11574361,2007-06-03T18:53:36Z
14760591,2007-12-18T08:39:37Z
16300571,2008-03-15T00:06:17Z
21535996,2009-02-14T15:53:27Z
5300,2001-03-21T07:37:01Z
5311,2001-10-25T21:53:15Z
5323,2001-11-18T22:41:50Z
5783,2001-06-27T18:39:23Z
6777,2001-10-13T07:37:37Z
6806,2001-10-16T06:37:52Z
6857,2001-10-22T12:23:12Z
7077,2001-11-11T16:11:35Z
7398,2001-11-05T23:06:35Z
48662,2002-04-11T04:01:40Z
50408,2002-04-25T18:09:19Z
68367,2002-08-06T18:37:45Z
227021,2003-05-14T15:41:04Z
328784,2003-09-27T13:26:23Z
375416,2003-11-22T11:09:29Z
411964,2003-12-23T08:56:47Z
798370,2004-07-09T01:32:06Z
984692,2004-09-14T12:12:14Z
1181008,2004-11-17T21:20:00Z
1408956,2005-01-18T21:51:16Z
2626998,2005-09-06T14:18:42Z
4122592,2006-02-19T01:00:12Z
4810981,2006-04-19T16:34:03Z
7878457,2001-11-02T14:05:53Z
10429990,2007-04-03T00:16:21Z
12075392,2007-07-03T21:37:17Z
15832717,2008-02-18T23:06:26Z
18567210,2008-07-23T20:25:09Z
18842281,2001-08-23T12:27:51Z
18949896,2001-07-30T05:30:37Z
5213,2001-01-16T20:11:02Z
5371,2001-04-02T20:33:26Z
5387,2001-04-06T02:04:42Z
6596,2001-10-25T00:22:59Z
6978,2001-11-02T20:47:14Z
7512,2001-12-19T13:30:38Z
37315,2001-07-26T17:01:58Z
47521,2002-04-03T22:53:58Z
64474,2002-07-25T16:14:04Z
81196,2002-09-06T08:52:04Z
162289,2002-12-28T17:28:29Z
162840,2002-12-30T01:35:58Z
217356,2003-04-27T11:07:27Z
263321,2003-07-08T13:01:30Z
367503,2003-11-15T18:07:02Z
427924,2004-01-12T00:46:08Z
456729,2004-02-06T03:52:13Z
462839,2004-02-10T01:18:47Z
504458,2004-03-04T16:04:55Z
927047,2004-08-24T21:23:35Z
928467,2004-08-25T07:42:49Z
2381958,2005-08-05T03:06:53Z
2581605,2005-08-31T07:11:23Z
3118600,2005-11-09T18:22:38Z
5808234,2006-07-03T07:32:39Z
6979740,2006-09-13T19:44:03Z
9034035,2007-01-21T12:50:14Z
11105645,2007-05-07T18:46:04Z
19472545,2008-09-25T20:20:02Z
24104134,2001-03-06T05:37:52Z
25839999,2010-01-17T16:54:41Z
28331946,2010-08-11T13:50:21Z
38982174,2013-04-01T17:29:21Z
5664,2001-11-04T10:08:54Z
6138,2001-10-11T18:50:37Z
49434,2002-04-17T12:32:19Z
50627,2002-04-27T19:42:33Z
59160,2002-06-24T09:29:17Z
68085,2002-08-05T19:14:19Z
227091,2003-05-14T18:39:03Z
228845,2003-05-18T01:31:06Z
237636,2003-05-31T09:28:13Z
263636,2003-07-09T00:43:31Z
280911,2003-07-27T22:09:45Z
295907,2003-08-13T22:46:58Z
353859,2003-10-31T17:04:55Z
364774,2003-11-12T19:24:48Z
463613,2004-02-10T16:03:00Z
473596,2004-02-17T17:32:52Z
534710,2004-03-18T12:13:39Z
622034,2004-04-27T20:04:41Z
676811,2004-05-24T14:54:57Z
846412,2004-07-21T04:02:34Z
885835,2004-08-08T16:24:50Z
1040970,2004-10-05T04:32:14Z
1187432,2004-11-19T15:35:58Z
1448821,2005-01-30T18:56:39Z
3105999,2005-11-08T03:10:19Z
3755359,2006-01-17T22:56:08Z
3973461,2006-02-06T00:38:16Z
5116781,2006-05-12T15:57:04Z
6932317,2006-09-10T18:26:09Z
19008673,2001-10-22T17:51:39Z
31722662,2011-05-09T12:02:29Z
33132746,2004-06-20T03:09:31Z
41681462,2014-01-19T04:06:27Z
5530,2001-11-12T19:13:18Z
6956,2002-02-25T15:51:15Z
44158,2002-03-13T09:26:23Z
50705,2002-04-28T10:22:23Z
63392,2002-07-22T10:53:30Z
67088,2002-08-02T23:30:07Z
145040,2002-11-08T01:00:21Z
168509,2003-01-13T03:33:29Z
185993,2003-02-21T04:58:26Z
189899,2003-03-01T10:47:14Z
216216,2003-04-25T19:10:55Z
239038,2003-06-02T18:55:43Z
239851,2003-06-04T06:42:29Z
286537,2003-08-02T14:46:18Z
316354,2003-09-12T00:38:50Z
796928,2004-07-08T11:35:03Z
804778,2004-07-11T02:29:40Z
906783,2004-08-17T11:45:10Z
934672,2004-08-27T12:52:35Z
949966,2004-09-01T18:11:04Z
2458485,2005-08-15T12:02:40Z
3118432,2005-11-09T17:55:42Z
4249442,2006-03-02T11:45:28Z
6457329,2006-08-14T17:16:53Z
7096085,2006-09-21T19:17:53Z
7418540,2006-10-13T01:47:31Z
9304783,2007-02-04T08:30:03Z
14467434,2007-11-28T13:31:04Z
16915857,2008-04-13T20:22:02Z
20324344,2001-10-01T11:00:24Z
21606083,2009-02-19T11:46:51Z
22410317,2009-04-14T19:15:32Z
32135416,2011-06-19T06:18:08Z
6122,2001-08-25T14:09:52Z
7818,2002-01-21T15:15:56Z
74845,2002-08-22T15:10:33Z
170522,2003-01-18T03:49:48Z
189768,2002-04-03T18:11:02Z
217152,2003-04-27T03:42:49Z
232167,2003-05-23T01:27:43Z
249613,2003-06-19T16:52:45Z
410793,2003-12-22T02:30:36Z
416651,2003-12-31T14:40:42Z
476398,2004-02-19T12:10:21Z
505189,2004-03-04T22:15:17Z
570984,2004-04-02T04:43:24Z
673768,2004-05-23T03:46:08Z
736018,2004-06-19T02:10:34Z
749852,2004-06-24T12:34:01Z
935515,2004-08-27T18:09:37Z
939453,2004-08-29T07:56:07Z
1231204,2004-12-01T20:05:19Z
1287428,2004-12-17T01:26:37Z
1774081,2005-04-21T08:05:44Z
1896897,2005-05-16T21:59:00Z
2053742,2005-06-15T23:26:30Z
2229899,2005-07-14T02:47:13Z
2625907,2005-09-06T09:24:45Z
2678537,2005-09-14T17:55:17Z
4579350,2006-03-31T11:05:15Z
5042360,2006-05-07T05:18:30Z
5170615,2006-05-16T20:15:25Z
9697733,2007-02-24T22:11:22Z
16360637,2003-06-10T10:28:21Z
19630739,2001-10-31T23:36:35Z
19999420,2008-10-30T12:56:46Z
33957671,2011-12-04T23:46:06Z
36108052,2012-06-11T16:14:17Z
36120070,2012-06-12T20:20:51Z
81904883,2025-12-22T04:50:34Z
5918,2001-07-29T05:48:28Z
6557,2001-09-26T22:51:14Z
7011,2001-11-05T18:08:55Z
7039,2001-11-07T20:08:09Z
45459,2002-03-22T14:00:06Z
47526,2002-04-03T23:02:32Z
75807,2002-08-25T01:41:06Z
100638,2002-10-07T20:51:27Z
125371,2002-10-22T18:09:11Z
265943,2003-07-12T20:09:51Z
275473,2003-07-23T00:50:31Z
296775,2003-08-15T02:13:42Z
420577,2004-01-04T21:03:56Z
435754,2004-01-19T22:09:24Z
464811,2004-02-11T12:36:11Z
541323,2004-03-21T09:18:16Z
650086,2004-05-12T15:45:58Z
1200324,2004-11-23T06:29:30Z
1235959,2004-12-03T00:54:26Z
1361116,2005-01-04T10:51:52Z
1699223,2005-04-06T04:42:00Z
1802169,2005-04-26T22:43:43Z
1850719,2005-05-06T21:47:22Z
5611564,2006-06-18T13:06:22Z
7848908,2006-11-09T03:22:20Z
8302382,2006-12-06T20:00:33Z
9662955,2007-02-23T06:43:15Z
19280537,2001-12-25T17:42:56Z
26615494,2010-03-19T14:09:26Z
41400785,2013-12-18T15:48:10Z
46561894,2015-04-29T17:06:09Z
46881815,2015-06-03T13:06:53Z
67944641,2021-06-14T09:29:15Z
5355,2001-11-09T16:33:23Z
5390,2001-10-02T20:34:43Z
6292,2001-09-21T19:58:47Z
7304,2001-12-02T23:29:55Z
7519,2001-12-20T11:28:31Z
7830,2002-01-22T14:07:07Z
51734,2002-05-08T21:07:18Z
81931,2002-09-07T19:48:39Z
82804,2002-09-09T16:19:41Z
228569,2003-05-17T16:25:46Z
245568,2003-06-13T19:07:32Z
254443,2003-06-28T16:48:10Z
342028,2003-10-16T08:05:30Z
880777,2004-08-06T02:48:34Z
1001490,2004-09-20T12:07:05Z
1302484,2004-12-20T17:14:42Z
1817885,2005-04-30T00:48:16Z
1826695,2005-05-01T19:57:12Z
2149972,2005-07-01T14:00:49Z
2861460,2005-10-08T09:59:24Z
3237201,2005-11-25T05:32:56Z
3984015,2006-02-06T23:49:57Z
4165882,2006-02-22T23:42:29Z
4902127,2006-04-26T10:50:30Z
5614270,2006-06-18T18:05:18Z
8012046,2006-11-19T07:36:36Z
11530184,2007-05-31T23:33:22Z
12253521,2007-07-14T20:31:21Z
13215001,2007-09-11T15:23:29Z
13603643,2007-10-06T18:05:40Z
17095467,2008-04-24T12:40:14Z
23599125,2009-07-14T01:54:30Z
29747989,2010-11-25T10:47:24Z
30643278,2011-01-26T21:45:11Z
34927770,2012-02-29T20:40:02Z
40409788,2013-08-31T15:20:31Z
44819733,2014-12-23T20:21:39Z
52903635,2006-10-31T03:34:19Z
55869832,2017-11-23T14:47:01Z
5278,2001-09-30T06:43:41Z
5863,2001-08-21T23:49:15Z
7720,2002-01-12T01:47:01Z
47700,2002-04-04T23:34:47Z
99421,2002-10-04T20:30:45Z
125293,2001-05-15T12:56:32Z
354978,2003-11-02T08:03:21Z
477292,2004-02-19T22:34:57Z
489748,2004-02-26T10:15:57Z
505972,2004-03-05T08:20:05Z
511046,2004-03-07T19:47:41Z
556263,2004-03-27T04:43:22Z
581195,2004-04-07T02:01:36Z
1060281,2004-10-12T09:12:01Z
1153819,2004-11-10T15:44:33Z
1177019,2004-11-16T21:03:22Z
1438742,2005-01-27T21:40:22Z
1481873,2005-02-08T17:35:18Z
1508434,2005-02-15T11:29:44Z
1828393,2005-05-02T03:23:49Z
1886266,2005-05-14T15:20:16Z
2709792,2005-09-19T21:24:55Z
2722147,2005-09-21T04:31:10Z
2987828,2005-10-24T17:27:56Z
3147501,2005-11-13T04:59:18Z
3157059,2005-11-14T09:47:04Z
3289827,2005-12-01T05:38:54Z
3317016,2005-12-04T06:17:56Z
5062816,2006-05-08T16:41:28Z
6622512,2006-08-23T01:39:43Z
9727748,2007-02-26T06:52:03Z
10014466,2007-03-12T16:08:41Z
11850500,2007-06-19T14:49:34Z
13401263,2007-09-23T12:44:57Z
18541787,2002-07-29T10:48:01Z
18541825,2008-07-22T16:42:41Z
23545710,2009-07-09T03:59:09Z
5876,2001-07-26T10:34:20Z
7376,2001-10-04T18:58:06Z
7783,2002-01-16T14:06:48Z
39834,2002-02-05T02:30:41Z
46259,2002-03-27T15:16:42Z
47687,2001-09-03T20:30:31Z
146642,2002-11-13T00:06:39Z
155443,2002-12-07T03:48:59Z
156339,2002-12-10T00:18:29Z
157057,2002-12-11T23:43:17Z
255297,2003-06-30T05:22:27Z
270014,2003-07-17T05:45:08Z
318352,2003-09-14T15:09:13Z
334463,2003-10-04T13:45:14Z
335380,2003-10-06T03:35:22Z
358820,2003-11-07T04:08:50Z
471487,2002-02-25T15:51:15Z
478009,2004-02-20T09:40:07Z
529916,2004-03-16T04:23:32Z
875035,2004-08-03T09:18:33Z
912407,2004-08-19T17:39:51Z
1297120,2004-12-18T22:56:44Z
2051536,2005-06-15T16:30:09Z
2137836,2005-06-29T17:26:18Z
2178570,2005-07-06T06:50:19Z
2283663,2005-07-22T00:42:19Z
3086453,2005-11-05T15:12:34Z
3214120,2005-11-21T20:40:29Z
4170806,2006-02-23T10:22:33Z
4263630,2006-03-03T17:17:31Z
5483693,2006-06-08T21:59:40Z
9173273,2007-01-28T20:22:00Z
9309794,2007-02-04T16:13:19Z
18665993,2008-07-31T20:09:47Z
5165,2001-04-01T22:48:08Z
6026,2001-08-05T14:37:45Z
9308,2002-01-17T00:46:49Z
36656,2002-01-26T19:59:39Z
36806,2002-01-28T03:10:21Z
38737,2002-02-25T15:43:11Z
38992,2002-02-13T15:45:03Z
42271,2002-02-28T17:03:59Z
42882,2002-03-05T01:04:23Z
47710,2002-04-05T01:05:25Z
47719,2002-04-05T06:39:18Z
166789,2003-01-08T07:58:06Z
171317,2003-01-19T20:43:57Z
196974,2003-03-16T00:58:36Z
230735,2003-05-20T20:49:24Z
275768,2003-07-23T13:26:36Z
374583,2003-11-21T16:18:21Z
502633,2004-03-03T20:45:43Z
523113,2004-03-13T04:25:31Z
995636,2004-09-18T12:20:42Z
1021765,2004-09-27T10:07:11Z
1481119,2005-02-08T11:21:53Z
1579034,2005-03-07T09:38:40Z
1689345,2005-04-04T00:03:42Z
1864889,2005-05-10T00:14:00Z
2011637,2005-06-08T22:06:28Z
2217004,2005-07-12T04:10:27Z
4523093,2006-03-26T16:04:14Z
5185859,2006-05-17T23:28:41Z
6832338,2006-08-02T21:06:52Z
12287675,2007-07-17T04:31:09Z
15690807,2008-02-10T20:55:41Z
26288711,2003-02-04T18:49:37Z
34009293,2011-12-10T02:10:27Z
40423501,2013-09-02T02:04:33Z
6246,2001-09-02T13:56:44Z
7249,2001-11-27T12:07:07Z
7683,2002-01-08T20:32:13Z
37149,2002-02-03T19:10:36Z
157059,2002-12-11T23:45:28Z
175142,2003-01-27T11:59:06Z
245719,2003-06-13T22:39:34Z
246079,2003-06-14T13:44:02Z
274374,2003-07-21T14:37:20Z
279631,2003-07-27T08:11:59Z
318378,2003-09-14T16:38:49Z
372603,2003-11-19T21:17:08Z
384237,2003-12-01T07:06:40Z
410783,2003-12-22T01:57:48Z
557994,2004-03-27T20:08:14Z
601598,2004-04-17T04:35:21Z
673743,2004-05-23T03:27:14Z
681241,2004-05-26T10:36:13Z
1030888,2004-10-01T00:59:35Z
1194146,2004-11-21T16:10:40Z
1432608,2005-01-26T04:36:47Z
2187058,2005-07-07T14:50:31Z
2609612,2005-09-04T03:06:32Z
2658254,2005-09-11T04:37:21Z
3002380,2005-10-26T12:06:03Z
3167944,2005-11-15T17:07:50Z
3408427,2005-12-13T17:53:09Z
3842655,2006-01-25T17:05:07Z
8164966,2006-11-28T17:47:58Z
32731011,2011-08-13T05:39:47Z
39743767,2013-06-21T23:08:59Z
52788324,2017-01-06T04:15:31Z
61504407,2019-08-13T10:03:16Z
80587753,2025-07-31T17:46:55Z
46470,2002-03-29T02:59:35Z
175875,2003-01-28T22:36:34Z
177487,2003-02-01T10:56:08Z
200195,2003-03-23T04:52:28Z
216660,2003-04-26T12:18:26Z
374163,2003-11-21T06:13:57Z
952258,2004-09-02T16:09:20Z
1639303,2005-03-23T13:44:54Z
1930784,2005-05-23T21:45:18Z
1951419,2005-05-27T22:26:08Z
2032590,2005-06-12T20:29:07Z
2544808,2005-08-26T14:27:07Z
2792729,2005-09-29T10:58:57Z
3079085,2005-11-04T16:49:39Z
3301821,2005-12-02T16:10:25Z
3733811,2006-01-15T23:20:51Z
4669364,2006-04-08T04:11:38Z
5023684,2006-05-05T20:31:56Z
5056794,2006-05-08T04:35:21Z
6640441,2006-08-23T18:44:02Z
7500259,2006-10-18T13:20:42Z
13265453,2007-09-14T18:10:12Z
13885392,2007-10-24T03:28:30Z
17855168,2008-06-09T12:43:47Z
19030263,2008-08-25T19:51:54Z
23453085,2009-07-01T08:54:31Z
23639068,2009-07-17T14:39:22Z
33069847,2011-09-13T05:15:07Z
35449910,2012-04-11T05:31:37Z
46399119,2004-01-07T11:57:50Z
65214520,2020-09-03T22:06:30Z
67458764,2021-04-21T08:19:33Z
70018886,2022-02-08T15:07:26Z
6590,2001-10-09T18:36:16Z
7324,2001-12-03T08:19:41Z
157092,2002-12-12T01:11:51Z
185775,2003-02-20T20:35:00Z
297243,2003-08-15T20:47:37Z
308935,2003-09-01T02:28:25Z
416612,2003-12-31T13:25:24Z
695757,2004-06-01T04:59:17Z
714163,2004-06-10T09:19:33Z
1218945,2004-11-28T15:51:54Z
1337370,2004-12-28T18:59:46Z
1557627,2005-03-01T14:36:42Z
1740862,2005-04-14T19:47:57Z
1769020,2005-04-20T11:24:19Z
2507965,2005-08-21T23:04:43Z
2924429,2005-10-17T03:01:40Z
2995499,2005-10-25T15:50:04Z
3659182,2006-01-08T19:19:05Z
4222086,2006-02-28T01:40:17Z
5447834,2006-06-06T12:29:37Z
5843584,2006-07-05T19:34:31Z
8517443,2006-12-19T19:31:29Z
12520196,2007-07-30T00:02:43Z
12694131,2007-08-09T17:28:14Z
14194971,2007-11-11T16:33:45Z
23686727,2009-07-21T10:24:29Z
33363609,2011-10-10T10:49:26Z
37035895,2012-09-17T00:20:57Z
40977477,2013-11-05T06:21:53Z
50874504,2016-06-19T20:13:23Z
51261447,2016-08-06T20:39:14Z
61518918,2019-08-15T02:25:47Z
69169145,2021-11-01T15:39:03Z
5828,2001-10-28T13:11:02Z
6015,2001-11-07T01:49:53Z
6760,2001-10-12T03:21:34Z
7176,2001-11-19T21:18:06Z
7794,2002-01-17T11:52:38Z
40979,2002-02-25T15:51:15Z
43705,2002-03-11T00:12:55Z
47527,2002-04-03T23:07:02Z
58690,2002-06-21T15:26:22Z
72967,2002-08-18T01:48:00Z
145700,2002-11-10T07:12:14Z
156802,2002-12-11T10:37:13Z
167906,2003-01-11T07:01:37Z
181503,2003-02-10T20:21:30Z
211786,2003-04-17T04:58:58Z
219284,2003-05-01T00:12:16Z
219561,2003-05-01T11:59:23Z
242626,2003-06-09T08:48:01Z
346360,2003-10-21T15:40:50Z
417665,2004-01-01T18:52:56Z
433879,2004-01-17T17:36:00Z
912557,2004-08-19T18:43:14Z
919570,2004-08-22T06:23:56Z
923251,2004-08-23T15:32:26Z
1266658,2004-12-11T19:12:45Z
1301844,2004-12-20T09:22:47Z
1588241,2005-03-09T23:47:57Z
2119658,2005-06-26T16:59:56Z
2219673,2005-07-12T15:49:13Z
2438285,2005-08-12T15:51:53Z
2508454,2005-08-22T00:11:09Z
2869469,2005-10-09T14:01:37Z
8769764,2007-01-05T13:59:44Z
12298967,2007-07-17T23:22:25Z
18934432,2001-11-12T21:55:50Z
20285584,2008-11-19T02:21:54Z
22739594,2009-05-09T11:11:08Z
30125638,2002-08-05T11:51:41Z
40119056,2002-03-14T13:35:23Z
45087831,2015-01-17T14:22:24Z
5665,2001-11-17T15:55:46Z
6298,2001-09-08T20:12:03Z
47530,2002-04-03T23:12:26Z
59214,2002-06-24T15:51:44Z
60770,2002-07-06T16:44:56Z
89246,2002-09-22T09:02:50Z
165384,2003-01-04T23:44:21Z
234206,2003-05-26T09:56:30Z
239032,2003-06-02T18:43:26Z
321668,2003-09-19T09:11:08Z
339535,2003-10-12T16:33:10Z
489440,2004-02-26T04:33:16Z
511626,2003-04-30T12:06:20Z
749012,2004-06-24T06:58:22Z
1008510,2004-09-22T17:52:16Z
1077353,2004-10-17T20:43:03Z
1179606,2004-11-17T14:10:19Z
1270187,2004-12-12T21:08:40Z
1283240,2004-12-16T00:42:14Z
1696637,2005-04-05T16:22:56Z
1874543,2005-05-12T01:00:01Z
2557627,2005-08-28T02:00:54Z
2678329,2005-09-14T17:08:35Z
4303453,2006-03-07T03:06:33Z
5498706,2006-06-09T23:06:39Z
10263417,2007-03-25T19:19:02Z
11359053,2007-05-22T15:48:52Z
16767087,2008-04-04T18:28:48Z
19159508,2001-09-17T13:52:29Z
20546339,2008-12-04T19:37:38Z
29547142,2002-12-29T06:47:27Z
30881248,2011-02-15T15:12:00Z
37961224,2002-06-26T18:21:40Z
40763401,2013-10-11T01:21:58Z
42806,2002-03-04T15:59:45Z
44585,2002-03-16T10:11:04Z
106301,2002-10-17T20:35:46Z
129618,2002-10-24T03:31:02Z
377228,2003-11-24T03:54:56Z
384743,2003-12-01T21:09:23Z
384744,2003-12-01T21:09:53Z
859283,2004-07-26T19:26:01Z
957663,2004-09-04T15:30:49Z
1299607,2004-12-19T19:37:25Z
1341419,2004-12-29T19:53:39Z
1478144,2005-02-07T20:19:44Z
1666646,2005-03-29T22:04:00Z
2225712,2005-07-13T14:01:37Z
3369375,2005-12-09T16:03:16Z
3949010,2006-02-03T21:10:31Z
5811763,2006-07-03T14:16:45Z
9888401,2007-03-06T04:16:00Z
12312178,2007-07-18T19:16:17Z
13569091,2007-10-04T17:49:16Z
14538634,2007-12-03T05:47:28Z
17787148,2008-06-05T11:55:37Z
20756967,2001-10-18T16:37:03Z
20786042,2001-07-26T22:22:40Z
25584893,2009-12-28T14:02:10Z
30381591,2011-01-09T05:36:34Z
31632219,2011-04-29T20:23:40Z
32492747,2005-08-21T03:21:30Z
38817016,2013-03-14T23:56:17Z
43555890,2014-08-14T01:48:06Z
45001671,2015-01-10T12:59:37Z
47907369,2015-09-23T06:47:59Z
5184,2001-09-15T16:55:26Z
6016,2001-08-03T15:50:01Z
6781,2002-02-25T15:43:11Z
7955,2001-11-06T00:36:30Z
8494,2001-11-13T21:28:55Z
9015,2002-02-25T15:51:15Z
52644,2002-05-20T17:01:29Z
153663,2002-12-01T16:49:24Z
156970,2002-12-11T20:31:56Z
188524,2003-02-26T03:07:29Z
285235,2003-07-31T10:48:53Z
293511,2003-08-10T20:08:36Z
344879,2003-10-19T19:02:52Z
444704,2004-01-27T19:22:24Z
529418,2004-03-15T22:56:11Z
618169,2004-04-25T18:01:19Z
759697,2004-06-28T01:27:28Z
760958,2004-06-28T11:30:36Z
1158125,2004-11-11T17:08:08Z
1550677,2005-02-27T12:45:54Z
1864077,2005-05-09T20:51:48Z
2047311,2005-06-15T00:06:06Z
2499250,2005-08-20T18:28:59Z
3296562,2005-12-02T00:14:30Z
11014498,2001-10-23T19:56:41Z
13747309,2007-10-16T00:01:22Z
14553158,2007-12-04T08:28:04Z
17405122,2008-05-13T15:33:46Z
17756541,2008-06-03T21:20:23Z
26822423,2010-04-04T10:39:30Z
28914158,2010-09-22T12:10:16Z
38170885,2013-01-08T21:36:26Z
40312228,2013-08-21T14:27:04Z
54112127,2017-05-23T00:00:12Z
66303034,2021-01-06T07:14:38Z
8013,2001-10-22T12:40:04Z
8097,2001-08-15T18:40:16Z
8651,2001-11-18T18:01:13Z
40992,2002-02-25T15:51:15Z
42445,2002-03-02T10:22:22Z
51518,2002-05-06T03:46:08Z
66570,2002-08-01T10:26:18Z
109122,2002-10-18T15:33:35Z
221669,2003-05-05T01:48:15Z
455220,2004-02-05T00:34:41Z
458986,2004-02-07T17:52:08Z
579730,2004-04-06T14:15:25Z
969613,2004-09-08T19:34:16Z
1060889,2004-10-12T14:03:32Z
2234333,2005-07-14T19:04:20Z
2406183,2005-08-08T14:54:27Z
2440037,2005-08-12T20:34:58Z
2646133,2005-09-09T10:02:34Z
2720954,2005-09-21T00:53:03Z
3352495,2005-12-07T22:51:24Z
5063432,2006-05-08T17:34:35Z
7094834,2006-09-21T17:19:54Z
7176679,2006-09-27T12:16:43Z
9810573,2007-03-02T17:03:54Z
11501746,2007-05-30T10:40:53Z
17174890,2008-04-29T07:14:18Z
18985040,2001-03-17T06:29:52Z
19604228,2002-09-13T17:28:31Z
25394531,2009-12-11T10:34:32Z
37090586,2012-09-22T17:29:59Z
40735644,2013-10-08T00:50:54Z
51443362,2016-08-28T14:38:11Z
7990,2001-04-06T16:44:15Z
8377,2001-09-25T19:32:49Z
8406,2001-10-23T10:33:06Z
8495,2001-09-23T10:19:38Z
8519,2001-10-27T15:36:44Z
28174,2002-02-25T15:51:15Z
40996,2002-02-25T15:51:15Z
41961,2002-02-26T12:55:21Z
42253,2002-02-28T16:20:19Z
74041,2002-08-20T16:21:58Z
82871,2002-09-09T19:00:22Z
93817,2002-09-28T13:37:47Z
233953,2003-05-26T00:10:38Z
345937,2003-10-21T01:46:27Z
400457,2003-12-13T21:29:49Z
759422,2004-06-27T23:55:14Z
968357,2004-09-08T10:34:11Z
1079396,2004-10-18T12:23:59Z
1760301,2005-04-18T21:16:37Z
5777916,2006-06-30T22:13:41Z
9467420,2007-02-12T19:24:19Z
28688670,2010-09-03T16:52:12Z
35458904,2012-04-11T17:34:10Z
55958732,2017-12-03T17:02:58Z
8221,2001-10-18T20:27:41Z
8376,2001-11-06T00:05:19Z
9008,2001-12-22T00:48:51Z
47265,2002-04-02T21:14:20Z
50485,2002-04-26T18:43:16Z
54717,2002-06-02T15:59:13Z
105181,2002-10-15T14:29:18Z
133345,2002-10-25T00:40:02Z
152835,2002-11-29T03:36:50Z
172734,2003-01-22T16:25:32Z
191061,2003-03-02T20:42:37Z
301666,2003-08-21T19:46:32Z
452493,2004-02-03T02:00:18Z
612206,2004-04-22T16:50:10Z
866517,2004-07-30T02:03:00Z
934442,2004-08-27T10:29:07Z
1045142,2004-10-06T19:58:25Z
1828131,2005-05-02T01:58:47Z
2301573,2005-07-24T22:23:01Z
8336,2001-08-25T18:23:12Z
8410,2001-10-01T18:18:50Z
8612,2001-10-05T14:13:20Z
49139,2002-04-15T04:01:07Z
61048,2002-07-08T19:07:58Z
61093,2002-07-09T00:01:19Z
66722,2002-08-01T19:48:20Z
188731,2003-02-26T15:27:35Z
210648,2003-04-14T23:15:13Z
232602,2003-05-23T17:33:14Z
265752,2003-07-12T11:51:43Z
365842,2003-11-14T02:59:36Z
422698,2004-01-06T18:07:50Z
446216,2004-01-29T02:10:36Z
447020,2004-01-29T20:56:01Z
469578,2004-02-14T22:56:02Z
577003,2004-04-05T03:20:32Z
920844,2004-08-22T17:57:42Z
1190775,2004-11-20T14:40:09Z
1190842,2004-11-20T15:03:52Z
1971069,2005-06-01T08:39:27Z
2239113,2005-07-15T12:03:39Z
2714979,2005-09-20T11:50:46Z
4329406,2006-03-09T09:32:12Z
5826733,2006-07-04T15:16:14Z
7579995,2006-10-23T09:04:54Z
7980548,2006-11-17T06:14:24Z
21753066,2009-03-01T01:46:57Z
32472154,2011-07-20T06:24:47Z
39292842,2013-05-03T19:49:32Z
41314173,2013-12-09T11:44:35Z
8103,2001-05-17T15:30:12Z
8807,2002-02-25T15:43:11Z
58838,2002-06-22T10:46:38Z
63573,2002-07-23T00:57:23Z
75982,2002-08-25T15:00:02Z
81659,2002-09-07T00:21:52Z
144428,2002-11-05T17:51:32Z
151925,2002-11-26T10:28:43Z
176622,2003-01-30T07:05:54Z
237876,2003-05-31T18:50:18Z
268487,2003-07-15T23:36:11Z
889639,2004-08-10T05:30:41Z
912643,2004-08-19T19:10:50Z
1105823,2004-10-26T18:54:03Z
1195294,2004-11-21T22:38:32Z
1205877,2004-11-24T20:10:39Z
1566642,2005-03-04T00:33:18Z
1738591,2005-04-14T08:47:40Z
2128410,2005-06-28T16:27:55Z
2292483,2005-07-23T09:38:32Z
2297262,2005-07-24T03:51:53Z
2321587,2005-07-27T19:20:26Z
2321606,2005-07-27T19:23:40Z
2855027,2005-10-07T15:10:41Z
5404184,2006-06-03T10:31:23Z
15601327,2008-02-05T03:56:03Z
16673403,2008-03-30T10:14:23Z
17318563,2008-05-08T04:46:31Z
19194778,2008-09-06T01:04:22Z
21653957,2009-02-22T14:57:36Z
22752539,2009-05-10T15:50:47Z
24169775,2009-08-30T22:58:51Z
26998547,2005-07-27T19:17:32Z
44035599,2014-10-06T04:16:35Z
45087159,2002-02-25T15:43:11Z
56641018,2018-02-20T17:16:56Z
7959,2001-10-14T18:25:29Z
8189,2001-03-07T12:50:11Z
9059,2002-02-25T15:51:15Z
9307,2002-02-25T15:51:15Z
38390,2002-02-08T22:59:11Z
41017,2002-02-25T15:51:15Z
66926,2002-08-02T11:56:30Z
125296,2002-10-22T15:28:03Z
126083,2002-10-23T00:13:51Z
142764,2002-10-31T22:54:41Z
157529,2002-12-13T11:57:40Z
179419,2003-02-05T10:09:51Z
194465,2003-03-10T13:27:08Z
240559,2003-06-05T13:12:20Z
251047,2003-06-22T10:15:05Z
376595,2003-11-23T14:05:12Z
575531,2004-04-04T10:35:00Z
653183,2004-05-14T03:39:36Z
881233,2004-08-06T08:19:25Z
920978,2004-08-22T18:59:42Z
931880,2004-08-26T11:04:28Z
1137531,2004-11-06T07:33:48Z
1221457,2004-11-29T06:16:28Z
2370900,2005-08-03T16:12:40Z
2674245,2005-09-13T22:17:12Z
2696466,2005-09-17T18:23:24Z
3474700,2005-12-19T23:51:45Z
4780974,2006-04-17T11:10:13Z
4890070,2006-04-25T12:46:32Z
5703338,2006-06-25T11:41:54Z
6090406,2003-06-24T03:20:38Z
10933184,2007-04-27T17:06:56Z
12810607,2007-08-17T14:19:53Z
12946722,2007-08-25T19:00:58Z
20226904,2008-11-15T22:44:42Z
34413419,2012-01-17T21:55:43Z
43727073,2014-09-03T02:46:21Z
8005,2001-04-16T05:06:56Z
8131,2001-05-28T00:35:10Z
8280,2001-08-06T09:59:52Z
8429,2001-09-13T09:07:21Z
8456,2002-02-25T15:43:11Z
39776,2002-02-25T15:51:15Z
45642,2002-03-23T15:12:21Z
61388,2002-07-11T00:26:29Z
62844,2002-07-20T00:24:24Z
69193,2002-08-08T04:56:10Z
101107,2002-10-08T14:02:36Z
277226,2003-07-25T17:57:35Z
287542,2003-08-04T02:10:57Z
291268,2003-08-07T18:54:10Z
297039,2003-08-15T14:25:53Z
374964,2003-11-21T22:29:46Z
406430,2003-12-18T04:55:52Z
437701,2004-01-21T14:14:29Z
522274,2004-03-12T20:13:07Z
531587,2004-03-16T23:03:42Z
543033,2004-03-22T01:03:28Z
554671,2004-03-26T17:16:52Z
661384,2004-05-17T19:39:04Z
840273,2004-07-18T14:45:25Z
927267,2004-08-24T22:34:59Z
949526,2004-09-01T14:57:10Z
1369239,2005-01-06T23:02:40Z
1568513,2005-03-04T14:14:17Z
1642342,2005-03-24T05:41:33Z
2343883,2005-07-30T22:25:35Z
4303674,2006-03-07T03:26:58Z
7443785,2006-10-14T20:08:42Z
7746391,2006-11-02T21:00:25Z
17540331,2008-05-21T09:49:50Z
19751792,2008-10-13T00:53:28Z
7921,2001-09-23T00:32:42Z
8104,2002-02-25T15:43:11Z
8187,2001-03-07T03:12:24Z
8468,2001-09-14T21:11:50Z
8560,2001-09-29T23:58:56Z
9135,2002-01-16T18:44:26Z
9541,2001-06-29T15:17:47Z
46790,2002-03-30T20:38:03Z
47922,2002-04-06T08:49:05Z
57713,2002-06-17T02:44:42Z
74553,2002-08-22T01:20:55Z
140281,2002-10-26T05:16:20Z
156787,2002-12-11T09:33:13Z
183503,2003-02-15T08:36:09Z
293065,2003-08-10T06:19:44Z
396619,2003-12-10T22:29:54Z
469609,2004-02-14T23:22:25Z
535865,2004-03-18T21:54:35Z
665951,2004-05-19T20:22:42Z
873829,2004-08-02T20:17:27Z
949189,2004-09-01T11:59:47Z
1182291,2004-11-18T03:53:49Z
1512011,2005-02-16T04:00:11Z
2946006,2005-10-19T18:04:30Z
3018110,2005-10-28T07:33:37Z
3192331,2005-11-18T20:44:41Z
3497359,2005-12-22T05:09:10Z
3689758,2006-01-11T20:43:49Z
3877767,2006-01-28T21:30:02Z
4529151,2006-03-27T03:27:46Z
5438469,2006-06-05T20:25:22Z
7481866,2006-10-17T08:27:20Z
11366453,2007-05-22T23:03:55Z
18432824,2008-07-14T14:16:47Z
18955999,2001-09-29T10:26:44Z
20620848,2008-12-10T02:43:14Z
24298124,2009-09-10T13:50:27Z
56178994,2017-12-31T14:44:03Z
8449,2001-09-14T08:31:39Z
8498,2001-09-24T14:21:01Z
8524,2001-10-02T03:41:51Z
9101,2002-01-10T21:12:37Z
54911,2002-06-03T22:46:21Z
54912,2002-06-03T22:49:20Z
56526,2002-06-13T10:18:47Z
56533,2002-06-13T10:53:05Z
174236,2003-01-25T05:49:10Z
208217,2003-04-10T09:34:29Z
210183,2003-04-14T02:03:52Z
338738,2003-10-11T10:36:16Z
362930,2003-11-11T00:15:18Z
536032,2004-03-18T23:31:26Z
598669,2004-04-15T18:19:17Z
723067,2004-06-13T16:27:39Z
1331655,2004-12-27T13:15:59Z
1404586,2005-01-17T11:26:39Z
1422176,2005-01-23T04:12:19Z
2149045,2005-07-01T10:02:43Z
2225882,2005-07-13T14:36:41Z
2629174,2005-09-06T21:02:28Z
3187689,2005-11-18T03:11:59Z
3192601,2005-11-18T21:30:31Z
5837233,2006-07-05T09:52:20Z
9252911,2007-02-01T19:07:59Z
11530049,2007-05-31T23:23:02Z
15650785,2008-02-08T04:42:10Z
27488100,2010-05-26T18:51:26Z
30487688,2011-01-15T22:09:30Z
40017873,2001-08-15T16:18:33Z
42003438,2014-02-21T00:53:53Z
43129588,2006-03-07T00:27:25Z
7938,2001-03-10T18:04:09Z
7989,2001-02-13T01:12:52Z
8007,2001-08-28T14:59:59Z
8315,2001-08-14T22:33:13Z
8391,2001-09-24T07:13:11Z
8540,2001-09-30T14:11:46Z
8613,2001-11-05T00:29:25Z
41026,2002-02-25T15:43:11Z
46374,2001-08-20T17:21:29Z
66554,2002-08-01T08:54:33Z
81761,2002-09-07T04:41:41Z
163389,2002-12-31T18:39:42Z
241810,2003-06-07T18:35:25Z
300295,2003-08-20T02:32:23Z
351909,2003-10-29T00:40:02Z
522519,2004-03-12T22:47:27Z
610617,2004-04-21T20:41:23Z
740883,2004-06-21T13:25:58Z
773959,2004-07-03T07:37:53Z
903303,2004-08-16T01:59:21Z
1735240,2005-04-13T20:03:32Z
1748525,2005-04-16T07:43:33Z
2473516,2005-08-17T10:41:54Z
2606645,2005-09-03T18:30:41Z
3148197,2005-11-13T07:24:05Z
3277656,2005-11-30T00:02:38Z
4060687,2006-02-13T18:03:00Z
6251357,2006-08-03T22:44:38Z
7989797,2006-11-17T20:53:43Z
11053456,2007-05-04T13:40:58Z
16891455,2008-04-12T06:07:31Z
17527026,2008-05-20T18:18:08Z
17684928,2008-05-30T12:39:11Z
21035463,2009-01-10T20:51:28Z
35949148,2012-05-27T04:40:48Z
8460,2001-09-15T06:05:44Z
8562,2001-10-13T04:40:42Z
8564,2002-02-25T15:43:11Z
8603,2001-10-17T20:35:16Z
8625,2001-11-08T02:59:25Z
50416,2002-04-25T20:39:16Z
102867,2002-10-12T19:37:28Z
104444,2002-10-14T21:01:10Z
165423,2003-01-05T02:40:40Z
212101,2003-04-17T21:58:49Z
263886,2003-07-09T10:08:40Z
330206,2003-09-28T13:35:55Z
570580,2004-04-02T01:29:38Z
645335,2004-05-10T01:54:30Z
679294,2004-05-25T09:02:45Z
765457,2004-06-30T00:06:35Z
833506,2004-07-16T19:14:44Z
915081,2004-08-20T14:33:37Z
1057785,2004-10-11T16:17:07Z
1424309,2005-01-23T20:41:07Z
1667059,2005-03-29T23:56:58Z
2119219,2002-05-20T04:12:10Z
2240709,2005-07-15T17:12:36Z
2959101,2005-10-21T03:40:58Z
3694796,2006-01-12T06:32:01Z
4510252,2006-03-25T12:27:19Z
5326547,2006-05-28T19:31:32Z
15513875,2008-01-31T07:23:19Z
19868716,2008-10-21T01:58:32Z
19908550,2008-10-23T19:21:46Z
22279266,2009-04-04T17:29:13Z
23941067,2009-08-11T09:08:50Z
52036598,2016-10-19T03:23:31Z
55824030,2017-11-18T01:15:02Z
59939845,2019-02-13T07:03:23Z
71912239,2022-10-04T03:07:09Z
8267,2001-11-04T03:00:52Z
8271,2001-10-31T00:10:41Z
8276,2001-08-03T18:29:29Z
8398,2001-10-07T05:01:24Z
8525,2001-11-14T21:53:00Z
39068,2002-02-13T14:26:00Z
41033,2002-02-25T15:51:15Z
45809,2002-03-01T11:41:14Z
52797,2002-05-21T14:00:34Z
53723,2002-05-27T09:57:32Z
78442,2002-08-31T17:38:15Z
92943,2002-09-27T12:40:00Z
97922,2002-10-02T06:25:50Z
148113,2002-11-17T04:48:18Z
154505,2002-12-04T18:39:02Z
363204,2003-11-11T05:19:44Z
503726,2004-03-04T05:34:17Z
564685,2004-03-30T17:51:25Z
564961,2004-03-30T21:08:50Z
579867,2004-04-06T15:10:25Z
591638,2004-04-12T07:33:29Z
817771,2004-07-13T20:38:47Z
975686,2004-09-11T03:04:26Z
1404387,2005-01-17T09:25:03Z
1934335,2005-05-24T16:05:47Z
4035228,2006-02-11T06:56:55Z
4869700,2006-04-23T21:22:47Z
7643482,2006-10-27T04:59:26Z
9933471,2007-03-08T15:07:26Z
12060085,2007-07-02T22:59:29Z
16142733,2008-03-06T21:16:57Z
18934863,2001-11-09T20:27:44Z
21979868,2002-04-09T20:31:43Z
30889569,2002-04-03T21:54:57Z
44858124,2014-12-27T20:04:20Z
47349395,2015-07-27T01:35:13Z
57639032,2018-06-09T04:29:28Z
59238166,2018-12-04T02:45:04Z
8254,2001-09-10T03:09:34Z
8378,2001-09-02T10:38:54Z
8748,2001-10-31T12:04:30Z
9109,2002-01-12T16:03:12Z
44629,2002-03-16T16:20:10Z
50549,2002-04-27T08:28:12Z
51331,2001-07-31T12:53:44Z
176964,2003-01-31T02:34:15Z
186259,2003-02-21T19:24:36Z
443366,2004-01-26T17:40:30Z
465156,2004-02-11T21:14:39Z
502205,2004-03-03T17:53:45Z
505892,2004-03-05T06:48:12Z
561717,2004-03-29T06:56:04Z
569213,2004-04-01T12:42:30Z
569315,2004-04-01T13:57:03Z
762048,2004-06-28T20:45:43Z
1023548,2004-09-28T00:28:21Z
1221268,2004-11-29T04:46:11Z
1573097,2005-03-05T20:43:24Z
2000000,2005-06-06T10:28:06Z
2171432,2005-07-05T04:04:40Z
2249388,2005-07-17T01:50:56Z
2421141,2005-08-10T13:47:40Z
3144048,2005-11-12T19:48:53Z
9270073,2007-02-02T15:39:44Z
17140219,2008-04-27T09:03:16Z
17187181,2008-04-30T00:11:54Z
19062112,2008-08-27T15:42:08Z
20663724,2008-12-12T15:33:29Z
22319687,2009-04-07T17:52:20Z
22685501,2004-06-15T23:39:41Z
27361557,2010-05-15T08:00:47Z
35375299,2012-04-08T00:13:22Z
36045116,2012-06-05T09:52:34Z
50668624,2016-05-29T18:00:30Z
62826184,2020-01-14T10:35:16Z
8492,2001-09-23T02:30:52Z
8811,2001-11-13T20:37:06Z
39407,2002-02-17T12:56:27Z
47713,2002-04-05T04:32:45Z
55335,2002-06-07T12:00:53Z
56061,2002-06-10T22:58:29Z
56285,2001-04-12T17:27:21Z
59597,2002-06-26T14:56:33Z
59962,2002-04-25T16:34:38Z
267487,2003-07-14T16:41:37Z
332714,2003-10-01T19:16:22Z
334641,2003-10-04T18:30:39Z
386468,2003-12-03T20:58:53Z
423504,2004-01-07T12:31:32Z
922554,2004-08-23T08:21:27Z
1079448,2004-10-18T13:03:54Z
1116842,2004-10-30T02:49:10Z
4902101,2006-04-26T10:46:16Z
5390895,2006-06-02T12:31:04Z
5532906,2006-06-12T16:31:52Z
7107628,2006-09-22T13:58:51Z
11015552,2007-05-02T05:49:05Z
14124925,2007-11-07T17:20:24Z
17637383,2008-05-27T13:47:22Z
17700015,2008-05-31T09:09:00Z
19721986,2008-10-10T22:23:33Z
22322716,2009-04-07T22:11:59Z
54516626,2006-04-16T08:41:20Z
59311209,2018-12-07T20:49:21Z
66584181,2021-02-02T07:00:22Z
67470453,2021-04-22T12:33:39Z
8072,2001-04-27T18:59:33Z
8301,2001-08-17T16:18:31Z
8472,2001-09-18T11:09:47Z
39378,2002-02-16T19:11:12Z
72467,2002-08-16T11:05:46Z
164572,2003-01-03T14:59:13Z
172333,2003-01-21T22:11:35Z
221284,2003-05-04T14:07:37Z
306882,2003-08-29T00:57:08Z
330017,2003-09-28T08:43:51Z
450703,2004-02-01T17:43:32Z
555119,2004-03-26T20:43:54Z
564695,2004-03-30T17:58:47Z
654387,2004-05-14T19:47:49Z
684703,2004-05-28T11:01:07Z
700316,2004-06-03T03:28:37Z
730189,2004-06-16T12:55:07Z
795334,2004-07-07T21:39:55Z
859285,2004-07-26T19:28:04Z
1272984,2004-12-13T15:06:06Z
1459535,2005-02-02T13:40:18Z
1616775,2005-03-18T00:29:57Z
3919296,2006-02-01T10:00:56Z
4267820,2006-03-04T00:07:27Z
4855071,2006-04-22T18:14:00Z
5392116,2006-06-02T14:27:39Z
6786225,2006-08-31T20:03:21Z
7508003,2006-10-18T23:19:08Z
8119545,2006-11-25T21:30:06Z
9646527,2007-02-22T11:42:06Z
10006830,2007-03-12T04:14:20Z
31918576,2011-05-29T00:52:47Z
34696808,2012-02-11T19:27:34Z
43886930,2014-09-20T13:47:58Z
8328,2001-08-17T20:35:18Z
8501,2001-10-29T13:00:31Z
8691,2001-10-25T09:53:11Z
49492,2002-04-17T18:10:58Z
53696,2002-05-27T04:00:58Z
142348,2002-10-30T16:49:00Z
156653,2002-12-10T23:16:09Z
185663,2003-02-20T14:39:41Z
201153,2003-03-25T03:54:20Z
245963,2003-06-14T08:25:01Z
250984,2003-06-22T05:16:58Z
274816,2003-07-22T03:59:44Z
301950,2003-08-22T02:47:00Z
369979,2003-11-17T09:06:36Z
428966,2004-01-13T01:08:38Z
697208,2004-06-01T20:14:36Z
751771,2004-06-25T00:57:28Z
913985,2004-08-20T04:09:28Z
1256713,2004-12-08T20:20:40Z
1322118,2004-12-24T11:18:10Z
1753454,2005-04-17T12:58:21Z
3312817,2005-12-03T21:04:55Z
4553647,2006-03-29T07:36:41Z
4706683,2006-04-11T14:59:55Z
8882453,2007-01-12T04:27:12Z
8889074,2007-01-12T17:20:03Z
14335899,2007-11-20T20:34:26Z
14449501,2007-11-27T12:33:59Z
17176574,2008-04-29T11:10:55Z
23599858,2009-07-14T03:18:02Z
25643772,2010-01-01T11:29:32Z
25896411,2010-01-21T21:41:49Z
30610933,2011-01-24T17:01:10Z
33001141,2011-09-06T17:58:07Z
48195477,2015-10-12T22:01:52Z
52191345,2016-11-04T19:02:31Z
8339,2001-08-20T10:20:39Z
8637,2001-10-11T14:30:14Z
8724,2001-10-29T21:15:48Z
39878,2002-02-25T15:51:15Z
50263,2002-04-24T17:43:06Z
55526,2002-06-08T13:34:00Z
62603,2002-07-18T02:39:00Z
71608,2002-08-14T10:17:34Z
143806,2002-11-04T00:51:57Z
161228,2002-12-24T04:31:39Z
164430,2003-01-03T05:00:08Z
167258,2003-01-09T19:50:35Z
188886,2003-02-26T21:43:27Z
229180,2003-05-18T16:04:08Z
301390,2003-08-21T11:41:34Z
325077,2003-09-22T22:39:53Z
519239,2004-03-11T08:30:53Z
1020491,2004-09-26T22:56:56Z
1034370,2004-10-02T17:34:32Z
1096688,2004-10-23T22:02:53Z
1331441,2004-12-27T10:37:21Z
1589081,2005-03-10T05:15:35Z
3183631,2005-11-17T14:46:24Z
3546942,2005-12-28T08:59:11Z
8667,2001-10-28T21:46:28Z
53603,2002-05-26T18:42:57Z
53734,2001-06-06T05:30:10Z
53897,2002-05-28T03:50:58Z
74803,2002-08-22T13:25:49Z
85437,2002-09-14T20:49:11Z
157093,2002-12-12T01:12:30Z
177240,2003-01-31T18:52:11Z
241027,2003-06-06T06:06:10Z
251024,2003-06-22T08:15:23Z
254127,2003-06-27T23:22:51Z
318920,2003-09-15T08:21:52Z
349732,2003-10-25T21:48:03Z
399169,2003-12-12T22:22:13Z
586610,2004-04-09T23:30:19Z
1648512,2005-03-25T20:05:07Z
2130253,2005-06-28T19:22:59Z
3257325,2005-11-27T20:12:24Z
3830649,2006-01-24T15:46:34Z
4545466,2006-03-28T16:48:37Z
4742498,2006-04-14T04:02:27Z
6233627,2006-08-02T20:33:49Z
6544326,2006-08-18T22:24:52Z
7561983,2006-10-22T10:27:48Z
7903176,2006-11-12T17:56:38Z
8621426,2006-12-27T01:49:14Z
10449471,2007-04-04T01:26:19Z
13519842,2007-10-01T14:26:54Z
46523314,2015-04-26T03:19:25Z
59518311,2018-12-29T23:55:02Z
62466987,2019-11-30T11:53:19Z
41068,2002-02-25T15:43:11Z
44298,2002-03-14T09:09:43Z
54509,2002-06-01T17:00:29Z
171728,2003-01-20T14:01:22Z
172291,2003-01-21T19:15:46Z
191162,2003-03-03T01:37:41Z
198725,2003-03-19T18:35:49Z
200919,2003-03-24T16:56:51Z
665139,2004-05-19T10:52:26Z
726015,2004-06-14T22:25:41Z
757254,2004-06-27T04:46:41Z
947692,2004-08-31T19:43:30Z
1022803,2004-09-27T19:06:15Z
1099396,2004-10-24T19:52:21Z
1390192,2005-01-12T17:20:43Z
1850694,2005-05-06T21:39:59Z
1980717,2005-06-03T00:31:21Z
2137292,2005-06-29T16:08:51Z
2518907,2005-08-23T09:59:53Z
2583979,2005-08-31T14:34:07Z
2925542,2005-10-17T07:04:29Z
4606816,2006-04-02T23:01:09Z
8513194,2006-12-19T13:28:09Z
9311172,2004-03-09T20:24:37Z
13643769,2007-10-09T09:15:44Z
17442209,2008-05-15T17:11:44Z
20159769,2008-11-11T03:06:00Z
21280519,2009-01-27T13:21:48Z
25406936,2009-12-12T11:31:37Z
38918026,2013-03-25T19:45:33Z
41620681,2014-01-12T15:25:01Z
63312757,2020-03-07T23:29:07Z
77184563,2024-06-19T15:43:59Z
7890,2001-11-02T23:23:15Z
7939,2002-02-25T15:43:11Z
8246,2001-07-27T09:32:45Z
37674,2002-02-25T15:43:11Z
37834,2002-02-05T12:15:32Z
41078,2002-02-25T15:51:15Z
42169,2002-02-28T03:27:36Z
58161,2002-06-19T11:12:58Z
60605,2002-07-05T18:27:47Z
70184,2002-08-10T12:43:17Z
87019,2002-09-17T21:27:05Z
162714,2002-12-29T19:13:38Z
191064,2003-03-02T20:45:45Z
274317,2003-07-21T13:06:58Z
285246,2003-07-31T10:53:53Z
387063,2003-12-04T05:29:50Z
482602,2004-02-22T19:32:11Z
647987,2004-05-11T11:44:51Z
650321,2004-05-12T17:57:47Z
693213,2004-05-31T05:21:23Z
964475,2004-09-07T01:35:06Z
1228141,2004-11-30T22:54:52Z
1750677,2005-04-16T20:35:01Z
1886550,2005-05-14T16:47:32Z
2937104,2005-10-18T18:30:50Z
3525741,2005-12-25T21:38:08Z
4864529,2006-04-23T12:17:17Z
6202487,2006-07-31T19:20:58Z
6395779,2006-08-11T19:16:08Z
6547678,2006-08-19T01:39:13Z
7130789,2006-09-24T03:48:24Z
7236219,2006-10-01T08:43:03Z
8082883,2006-11-23T08:34:57Z
10623060,2007-04-12T18:03:16Z
14790437,2007-12-19T22:21:57Z
17928005,2008-06-13T19:55:40Z
19379318,2008-09-19T00:08:20Z
19454814,2008-09-24T15:56:17Z
19985174,2001-10-31T00:59:34Z
32154505,2011-06-20T22:11:10Z
33964306,2011-12-05T16:38:17Z
50410017,2016-05-03T16:34:48Z
71482441,2022-08-08T11:09:12Z
8578,2001-10-01T18:42:02Z
8888,2001-11-27T21:32:02Z
9087,2002-01-06T12:01:23Z
9611,2001-07-27T14:41:08Z
9633,2001-11-08T20:21:59Z
74567,2002-07-29T08:04:33Z
125297,2002-10-22T15:29:26Z
226020,2003-05-12T22:35:36Z
255217,2003-06-30T01:18:16Z
277109,2003-07-25T13:08:49Z
292107,2003-08-08T23:05:54Z
293725,2003-08-11T02:49:51Z
456930,2004-02-06T07:08:58Z
609812,2004-04-21T10:24:00Z
846175,2004-07-21T01:36:08Z
980612,2004-09-13T00:11:28Z
990632,2004-09-16T12:12:39Z
1004706,2004-09-21T12:35:06Z
1109942,2004-10-28T00:47:18Z
1382245,2005-01-10T18:42:33Z
2801321,2005-09-30T16:14:08Z
3091589,2005-11-06T05:26:42Z
5069898,2006-05-09T01:57:52Z
5908484,2006-07-10T17:45:57Z
8970644,2007-01-17T16:13:34Z
10631769,2007-04-13T01:26:52Z
12052214,2007-07-02T13:31:00Z
12756091,2007-08-13T21:36:59Z
20880367,2008-12-29T18:00:49Z
31670661,2011-05-04T00:40:55Z
48791499,2015-12-11T13:59:58Z
60827351,2019-05-21T23:38:45Z
67903344,2021-06-09T13:25:59Z
71435464,2022-08-01T18:47:06Z
77490350,2024-08-01T10:05:53Z
9228,2001-11-06T03:00:43Z
66572,2002-08-01T10:42:21Z
146689,2002-11-13T03:24:52Z
146983,2002-11-13T22:00:54Z
213214,2003-04-20T04:57:21Z
251636,2003-06-23T14:50:15Z
415674,2003-12-30T07:48:27Z
530768,2004-03-16T15:47:51Z
647994,2004-05-11T11:49:33Z
649115,2004-05-12T00:06:17Z
768413,2002-02-16T23:23:10Z
878461,2004-08-04T22:55:00Z
944638,2004-08-30T17:41:59Z
1079771,2004-10-18T15:43:32Z
1705831,2005-04-07T19:21:42Z
1735374,2005-04-13T20:35:46Z
2042949,2005-06-14T09:44:11Z
2081765,2005-06-20T22:02:55Z
2111048,2005-06-25T03:16:01Z
3406972,2005-12-13T14:55:58Z
4396171,2006-03-15T02:24:37Z
10747995,2007-04-18T09:23:06Z
18621290,2008-07-28T19:08:53Z
20653168,2001-10-25T21:08:19Z
21902683,2009-03-10T13:21:10Z
37990828,2012-12-21T08:37:03Z
53365898,2017-03-03T00:19:38Z
9264,2001-09-18T12:33:47Z
10070,2001-11-08T20:16:18Z
42207,2002-02-28T10:01:41Z
46379,2002-03-28T13:00:38Z
48387,2002-04-09T09:54:51Z
56825,2002-06-13T23:45:29Z
61028,2002-07-08T13:41:47Z
67244,2002-08-03T10:11:14Z
167506,2003-01-10T06:35:53Z
177694,2003-02-02T00:40:53Z
252969,2003-06-25T22:33:34Z
322376,2003-09-20T02:06:19Z
425379,2004-01-09T11:18:24Z
473391,2004-02-17T14:20:56Z
480107,2004-02-21T12:12:46Z
679587,2004-05-25T15:32:17Z
863410,2004-07-28T16:28:16Z
969597,2004-09-08T19:26:40Z
975300,2004-09-10T23:39:33Z
999267,2004-09-19T18:09:48Z
1037836,2004-10-04T00:35:43Z
1096021,2004-10-23T17:46:21Z
1451418,2005-01-31T10:41:23Z
1633173,2005-03-21T23:36:52Z
2374831,2005-08-04T03:47:51Z
3414025,2005-12-14T03:39:07Z
3574959,2005-12-31T02:08:45Z
8887731,2007-01-12T15:47:25Z
9218826,2007-01-31T02:46:30Z
9508858,2007-02-14T21:50:53Z
11604541,2007-06-05T08:09:14Z
15944225,2008-02-25T10:13:12Z
17530866,2008-05-20T21:52:41Z
19681430,2001-11-04T04:06:43Z
22623677,2009-04-30T02:42:52Z
33096342,2011-09-15T16:51:14Z
40736006,2013-10-08T01:33:47Z
40736023,2013-10-08T01:36:41Z
61473187,2019-08-08T23:44:46Z
61662810,2019-09-02T01:36:38Z
9223,2001-10-07T15:50:29Z
9630,2001-09-28T21:18:27Z
9632,2001-09-27T10:29:05Z
10211,2001-12-06T00:05:22Z
10390,2002-02-25T15:43:11Z
10517,2002-01-21T15:08:33Z
45383,2002-03-22T02:03:59Z
50145,2002-04-23T11:25:37Z
57349,2002-06-15T16:07:13Z
69415,2002-08-08T16:09:13Z
72529,2002-08-16T13:09:14Z
148131,2002-11-17T06:10:09Z
177512,2003-02-01T14:53:37Z
210522,2003-04-14T16:35:17Z
216664,2003-04-26T12:28:49Z
227572,2003-05-15T22:11:17Z
234138,2003-05-26T06:49:11Z
241232,2003-06-06T14:47:43Z
261310,2003-07-05T04:08:03Z
277532,2003-07-26T04:11:32Z
340363,2003-10-14T00:50:25Z
638834,2004-05-06T17:32:21Z
664332,2004-05-19T00:51:27Z
692262,2004-05-30T21:18:13Z
762246,2004-06-28T22:06:29Z
1268770,2004-12-12T08:22:10Z
1765418,2005-04-19T20:21:57Z
2649947,2005-09-09T23:40:56Z
4610544,2006-04-03T06:33:46Z
5016758,2006-05-05T06:30:40Z
6639133,2006-02-16T01:25:12Z
7173874,2006-09-27T05:12:49Z
7318603,2006-10-06T11:30:54Z
12255159,2007-07-14T23:02:46Z
24613993,2009-10-08T02:01:53Z
38802668,2005-10-17T02:39:28Z
60945092,2019-06-03T19:43:53Z
9252,2001-11-07T14:43:15Z
47261,2002-04-02T21:03:15Z
69440,2002-08-08T18:18:18Z
315458,2003-09-10T16:41:44Z
331680,2003-09-30T07:32:32Z
378783,2003-11-25T11:22:18Z
437276,2004-01-21T04:03:04Z
460983,2004-02-08T20:10:20Z
465008,2004-02-11T18:17:37Z
542725,2004-03-21T22:20:47Z
570945,2004-04-02T04:24:14Z
634764,2004-05-04T14:44:36Z
635234,2004-05-04T18:57:02Z
681582,2004-05-26T17:40:56Z
803597,2004-07-10T17:52:00Z
1228848,2004-12-01T01:59:18Z
1460629,2005-02-02T22:51:38Z
1481140,2005-02-08T11:28:30Z
1944675,2005-05-26T16:07:50Z
2119174,2005-06-26T15:09:23Z
2208458,2005-07-10T21:40:04Z
3244136,2005-11-26T05:14:22Z
3670866,2006-01-09T23:35:11Z
4318651,2006-03-08T12:06:59Z
19918654,2008-10-24T10:47:35Z
9232,2001-03-01T20:20:29Z
10296,2001-12-20T03:24:09Z
164602,2003-01-03T16:03:45Z
219596,2003-05-01T13:10:44Z
228601,2003-05-17T17:13:06Z
229619,2003-05-19T03:24:04Z
411005,2003-12-22T07:30:17Z
424540,2004-01-08T17:20:59Z
476351,2004-02-19T11:30:39Z
568509,2004-04-01T03:30:48Z
598536,2004-04-15T17:08:35Z
817735,2004-07-13T20:34:14Z
856618,2004-07-25T15:48:09Z
896469,2004-08-12T22:14:06Z
913539,2004-08-20T01:00:53Z
1034602,2004-10-02T18:56:34Z
1057638,2004-10-11T15:32:39Z
2248284,2005-07-16T21:39:36Z
2380302,2005-08-04T22:03:51Z
2585991,2005-08-31T20:32:11Z
4414875,2006-03-16T20:52:28Z
11944078,2007-06-25T12:17:44Z
16847243,2008-04-09T18:10:58Z
18580345,2008-07-25T13:21:37Z
19928041,2008-10-25T01:54:14Z
20611030,2003-01-11T03:39:21Z
21155519,2009-01-19T02:48:29Z
27250866,2010-05-06T02:15:06Z
35895879,2012-05-21T23:46:58Z
37063005,2012-09-19T18:13:26Z
47512577,2015-08-13T04:31:37Z
47512587,2015-08-13T04:34:34Z
48688319,2015-11-30T08:40:10Z
49557688,2016-02-26T22:57:06Z
67695754,2021-05-18T08:10:09Z
73734233,2023-05-05T18:16:35Z
75008530,2023-10-08T17:17:41Z
78827370,2025-01-07T16:04:56Z
80079885,2025-05-29T01:07:01Z
6207,2001-09-16T16:46:11Z
9457,2001-09-16T17:44:10Z
9656,2002-02-25T15:51:15Z
9804,2001-09-25T18:08:51Z
41092,2002-02-25T15:51:15Z
65907,2002-07-30T03:44:14Z
76086,2002-08-26T01:19:09Z
82330,2002-09-08T15:05:10Z
171614,2003-01-20T08:17:52Z
268923,2003-07-16T05:37:56Z
425310,2004-01-09T08:34:41Z
492429,2004-02-28T07:41:07Z
504902,2004-03-04T20:07:34Z
667057,2004-05-20T05:25:03Z
1191101,2004-11-20T16:55:25Z
1239265,2004-12-03T20:57:59Z
3007213,2005-10-26T23:51:43Z
3508315,2005-12-23T11:40:53Z
3617189,2006-01-04T17:45:29Z
3697808,2006-01-12T14:52:57Z
5634358,2006-06-20T05:11:52Z
8147257,2006-11-27T17:16:40Z
12683145,2007-08-08T22:04:25Z
13615197,2007-10-07T12:36:30Z
13764124,2007-10-16T23:40:38Z
16105186,2005-07-22T13:14:58Z
19174720,2001-10-26T00:46:05Z
19229442,2008-09-08T11:53:04Z
19595436,2003-09-19T13:28:06Z
19608633,2008-10-04T17:13:31Z
29066482,2001-10-07T22:51:44Z
30876071,2004-04-07T04:57:24Z
9531,2001-02-07T15:11:20Z
9559,2001-10-15T01:09:11Z
38824,2002-02-11T15:51:33Z
41957,2002-02-26T12:40:22Z
42418,2002-03-02T02:41:48Z
59615,2001-09-23T04:34:12Z
61577,2002-07-12T02:03:30Z
61580,2002-07-12T02:13:10Z
75485,2002-08-24T09:38:53Z
140710,2002-06-25T13:57:35Z
175716,2003-01-28T12:40:13Z
176266,2003-01-29T13:19:17Z
198984,2003-03-20T06:03:30Z
212253,2003-04-18T04:00:01Z
277750,2002-09-02T13:40:26Z
327511,2003-09-26T07:43:24Z
618120,2004-04-25T17:30:45Z
1343597,2004-12-30T08:22:35Z
1427527,2005-01-24T17:54:57Z
3270043,2005-11-29T03:26:19Z
3462904,2005-12-18T20:52:13Z
7202313,2006-09-29T04:39:08Z
14004830,2007-10-31T16:38:24Z
20344155,2008-11-22T18:21:45Z
21730528,2009-02-27T12:40:37Z
23450129,2009-07-01T01:14:55Z
7425,2002-02-25T15:43:11Z
9540,2001-07-31T18:55:18Z
9550,2001-08-28T23:03:03Z
9601,2001-10-26T03:46:20Z
9735,2001-09-19T22:44:38Z
10008,2001-10-30T11:29:27Z
10339,2001-12-30T17:25:04Z
38257,2002-02-08T00:42:36Z
38415,2002-02-09T09:56:27Z
41093,2002-02-25T15:51:15Z
44093,2002-03-12T20:38:46Z
48336,2002-04-09T03:18:02Z
65888,2002-07-30T02:37:33Z
92377,2002-09-26T13:51:36Z
157620,2002-12-13T19:27:36Z
361021,2003-11-09T06:11:24Z
441228,2004-01-24T23:24:02Z
551731,2004-03-25T17:33:50Z
1072324,2002-02-25T15:51:15Z
1105937,2004-10-26T19:51:46Z
1138590,2004-11-06T15:53:01Z
2023225,2005-06-11T02:09:55Z
2821615,2005-10-03T02:22:19Z
4217297,2006-02-27T17:09:51Z
4414414,2006-03-16T19:59:31Z
10989135,2007-04-30T20:29:48Z
13330867,2007-09-18T20:54:25Z
19068598,2008-08-24T19:11:39Z
30129507,2010-12-20T19:10:28Z
9426,2001-11-10T06:21:30Z
9476,2001-09-26T02:01:08Z
9532,2001-09-26T18:43:38Z
9707,2001-09-02T09:38:10Z
9730,2001-09-10T17:58:29Z
10134,2001-11-24T02:03:28Z
65894,2002-07-30T03:05:43Z
67211,2002-07-15T13:22:13Z
82381,2002-09-08T19:31:28Z
92236,2002-09-26T03:59:08Z
190831,2003-03-02T10:46:25Z
216881,2003-04-26T20:32:39Z
237630,2003-05-31T09:16:26Z
241034,2003-06-06T06:08:03Z
277702,2003-07-26T10:51:13Z
340284,2003-10-13T22:51:19Z
570111,2004-04-01T21:40:51Z
617777,2004-04-25T14:01:43Z
706247,2004-06-05T19:58:54Z
997173,2004-09-18T23:36:32Z
1866533,2005-05-10T08:48:15Z
1926015,2003-10-30T12:04:58Z
2704993,2005-09-19T04:16:17Z
2924436,2005-10-17T03:03:37Z
2933543,2005-10-18T06:19:32Z
3138166,2005-11-12T00:09:41Z
3138212,2005-11-12T00:16:15Z
4846345,2006-04-22T00:07:12Z
7376733,2006-10-10T06:15:26Z
8707643,2007-01-01T20:15:10Z
10997559,2007-05-01T07:09:12Z
19916615,2001-05-17T09:38:46Z
22816756,2009-05-15T22:23:29Z
28923910,2003-04-30T22:42:59Z
31322120,2003-02-06T13:11:15Z
39519079,2013-05-29T11:26:57Z
9277,2001-10-23T15:58:12Z
9279,2001-10-09T15:32:29Z
9598,2001-07-26T20:06:40Z
9663,2001-11-02T10:40:53Z
9710,2001-10-10T14:28:51Z
10103,2001-11-20T06:20:46Z
11274,2001-10-01T22:07:55Z
22960,2001-09-15T02:11:40Z
75049,2002-08-23T03:35:23Z
145381,2002-11-09T05:08:02Z
174945,2003-01-27T00:53:39Z
225270,2003-05-11T18:59:01Z
236020,2003-05-29T00:29:05Z
245978,2003-06-14T09:04:59Z
368328,2003-11-16T07:31:14Z
371301,2003-11-18T14:11:06Z
467832,2004-02-13T23:03:15Z
744997,2004-06-22T23:39:42Z
950992,2004-09-02T01:44:24Z
997097,2004-09-18T23:05:41Z
1303480,2004-12-20T22:26:41Z
1367595,2005-01-06T08:20:44Z
1567386,2005-03-04T05:07:05Z
1581131,2005-03-08T05:07:08Z
1765158,2005-04-19T19:27:24Z
1775329,2005-04-21T15:36:45Z
3272992,2005-11-29T13:08:21Z
3339367,2005-12-06T16:15:03Z
3887690,2003-08-17T17:18:43Z
6160807,2006-07-28T20:00:00Z
7620308,2006-10-25T20:11:35Z
19373997,2001-11-18T20:17:43Z
37305515,2012-10-12T18:48:38Z
36624,2002-01-26T15:19:00Z
37104,2002-02-01T13:39:04Z
37436,2002-02-03T06:58:39Z
46630,2001-10-22T12:42:50Z
52974,2002-05-10T11:47:57Z
143681,2002-11-03T18:11:54Z
162717,2002-12-29T19:16:53Z
174781,2003-01-26T17:22:00Z
207619,2003-04-09T00:44:23Z
230359,2003-05-20T06:32:50Z
292420,2003-08-09T11:35:15Z
307197,2003-08-29T14:41:04Z
638447,2004-05-06T13:54:13Z
652195,2004-05-13T17:22:33Z
662787,2004-08-11T19:27:02Z
1336001,2004-12-28T07:38:49Z
1520238,2005-02-18T08:06:48Z
1784516,2005-04-23T11:16:18Z
1800265,2005-04-26T15:52:41Z
1912480,2005-05-20T00:48:24Z
2680465,2005-09-15T01:16:05Z
2730882,2005-09-22T13:23:37Z
2923321,2005-10-17T00:07:35Z
4024968,2006-02-10T11:22:23Z
6338699,2006-08-08T23:53:39Z
6883009,2006-09-07T12:42:11Z
6904902,2006-09-08T22:18:14Z
9710517,2007-02-25T11:12:21Z
14188019,2007-11-11T05:42:16Z
27014075,2010-04-19T12:58:08Z
33034640,2002-04-12T21:38:13Z
9311,2001-04-07T13:05:59Z
9312,2001-04-07T14:45:44Z
9545,2001-03-24T16:11:53Z
9566,2001-07-13T19:21:14Z
9659,2002-02-11T21:26:39Z
10065,2001-11-08T14:02:43Z
10290,2001-12-18T17:15:51Z
10294,2001-12-19T14:44:08Z
10406,2002-01-12T14:54:40Z
127759,2002-10-23T11:23:21Z
176304,2003-01-29T15:50:40Z
270045,2003-07-17T06:49:34Z
307139,2003-08-29T12:09:45Z
508681,2004-03-06T19:11:54Z
604057,2004-04-18T14:02:19Z
902820,2004-08-15T21:44:11Z
937971,2004-08-28T17:36:11Z
998911,2004-09-19T15:29:05Z
1223446,2003-05-06T00:47:57Z
1295963,2004-12-18T19:05:20Z
1463286,2005-02-03T20:01:40Z
1633074,2005-03-21T23:07:54Z
2690455,2005-09-16T19:06:27Z
10987890,2007-04-30T19:12:53Z
18943937,2001-10-13T12:12:58Z
20110668,2001-07-06T16:47:21Z
21756313,2003-01-05T02:37:52Z
34641290,2012-02-07T20:03:07Z
37419192,2012-10-23T11:40:05Z
9640,2001-10-14T09:44:53Z
9649,2001-11-04T11:46:24Z
9775,2001-09-20T09:59:12Z
10116,2001-11-21T23:01:17Z
10356,2002-01-03T11:33:42Z
59444,2002-06-25T18:26:35Z
177696,2003-02-02T00:45:38Z
315459,2003-09-10T16:41:56Z
318980,2003-09-15T10:15:46Z
321382,2003-09-18T23:39:56Z
378645,2003-11-25T08:13:56Z
378724,2003-11-25T10:13:03Z
432332,2004-01-16T03:05:57Z
478933,2004-02-20T22:13:36Z
678158,2004-05-25T00:21:16Z
1406812,2005-01-18T06:26:27Z
1413965,2005-01-20T11:48:01Z
1595817,2005-01-17T23:22:40Z
1610231,2005-03-15T19:23:41Z
1908618,2005-05-19T10:10:59Z
2676580,2005-09-14T08:16:18Z
2771228,2005-09-26T21:44:37Z
3080885,2005-11-04T21:25:07Z
5186688,2006-05-18T00:32:52Z
5665192,2006-06-22T11:14:20Z
6109551,2006-07-25T11:40:03Z
6913403,2006-09-09T13:10:01Z
9348093,2007-02-06T16:18:48Z
9728715,2007-02-26T08:44:20Z
13567584,2007-10-04T15:49:16Z
17126094,2008-04-26T09:33:06Z
20825692,2008-12-24T03:28:26Z
38022448,2012-12-25T13:46:51Z
39208945,2013-04-24T19:57:23Z
50413747,2016-05-03T22:05:47Z
52058583,2016-10-21T14:39:06Z
9251,2001-11-07T14:50:41Z
9546,2001-02-25T15:35:46Z
10274,2001-12-16T03:59:37Z
38223,2002-02-25T15:43:11Z
145567,2002-11-09T21:45:06Z
171414,2003-01-20T01:23:37Z
522062,2004-03-12T18:22:45Z
551388,2004-03-24T04:18:09Z
613749,2004-04-23T10:17:05Z
740540,2004-06-21T09:17:18Z
777471,2004-07-04T01:17:42Z
1010494,2004-09-23T07:40:22Z
1078459,2004-10-18T02:50:45Z
1179836,2004-11-17T15:46:36Z
1448049,2005-01-30T13:27:29Z
1451221,2005-01-31T08:49:14Z
2302514,2005-07-25T01:37:37Z
2384061,2005-08-05T11:26:50Z
2451045,2005-08-14T10:05:26Z
2545846,2005-08-26T17:14:48Z
3119613,2005-11-09T20:40:04Z
3420838,2005-12-14T20:57:31Z
3474910,2005-12-20T00:14:01Z
3724479,2006-01-15T00:54:22Z
4790683,2006-04-18T02:51:08Z
5381408,2006-06-01T18:43:47Z
7392872,2006-10-11T08:57:34Z
7977203,2006-11-17T02:04:12Z
8081063,2006-11-23T05:39:09Z
8569916,2001-11-14T18:25:26Z
10543101,2007-04-08T23:37:10Z
10763613,2007-04-18T23:41:29Z
11915588,2007-06-23T13:27:09Z
21177166,2009-01-20T13:19:23Z
22052160,2009-03-19T17:30:33Z
22212276,2009-03-30T20:50:15Z
9257,2001-09-29T16:53:25Z
9891,2001-11-20T06:01:12Z
45434,2002-03-22T11:43:27Z
47763,2002-04-05T17:43:34Z
50702,2002-04-28T10:11:55Z
59238,2002-06-24T18:06:59Z
64919,2002-07-26T11:04:14Z
72584,2002-08-16T16:48:55Z
171964,2003-01-21T00:14:22Z
188644,2003-02-26T10:05:51Z
212115,2003-04-17T22:21:43Z
314696,2003-09-08T22:27:01Z
406260,2003-12-18T01:10:19Z
581799,2004-04-07T10:49:37Z
656979,2004-05-15T20:15:07Z
752991,2004-06-25T15:30:11Z
880235,2004-08-05T21:01:14Z
982249,2004-09-13T15:04:35Z
1191426,2004-11-20T18:57:23Z
1195462,2004-11-21T23:27:14Z
1443002,2005-01-29T00:57:45Z
1619939,2005-03-18T21:09:36Z
2364800,2005-08-02T21:52:29Z
3011538,2005-10-27T13:40:00Z
3069092,2005-11-03T09:30:49Z
3268359,2005-11-29T00:33:44Z
3394695,2005-12-12T09:39:13Z
3925533,2006-02-01T22:19:46Z
4363391,2006-03-12T07:21:24Z
4616929,2006-04-03T19:54:06Z
4951662,2006-04-30T05:33:05Z
5694744,2006-06-24T18:26:01Z
8919339,2007-01-14T13:33:29Z
9931105,2007-03-08T11:23:12Z
13924093,2007-10-26T13:06:05Z
14756059,2007-12-18T01:43:26Z
18950003,2001-09-24T20:57:30Z
23523889,2002-06-25T18:06:02Z
24842835,2009-10-26T13:32:35Z
9247,2001-02-02T02:44:28Z
9284,2001-03-24T15:13:11Z
9908,2001-07-27T06:18:07Z
10511,2002-01-20T20:29:58Z
48384,2002-04-09T09:44:35Z
49033,2002-04-14T02:23:06Z
57994,2002-06-18T13:12:14Z
65913,2002-07-30T04:12:40Z
66997,2002-08-02T15:07:11Z
90446,2002-09-24T10:55:34Z
143023,2002-11-01T18:22:41Z
173900,2003-01-24T17:24:44Z
182945,2003-02-14T02:16:57Z
200006,2003-03-22T20:06:04Z
333119,2003-10-02T06:27:06Z
353070,2003-10-30T13:37:58Z
355849,2003-11-03T13:07:05Z
410991,2003-12-22T07:10:39Z
501828,2004-03-03T14:01:38Z
1059781,2004-10-12T04:03:35Z
1117907,2004-10-30T14:57:57Z
1122854,2004-11-01T03:34:34Z
1532579,2005-02-21T13:23:09Z
2959657,2005-10-21T05:11:39Z
7137983,2006-09-24T18:34:57Z
13666570,2007-10-10T19:20:45Z
9696,2001-08-29T06:37:36Z
10100,2001-11-19T14:03:14Z
10375,2002-02-25T15:51:15Z
14783,2001-05-23T18:59:54Z
43956,2002-03-11T23:14:57Z
68804,2002-08-07T12:31:52Z
258986,2003-07-03T17:09:46Z
280929,2003-07-27T22:48:26Z
304799,2003-08-26T02:42:03Z
344269,2002-10-14T03:30:28Z
461509,2004-02-09T02:21:46Z
470087,2004-02-15T06:03:34Z
532849,2004-03-17T15:34:23Z
857235,2004-07-25T21:34:16Z
1021521,2004-09-27T06:55:49Z
1049191,2004-10-08T09:49:18Z
1417282,2005-01-21T15:13:17Z
1763852,2005-04-19T15:03:06Z
1775417,2005-04-21T15:57:41Z
2694359,2005-09-17T08:27:52Z
3987213,2006-02-07T05:15:46Z
5196218,2006-05-18T18:48:49Z
5245789,2006-05-22T15:19:18Z
9258,2001-08-28T06:03:53Z
9263,2001-11-04T11:48:02Z
9425,2002-02-01T08:49:34Z
9675,2001-09-02T22:44:07Z
10043,2002-02-25T15:43:11Z
10048,2001-11-07T07:17:24Z
22581,2001-10-25T14:11:55Z
27451,2001-05-28T19:05:23Z
37913,2002-02-25T15:51:15Z
70423,2002-08-11T09:23:58Z
78471,2002-08-31T18:20:54Z
152626,2002-11-28T09:01:34Z
163106,2002-12-30T22:17:48Z
168506,2003-01-13T03:26:19Z
181905,2003-02-11T16:16:33Z
227088,2003-05-14T18:25:36Z
441852,2004-01-25T15:18:48Z
470095,2004-02-15T06:10:29Z
571941,2004-04-02T18:00:47Z
647360,2004-05-11T02:01:02Z
699052,2004-06-02T17:03:37Z
1001091,2004-09-20T06:54:37Z
1303134,2004-12-20T20:33:44Z
1565926,2005-03-03T20:39:21Z
9417,2001-08-27T22:56:55Z
9697,2001-08-27T19:16:37Z
9737,2001-10-24T03:40:38Z
9837,2001-11-07T21:12:27Z
32533,2001-11-08T15:33:02Z
43127,2001-10-17T16:21:59Z
53932,2002-05-28T14:31:11Z
143129,2002-11-01T23:23:06Z
148420,2002-11-18T02:27:41Z
148594,2002-11-18T11:24:56Z
274692,2003-07-21T23:55:25Z
306169,2003-08-27T22:47:19Z
396022,2003-12-10T13:24:52Z
411492,2003-12-22T23:45:44Z
9236,2001-11-06T00:39:57Z
9616,2001-07-28T02:33:30Z
10013,2001-10-31T00:33:29Z
10303,2002-02-25T15:43:11Z
22961,2001-06-26T17:22:29Z
54840,2002-06-03T10:00:29Z
57414,2002-06-15T18:50:36Z
59231,2002-06-24T17:13:30Z
78481,2002-08-31T18:28:21Z
162791,2002-12-29T22:52:55Z
180311,2003-02-07T12:18:07Z
186182,2003-02-21T14:25:31Z
190837,2003-03-02T11:08:35Z
268020,2003-07-15T09:29:34Z
312903,2003-09-06T17:41:56Z
418101,2004-01-02T04:00:55Z
460689,2004-02-08T17:02:53Z
516680,2004-03-10T03:02:26Z
538170,2004-03-19T22:40:53Z
592151,2004-04-12T15:30:44Z
644148,2004-05-09T12:44:14Z
774572,2004-07-03T13:10:47Z
841990,2004-07-19T09:26:43Z
1050195,2004-10-08T18:32:04Z
1157333,2004-11-11T11:13:38Z
1317660,2004-12-23T19:06:04Z
2770842,2005-09-26T20:42:28Z
3070571,2005-11-03T15:40:52Z
3289308,2005-12-01T04:21:59Z
5004491,2006-05-04T06:26:04Z
21359791,2009-02-02T02:17:41Z
33660916,2003-05-05T12:13:59Z
9653,2001-08-08T18:09:02Z
10201,2001-12-05T04:54:19Z
59861,2002-04-20T06:23:02Z
72672,2002-08-17T02:27:45Z
73614,2002-08-20T07:10:28Z
91420,2002-09-25T16:04:39Z
217392,2003-04-27T13:06:28Z
255468,2003-06-30T13:19:11Z
256363,2003-07-02T00:08:24Z
418206,2004-01-02T06:02:44Z
475322,2004-02-18T19:34:30Z
536063,2004-03-18T23:49:39Z
543696,2004-03-22T08:22:43Z
548102,2004-03-24T05:40:40Z
549991,2004-03-25T00:54:00Z
685311,2004-05-28T18:53:50Z
736803,2004-06-19T13:55:26Z
840147,2004-07-18T13:01:12Z
1019142,2004-09-26T12:59:29Z
2946521,2005-10-19T18:43:08Z
3646203,2006-01-07T11:21:46Z
3700127,2002-02-25T15:43:11Z
3750731,2006-01-17T15:07:23Z
4849249,2006-04-22T05:57:35Z
5648302,2006-06-21T04:52:01Z
10843800,2007-04-23T01:05:08Z
16256107,2008-03-12T13:00:32Z
19621951,2008-10-05T15:28:23Z
26220453,2010-02-16T14:39:59Z
38956127,2013-03-29T16:19:57Z
60138629,2019-03-04T22:14:54Z
10136,2001-11-25T23:17:58Z
49417,2002-04-17T11:23:05Z
61193,2002-07-09T18:10:05Z
99491,2002-10-05T00:21:33Z
183275,2003-02-14T21:00:35Z
191933,2003-03-05T01:03:52Z
220782,2003-05-03T23:07:41Z
233944,2003-05-25T23:39:20Z
339174,2003-10-12T03:44:29Z
416387,2003-12-31T07:19:53Z
416589,2003-12-31T12:08:45Z
609125,2004-04-21T01:25:13Z
911028,2004-08-19T03:09:21Z
938708,2004-08-29T00:18:03Z
939470,2004-08-29T08:19:20Z
1191041,2004-11-20T16:28:18Z
1231797,2004-12-01T22:28:45Z
1273491,2004-12-13T18:59:32Z
1516229,2005-02-17T06:14:14Z
1890727,2005-05-15T16:33:27Z
1900609,2005-05-17T16:59:33Z
1944972,2005-05-26T17:11:46Z
2292047,2005-07-23T07:03:59Z
2346283,2005-07-31T06:16:34Z
3042716,2005-10-31T05:06:10Z
3042786,2005-10-31T05:15:11Z
6669577,2006-08-24T22:28:38Z
9492718,2007-02-14T01:19:19Z
18436459,2008-07-14T19:48:23Z
20876374,2008-12-29T08:56:00Z
21870381,2009-03-08T08:03:32Z
47412303,2015-08-02T17:20:31Z
49021410,2016-01-06T14:28:00Z
1270,2001-08-02T23:04:02Z
9588,2001-10-02T04:43:02Z
9619,2001-07-31T01:40:38Z
10515,2002-01-26T19:17:42Z
11347,2001-10-12T17:42:11Z
44063,2001-08-17T20:27:31Z
53234,2002-05-24T03:54:33Z
69902,2002-08-09T14:36:17Z
157898,2001-05-04T21:51:02Z
228840,2003-05-18T01:17:20Z
239516,2003-06-03T17:53:52Z
292877,2003-08-09T22:59:28Z
318976,2003-09-15T10:06:16Z
430696,2004-01-14T19:00:20Z
479385,2004-02-21T01:41:03Z
486974,2004-02-24T20:53:13Z
529568,2004-03-15T23:52:19Z
587878,2004-04-10T14:32:43Z
644779,2004-05-09T20:54:24Z
784628,2004-07-05T20:52:26Z
1121222,2004-10-31T19:07:56Z
1935740,2005-05-24T20:26:24Z
2675917,2005-09-14T04:55:55Z
3766499,2006-01-18T22:52:50Z
4652664,2006-04-06T20:35:29Z
5925522,2006-07-11T21:44:43Z
6279588,2006-08-05T20:09:12Z
8210537,2004-09-30T01:20:10Z
8423611,2006-12-13T20:10:15Z
15739592,2008-02-13T18:56:46Z
29719481,2010-11-23T16:04:57Z
38634705,2001-10-17T09:43:28Z
68636918,2021-09-03T15:24:16Z
11231,2001-09-28T16:10:59Z
11283,2001-11-13T03:52:27Z
11524,2001-11-18T22:52:35Z
11627,2001-12-11T17:35:12Z
49147,2002-04-15T05:09:51Z
58617,2002-06-21T09:05:13Z
82341,2002-09-08T15:35:11Z
149926,2002-11-22T15:23:34Z
229823,2003-05-19T11:50:37Z
240391,2003-06-05T05:12:01Z
253492,2003-06-26T20:35:11Z
262553,2003-07-07T03:54:11Z
273482,2003-07-20T07:54:48Z
320454,2003-09-17T16:59:33Z
384955,2003-12-02T01:41:49Z
410007,2003-12-21T07:57:00Z
551409,2004-03-25T15:04:27Z
596248,2004-04-14T16:10:18Z
598708,2004-04-15T18:41:11Z
602401,2004-04-17T16:31:35Z
669899,2004-05-21T14:43:07Z
866638,2004-07-30T03:30:57Z
1162141,2004-11-12T17:42:01Z
1227042,2004-11-30T15:42:02Z
1336960,2004-12-28T17:22:56Z
1788467,2005-04-24T02:35:57Z
1792890,2005-04-25T01:38:55Z
1827237,2005-05-01T21:56:30Z
1858657,2005-05-08T16:04:59Z
2652917,2005-09-10T12:49:57Z
4137095,2002-11-27T20:23:10Z
4574271,2006-03-30T23:58:22Z
8619029,2006-12-26T22:20:51Z
17721180,2008-06-01T19:14:19Z
18427821,2008-07-14T05:10:46Z
19005769,2002-03-01T06:14:53Z
23676652,2001-06-12T16:20:16Z
43212478,2014-07-04T05:42:45Z
71611272,2022-08-27T03:04:25Z
10810,2001-06-15T15:51:20Z
10975,2001-08-13T16:01:27Z
11042,2001-09-20T14:59:29Z
11054,2001-09-03T12:09:39Z
11439,2001-11-01T20:29:41Z
11512,2002-02-25T15:51:15Z
56276,2002-06-12T02:08:19Z
58648,2002-06-21T11:41:29Z
58688,2002-06-21T15:16:25Z
59790,2002-06-27T16:11:03Z
82355,2002-09-08T17:19:43Z
171885,2003-01-20T21:00:29Z
173516,2003-01-23T23:55:19Z
182787,2003-02-13T18:56:58Z
187886,2003-02-24T20:22:33Z
235562,2003-05-28T09:40:30Z
337903,2003-10-10T08:17:23Z
348898,2003-10-24T22:23:22Z
560382,2004-03-28T17:59:02Z
742288,2004-06-21T23:49:06Z
742319,2004-06-22T00:15:12Z
877127,2004-08-04T08:53:58Z
988372,2004-09-15T17:25:43Z
1375452,2005-01-08T21:35:49Z
1465808,2005-02-04T15:02:45Z
1656748,2005-03-27T20:41:12Z
1964551,2005-05-30T20:32:00Z
2168163,2005-07-04T17:05:47Z
2454447,2005-08-14T20:55:39Z
2518403,2005-08-23T07:21:39Z
5581765,2006-06-16T02:46:29Z
18459359,2008-07-16T11:14:36Z
20006105,2008-10-30T22:59:01Z
20646497,2005-04-18T00:32:27Z
30327862,2011-01-06T00:31:45Z
35773049,2012-05-10T03:11:28Z
41668689,2014-01-17T14:23:22Z
59761461,2019-01-24T22:51:38Z
10826,2001-05-20T05:09:53Z
11545,2001-11-22T20:03:47Z
11795,2002-01-21T22:33:13Z
37955,2002-02-25T15:43:11Z
163390,2002-12-31T18:41:51Z
195149,2002-08-10T13:16:34Z
245089,2003-06-13T05:22:52Z
292133,2003-08-09T00:24:50Z
332666,2003-10-01T17:13:26Z
434194,2004-01-18T01:42:32Z
560807,2004-03-28T21:47:50Z
574759,2004-04-04T01:35:30Z
593155,2004-04-13T01:46:02Z
722672,2004-06-13T11:04:12Z
1179950,2004-11-17T16:18:28Z
1245859,2004-12-05T18:42:08Z
1299404,2004-12-19T18:24:09Z
1609224,2005-03-15T11:59:18Z
1706332,2005-04-07T20:54:03Z
2091393,2005-06-22T08:20:39Z
9157119,2007-01-28T02:06:26Z
9200430,2007-01-30T04:07:44Z
11687411,2007-06-09T23:02:14Z
12495988,2007-07-28T10:50:01Z
12638406,2007-08-06T06:51:50Z
14280089,2007-11-16T23:21:57Z
17765946,2008-06-04T09:26:19Z
20913864,2001-09-10T23:20:28Z
11529,2001-11-19T22:05:42Z
11807,2002-01-23T19:02:58Z
37401,2002-02-25T15:43:11Z
42273,2002-02-28T18:58:14Z
44708,2002-03-17T11:40:47Z
60710,2002-07-06T10:50:51Z
113530,2002-10-20T07:15:15Z
141915,2002-10-29T08:12:03Z
154473,2002-12-04T16:16:11Z
159225,2002-12-18T09:42:44Z
175541,2003-01-28T03:33:20Z
177765,2003-02-02T03:12:16Z
188497,2003-02-26T01:54:57Z
190485,2003-03-02T06:24:06Z
216650,2003-04-26T12:03:28Z
239675,2003-06-04T00:30:42Z
239677,2003-06-04T00:32:45Z
257215,2003-07-03T00:19:49Z
446539,2004-01-29T06:26:41Z
450543,2004-02-01T14:23:45Z
598423,2004-04-15T16:09:16Z
986096,2004-09-14T22:16:24Z
1838906,2005-05-04T06:46:33Z
2072649,2005-06-19T10:05:29Z
3654372,2006-01-08T06:23:18Z
5174941,2006-05-17T03:07:45Z
5600138,2006-06-17T14:42:29Z
6073894,2006-07-22T20:34:38Z
8756456,2007-01-04T18:52:31Z
10603,2001-10-14T18:26:24Z
10918,2001-10-11T17:17:00Z
11298,2001-10-08T02:50:07Z
11634,2001-12-13T16:06:15Z
11671,2001-12-24T10:57:09Z
46253,2002-03-27T14:51:04Z
89918,2002-09-23T16:49:53Z
140558,2002-10-27T01:03:56Z
147957,2002-11-16T18:36:15Z
169552,2003-01-15T23:58:19Z
233668,2003-05-25T14:17:00Z
305126,2003-08-26T16:42:30Z
318049,2003-09-14T05:06:59Z
321814,2003-09-19T13:05:17Z
351542,2003-10-28T10:49:05Z
419024,2004-01-03T08:37:57Z
419999,2004-01-04T05:56:00Z
491073,2004-02-27T06:59:14Z
519887,2004-02-26T18:02:14Z
598862,2004-04-15T20:23:33Z
701685,2004-06-03T18:04:34Z
944339,2004-08-30T14:54:09Z
1082841,2004-10-19T11:54:04Z
2630110,2005-09-06T23:35:38Z
4239514,2006-03-01T17:26:08Z
4741452,2006-04-14T01:57:47Z
5000404,2006-05-03T23:16:38Z
5549818,2006-06-13T20:41:34Z
5801968,2006-07-02T21:00:05Z
6762127,2006-08-30T08:11:48Z
7309377,2006-10-05T22:57:59Z
7758341,2006-11-03T15:07:36Z
11234274,2007-05-15T05:55:44Z
18743541,2008-08-06T14:26:51Z
18933600,2001-11-11T15:05:05Z
20130936,2001-07-05T17:51:25Z
22156522,2002-04-07T21:16:09Z
24442936,2009-09-23T07:40:40Z
26998617,2003-08-09T21:26:36Z
11036,2001-08-31T07:57:04Z
11162,2001-09-25T09:29:15Z
11665,2002-02-25T15:43:11Z
11742,2002-01-12T22:49:15Z
19509,2002-02-25T15:51:15Z
37618,2002-02-25T15:43:11Z
41916,2002-02-26T05:04:28Z
45807,2002-03-24T15:02:53Z
49295,2002-04-16T14:04:28Z
63262,2002-07-21T19:46:06Z
93755,2002-09-28T08:57:14Z
267061,2003-07-14T06:08:06Z
323707,2003-09-21T11:05:56Z
324744,2003-09-22T09:38:47Z
443101,2004-01-26T13:21:15Z
465334,2004-02-11T23:07:47Z
697301,2004-06-01T20:50:44Z
776838,2004-07-03T23:09:22Z
864921,2004-07-29T08:29:40Z
1751119,2005-04-16T22:57:41Z
1773596,2005-04-21T04:44:10Z
2082945,2005-06-21T01:52:33Z
2210759,2005-07-11T05:12:27Z
2460491,2005-08-15T18:30:07Z
2538139,2005-08-25T18:57:52Z
2878852,2005-10-10T22:18:22Z
3860483,2006-01-27T04:20:57Z
6228116,2006-08-02T13:54:54Z
7681807,2006-10-29T19:36:43Z
9406856,2007-02-09T16:31:28Z
12661483,2007-08-07T14:05:43Z
18233581,2001-10-29T00:14:24Z
23434533,2004-03-08T06:08:05Z
23820249,2009-08-01T05:34:38Z
25681121,2010-01-04T22:29:14Z
31212987,2011-03-17T18:54:18Z
35034187,2012-03-11T15:31:48Z
73250406,2023-03-09T21:30:09Z
10931,2001-08-01T21:35:22Z
10983,2001-08-15T19:35:57Z
11145,2001-09-21T21:19:45Z
11296,2001-10-11T04:29:28Z
41155,2002-02-25T15:43:11Z
81826,2002-09-07T11:17:24Z
103615,2002-10-13T23:22:31Z
132645,2002-10-24T16:35:23Z
166404,2003-01-07T14:29:55Z
178238,2003-02-02T18:22:17Z
187849,2003-02-24T18:55:57Z
193717,2003-03-08T23:56:25Z
289419,2003-08-05T11:21:22Z
310599,2003-09-03T09:02:27Z
341115,2003-10-15T09:16:56Z
385510,2003-12-02T16:19:19Z
412285,2003-12-23T18:08:21Z
468892,2004-02-14T14:03:19Z
668710,2004-05-20T23:51:32Z
766775,2004-06-30T13:17:46Z
963042,2004-09-06T16:27:31Z
999306,2004-09-19T18:28:43Z
1137395,2004-11-06T06:06:06Z
1163024,2004-11-12T22:26:45Z
1654401,2005-03-27T05:48:10Z
1728190,2005-04-12T14:15:41Z
2195359,2005-07-08T19:24:32Z
2579103,2005-08-30T23:28:05Z
2664780,2005-09-12T05:09:15Z
3016310,2005-10-28T01:24:58Z
3196565,2005-11-19T10:31:22Z
4032505,2006-02-11T00:50:48Z
4490255,2006-03-23T18:09:50Z
4699587,2001-04-03T23:04:11Z
5199011,2006-05-18T22:36:37Z
10018162,2007-03-12T19:55:42Z
18484937,2008-07-18T02:35:17Z
20586302,2008-12-07T22:45:37Z
30064130,2010-12-15T21:01:03Z
68779455,2021-09-21T07:41:00Z
11424,2001-11-02T20:55:32Z
11447,2001-11-02T23:15:13Z
43598,2002-03-10T13:10:19Z
46770,2002-03-30T16:44:47Z
70748,2002-08-12T10:59:29Z
70764,2002-08-12T11:24:47Z
70793,2002-08-12T12:24:02Z
89355,2001-10-18T21:27:00Z
97066,2002-09-30T20:49:45Z
160300,2002-12-21T20:23:43Z
176423,2003-01-29T21:49:36Z
179283,2003-02-05T02:05:38Z
179286,2003-02-05T02:07:39Z
184224,2003-02-17T06:32:34Z
265679,2003-07-12T07:13:10Z
318209,2003-09-14T10:01:12Z
343124,2003-10-17T17:49:53Z
346239,2003-10-21T11:04:28Z
374010,2003-11-21T03:07:20Z
413616,2003-12-25T03:00:06Z
458962,2004-02-07T17:38:26Z
458989,2004-02-07T17:54:01Z
459049,2004-02-07T18:22:03Z
11593,2001-12-06T15:55:52Z
43093,2002-03-06T14:06:52Z
188719,2003-02-26T14:42:08Z
189155,2003-02-27T17:30:38Z
243718,2003-06-11T01:27:01Z
244391,2003-06-12T03:58:47Z
286681,2003-08-02T20:00:09Z
421737,2004-01-05T22:21:33Z
690861,2004-05-30T08:21:49Z
716457,2004-06-11T05:56:17Z
963534,2004-09-06T19:32:04Z
1002551,2004-09-20T20:12:02Z
1589445,2005-03-10T08:13:09Z
2499040,2005-08-20T17:49:08Z
3332231,2005-12-05T21:38:20Z
6064657,2006-07-22T02:29:45Z
6175736,2006-07-29T23:00:13Z
7127872,2005-04-01T15:59:48Z
47603674,2015-08-23T16:43:56Z
65579019,2020-10-14T08:14:06Z
10891,2001-07-26T22:04:00Z
11376,2001-11-11T18:56:25Z
24151,2001-09-26T21:55:13Z
38869,2002-02-12T07:07:03Z
43701,2002-03-10T23:52:54Z
56232,2002-06-11T19:43:08Z
70117,2002-08-10T06:55:17Z
76222,2002-08-26T10:53:59Z
77305,2002-08-28T23:51:15Z
80785,2002-09-05T07:41:30Z
159472,2002-12-19T03:24:53Z
357636,2003-11-05T21:57:13Z
417742,2004-01-01T20:06:11Z
496037,2004-02-29T23:33:31Z
543667,2004-03-22T07:57:06Z
778246,2004-07-04T03:53:45Z
893280,2004-08-11T20:21:42Z
1079375,2004-10-18T12:04:29Z
1166642,2004-11-14T00:43:59Z
1242977,2004-12-04T21:54:53Z
1260106,2004-12-09T21:32:51Z
1491100,2005-02-10T20:49:21Z
1928465,2005-05-23T11:10:55Z
2293810,2005-07-23T15:05:34Z
2490859,2005-08-19T14:58:02Z
2516037,2005-08-22T23:24:21Z
2850083,2005-10-06T23:03:39Z
2850124,2005-10-06T23:09:46Z
3039012,2005-10-30T20:42:02Z
3996438,2006-02-08T00:26:29Z
4668173,2006-04-08T02:15:20Z
5561097,2006-06-14T17:27:59Z
12110323,2007-07-06T02:45:14Z
18933066,2001-05-20T18:03:46Z
30030151,2010-12-13T03:21:18Z
10915,2001-07-27T19:39:15Z
11034,2001-08-14T17:32:56Z
11555,2001-11-26T13:08:32Z
43590,2002-03-10T11:53:02Z
58991,2002-06-23T11:01:06Z
82269,2002-09-08T12:03:31Z
89480,2002-09-22T21:47:38Z
144056,2002-11-04T20:29:24Z
191711,2003-03-04T13:16:50Z
430379,2004-01-14T07:35:10Z
475955,2004-02-19T03:33:00Z
634526,2004-05-04T12:06:45Z
816867,2004-07-13T17:19:29Z
1032607,2004-10-01T20:56:54Z
1032610,2004-10-01T20:57:27Z
1179103,2004-11-17T10:22:27Z
1181806,2004-11-18T01:26:33Z
1300684,2004-12-20T02:15:28Z
1371222,2005-01-07T14:57:04Z
1895540,2005-05-16T16:46:16Z
2684988,2005-09-15T20:45:44Z
2866868,2005-10-09T02:41:31Z
2897576,2005-10-13T11:12:40Z
3368767,2005-12-09T14:36:38Z
4576465,2002-02-11T07:27:35Z
4744322,2006-04-14T08:55:35Z
4871070,2006-04-23T23:28:15Z
5560406,2006-06-14T16:27:55Z
8018640,2006-11-19T18:32:20Z
11885926,2007-06-21T17:37:35Z
16774511,2008-04-05T04:12:56Z
17453380,2008-05-16T07:18:31Z
17481271,2001-05-17T12:48:41Z
18721184,2008-08-04T23:03:14Z
32504897,2011-07-23T09:22:25Z
35933786,2012-05-25T13:03:05Z
78378498,2024-11-17T04:29:03Z
10646,2001-09-27T02:18:17Z
10834,2001-05-24T14:53:15Z
10902,2001-11-02T14:24:00Z
11492,2001-11-12T05:26:54Z
189951,2003-03-01T14:22:48Z
202482,2003-03-28T10:45:16Z
216361,2003-04-25T23:46:59Z
246828,2003-06-15T18:22:22Z
252137,2003-06-24T12:55:59Z
285118,2003-07-31T06:33:58Z
623501,2004-04-28T18:13:01Z
763490,2004-06-29T08:51:20Z
1324898,2004-02-09T00:17:06Z
1403749,2005-01-17T04:05:42Z
1515853,2005-02-17T03:10:01Z
1894710,2005-05-16T12:33:35Z
2239614,2005-07-15T14:02:40Z
2533673,2005-08-25T05:19:36Z
2732241,2005-09-22T17:44:46Z
2916607,2005-10-16T01:13:05Z
3308878,2005-12-03T09:45:59Z
3506480,2005-12-23T05:18:02Z
4528895,2006-03-27T02:56:39Z
4597367,2006-04-02T02:06:00Z
5564520,2006-06-14T21:47:16Z
6160922,2006-07-28T20:08:04Z
7888444,2006-11-11T17:46:23Z
8747074,2007-01-04T02:59:27Z
24240272,2002-02-25T15:51:15Z
31304600,2011-03-26T18:13:28Z
31309377,2011-03-27T04:12:09Z
32077676,2011-06-14T03:08:36Z
41594465,2014-01-09T15:26:38Z
45322397,2015-02-06T16:19:55Z
10939,2001-08-27T00:41:01Z
11090,2001-09-09T18:59:26Z
53912,2002-05-28T09:34:27Z
63847,2002-07-24T01:31:23Z
66284,2002-07-31T12:49:35Z
69817,2002-08-09T10:33:58Z
161883,2002-12-27T00:55:37Z
164040,2003-01-02T09:14:56Z
182205,2003-02-12T05:59:21Z
237199,2003-05-30T21:32:48Z
237647,2003-05-31T09:53:55Z
270054,2003-07-17T07:06:30Z
379047,2003-11-25T18:22:55Z
396102,2003-12-10T14:46:03Z
414721,2003-12-27T16:35:30Z
648277,2004-05-11T16:39:02Z
888694,2004-08-09T21:46:59Z
1227456,2004-11-30T19:22:06Z
1312729,2004-12-22T18:53:25Z
1516710,2005-02-17T10:33:44Z
1519291,2005-02-18T01:58:05Z
1522251,2005-02-18T20:29:39Z
1725432,2005-04-11T22:45:21Z
2275867,2005-07-20T21:30:07Z
2567707,2005-08-29T12:57:59Z
5523577,2006-06-11T22:25:32Z
7484714,2006-10-17T14:48:43Z
8988211,2007-01-18T17:17:03Z
11394359,2007-05-24T14:23:32Z
15662844,2008-02-08T23:57:18Z
20888413,2008-12-30T07:28:35Z
30432825,2001-09-10T17:16:03Z
34713249,2012-02-13T00:41:25Z
41564528,2014-01-06T14:40:30Z
50797595,2016-06-13T13:58:47Z
71328810,2022-07-18T23:38:25Z
10958,2001-08-08T07:05:45Z
11168,2001-10-02T10:44:45Z
11367,2001-10-15T19:19:08Z
11659,2001-12-20T10:35:04Z
48146,2002-04-07T20:52:35Z
52247,2002-05-17T05:59:52Z
59038,2002-06-23T19:38:39Z
140951,2002-10-28T08:03:43Z
204118,2003-03-31T17:48:38Z
305972,2003-08-27T17:40:46Z
384701,2003-12-01T20:05:27Z
392309,2003-12-07T20:31:53Z
405361,2003-12-17T06:56:30Z
486344,2004-02-24T12:05:54Z
568962,2004-04-01T08:45:46Z
693334,2004-05-31T06:28:48Z
925638,2004-08-24T10:23:26Z
1442361,2005-01-28T21:37:58Z
1840762,2005-05-04T17:53:32Z
1907405,2005-05-19T02:03:09Z
2334148,2005-07-29T14:28:31Z
2959937,2005-10-21T06:18:03Z
3069929,2005-11-03T13:07:06Z
4294794,2006-03-06T11:21:20Z
12686181,2007-08-09T02:29:31Z
25143316,2009-11-20T10:22:40Z
46255716,2015-03-29T00:49:53Z
74375849,2023-07-17T12:14:26Z
10821,2001-05-17T14:26:16Z
11306,2002-02-25T15:51:15Z
58790,2002-06-22T08:19:20Z
74263,2002-08-21T09:15:52Z
213614,2003-04-20T22:43:38Z
229939,2003-05-19T14:32:07Z
261967,2003-07-06T04:28:43Z
316681,2003-09-12T10:36:33Z
371462,2003-11-18T17:43:23Z
381805,2003-11-28T11:30:22Z
415961,2003-12-30T18:01:27Z
452577,2004-02-03T03:13:23Z
843211,2004-07-19T21:20:52Z
908086,2004-08-17T22:38:27Z
1195115,2004-11-21T21:45:34Z
2071443,2005-06-19T04:13:04Z
3239291,2005-11-25T14:34:50Z
4303245,2006-03-07T02:39:31Z
4355120,2006-03-11T16:42:03Z
5843419,2001-11-04T01:31:43Z
10597,2001-10-29T17:14:44Z
10635,2001-09-28T20:29:53Z
10779,2001-05-10T20:03:25Z
10835,2001-10-21T18:06:43Z
11227,2001-11-13T01:40:51Z
11826,2002-01-24T20:22:52Z
28362,2001-10-10T20:59:52Z
45515,2002-03-22T18:20:42Z
52217,2002-05-16T20:56:02Z
59212,2002-06-24T15:45:39Z
59735,2002-06-27T10:11:44Z
71575,2002-08-14T09:36:41Z
76412,2002-08-27T00:21:49Z
80825,2002-09-05T10:10:10Z
105323,2002-10-15T17:22:16Z
198824,2003-03-19T22:07:48Z
220825,2003-05-04T00:27:29Z
232280,2003-05-23T07:05:16Z
297067,2003-08-15T15:32:36Z
302033,2003-08-22T05:08:37Z
340390,2003-10-14T01:27:45Z
370346,2002-04-10T23:02:25Z
607495,2004-04-20T05:15:56Z
666987,2004-05-20T04:18:45Z
911519,2004-08-19T09:11:35Z
1037854,2004-10-04T00:45:04Z
1423441,2005-01-23T14:29:50Z
1818327,2005-04-30T03:01:35Z
10843,2001-08-21T03:32:08Z
11062,2001-09-05T10:38:12Z
11763,2002-01-16T00:20:30Z
50337,2002-04-25T05:20:44Z
55578,2002-06-08T20:05:23Z
147964,2002-11-16T18:48:38Z
165206,2003-01-04T16:18:56Z
195177,2003-03-12T07:08:51Z
312065,2003-09-05T11:52:13Z
351887,2003-10-28T23:55:53Z
415977,2003-12-30T18:21:57Z
457921,2004-02-06T23:50:06Z
469220,2004-02-14T18:42:50Z
668318,2004-05-20T21:01:41Z
744921,2004-06-22T23:12:31Z
840652,2004-07-18T19:16:13Z
1435689,2005-01-27T00:14:14Z
1696523,2005-04-05T15:48:01Z
2473208,2005-08-17T09:08:16Z
2561804,2005-08-28T17:19:44Z
3175261,2005-11-16T13:23:14Z
3255082,2005-11-27T14:43:54Z
4279332,2006-03-05T00:35:52Z
5744837,2006-06-28T13:39:06Z
8899631,2007-01-13T06:31:11Z
9664483,2007-02-23T08:26:40Z
9664543,2007-02-23T08:30:08Z
13639512,2007-10-09T01:11:42Z
10628,2001-10-24T17:44:23Z
10890,2001-07-26T20:20:16Z
10911,2001-08-31T05:19:32Z
10933,2001-10-14T13:58:27Z
10987,2001-08-17T15:01:18Z
11180,2001-09-26T12:26:55Z
11490,2002-02-25T15:51:15Z
11684,2001-12-31T09:26:22Z
54930,2002-06-04T02:06:49Z
185427,2003-02-20T00:03:25Z
195947,2002-04-16T14:17:41Z
208042,2003-04-09T22:45:36Z
336897,2003-10-08T17:40:08Z
340630,2003-10-14T16:16:26Z
350401,2003-10-26T18:55:02Z
442967,2004-01-26T09:39:30Z
510000,2004-03-07T08:07:01Z
515758,2004-03-09T18:58:31Z
862621,2004-07-28T05:44:52Z
965348,2004-09-07T08:50:27Z
1056670,2004-10-11T05:19:11Z
1268958,2004-12-12T11:37:19Z
1374948,2005-01-08T18:33:39Z
1488195,2005-02-10T03:42:10Z
2377273,2005-08-04T13:56:21Z
2783843,2005-09-28T13:03:02Z
6264581,2006-08-04T20:18:33Z
6485560,2006-08-15T20:33:32Z
8081933,2006-11-23T06:42:33Z
8460632,2006-12-16T02:14:04Z
9053231,2007-01-22T12:04:03Z
9183764,2007-01-29T08:24:19Z
10013669,2007-03-12T15:03:36Z
19433066,2008-09-23T02:33:38Z
19468696,2001-03-15T17:57:52Z
23412432,2009-06-27T21:20:00Z
67967229,2021-06-16T15:15:51Z
11488,2001-11-11T04:33:34Z
12841,2002-02-25T15:51:15Z
48660,2002-04-11T03:41:04Z
49180,2002-04-15T11:54:18Z
56601,2002-06-13T18:29:09Z
160891,2002-12-23T03:05:58Z
163103,2002-12-30T22:16:24Z
174276,2003-01-25T11:29:04Z
217157,2003-04-27T03:47:23Z
292864,2003-08-09T22:44:18Z
431773,2004-01-15T16:20:59Z
443297,2004-01-26T16:54:42Z
478004,2004-02-20T09:33:20Z
490020,2004-02-26T16:23:44Z
546505,2004-03-23T16:51:42Z
578327,2004-04-05T20:16:10Z
648062,2004-05-11T14:18:52Z
683342,2004-05-27T21:42:45Z
914820,2004-08-20T12:39:49Z
1499520,2005-02-13T06:17:04Z
1508301,2005-02-15T10:10:13Z
1626494,2005-03-20T11:15:01Z
1718100,2005-04-10T09:59:30Z
2192496,2005-07-08T08:39:29Z
2933079,2005-10-18T04:36:04Z
3461033,2005-12-18T16:30:15Z
4543466,2006-03-28T11:57:25Z
4652142,2006-04-06T19:49:26Z
10059597,2007-03-14T23:18:57Z
14075975,2007-11-04T21:35:21Z
16415639,2008-03-20T00:30:54Z
19009006,2002-04-01T00:58:53Z
19178965,2001-08-15T21:48:58Z
41112592,2013-11-18T02:19:48Z
64695824,2020-07-31T21:39:45Z
12241,2001-05-17T13:08:41Z
12505,2001-08-26T13:13:01Z
12558,2001-09-15T23:34:31Z
12808,2001-11-06T10:03:44Z
13146,2002-01-22T01:01:07Z
41968,2002-02-26T13:42:55Z
44057,2001-09-11T20:53:53Z
48389,2002-04-09T09:59:16Z
58950,2002-06-23T05:50:33Z
197020,2003-03-16T02:09:24Z
248189,2002-02-12T11:57:10Z
291767,2003-08-08T11:32:07Z
320909,2003-09-18T04:22:55Z
373352,2003-11-20T15:41:02Z
482534,2004-02-22T18:49:37Z
807687,2004-07-11T21:05:34Z
875134,2004-08-03T11:08:29Z
893362,2004-08-11T20:55:46Z
1546984,2005-02-26T12:13:41Z
5059853,2006-05-08T11:32:08Z
6574091,2006-08-20T15:28:48Z
7734022,2006-11-02T01:10:26Z
8501273,2006-12-18T19:18:26Z
9422452,2007-02-10T13:58:28Z
16040641,2008-03-01T18:55:20Z
17824815,2008-06-07T14:23:46Z
18359501,2008-07-09T07:56:04Z
26978338,2010-04-16T17:29:04Z
43348949,2014-07-20T10:06:12Z
73162864,2023-02-28T02:37:39Z
76831925,2024-05-06T05:19:02Z
76899001,2024-05-13T18:31:13Z
78266930,2024-11-02T13:01:18Z
81588235,2025-11-13T08:55:30Z
6734,2001-10-19T04:13:44Z
11924,2001-10-31T17:02:51Z
11984,2001-04-06T05:45:44Z
12278,2001-05-28T00:17:26Z
12295,2001-06-12T18:44:09Z
12316,2001-06-28T15:49:56Z
12673,2001-10-02T14:56:02Z
12823,2001-11-09T18:33:08Z
12882,2001-11-27T03:08:34Z
37506,2002-02-03T15:45:54Z
40365,2002-02-22T20:17:18Z
42139,2002-02-27T17:56:43Z
50473,2002-04-26T14:44:51Z
54211,2001-10-30T09:30:00Z
61316,2002-07-10T14:15:14Z
89774,2002-09-23T09:36:19Z
254510,2003-06-28T18:43:20Z
1054273,2004-10-10T07:54:49Z
1111315,2004-10-28T13:39:59Z
2217326,2005-07-12T05:27:03Z
2523651,2005-08-23T22:37:00Z
2697700,2005-09-17T22:04:24Z
5291241,2006-05-25T20:41:42Z
5291435,2006-05-25T20:56:21Z
5291504,2006-05-25T21:01:38Z
5291631,2006-05-25T21:10:09Z
5291668,2006-05-25T21:13:03Z
9110459,2007-01-25T17:16:52Z
18616290,2001-11-10T06:45:47Z
23694864,2001-09-03T00:23:24Z
25197704,2009-11-25T07:38:29Z
41712846,2014-01-22T12:13:32Z
43103489,2014-06-20T11:27:40Z
44293086,2004-10-26T17:09:22Z
12976,2002-02-25T15:43:11Z
59877,2002-06-28T01:10:16Z
69720,2002-08-09T07:00:48Z
74964,2002-08-22T19:43:33Z
82916,2002-09-09T20:35:26Z
307628,2001-07-19T18:41:19Z
379303,2003-11-25T22:25:55Z
429873,2004-01-13T21:54:02Z
430790,2004-01-14T20:53:39Z
548308,2004-03-24T07:51:45Z
580069,2004-04-06T16:18:43Z
596706,2004-04-14T21:20:12Z
627949,2004-05-01T02:30:18Z
715679,2004-06-10T22:15:42Z
1387827,2005-01-12T00:14:00Z
1956881,2005-05-29T03:25:20Z
2192517,2005-07-08T08:44:45Z
2253139,2005-07-17T18:10:45Z
2289425,2005-07-22T20:59:16Z
6478912,2006-08-15T15:00:21Z
8252129,2006-12-03T20:09:50Z
18993869,2001-07-27T19:43:25Z
23912155,2009-08-08T20:12:26Z
44240339,2014-10-29T00:20:29Z
44687845,2014-12-12T09:29:53Z
50569499,2016-05-18T04:16:49Z
78052490,2024-10-05T21:09:37Z
12024,2001-11-01T19:49:47Z
12545,2001-09-08T21:33:05Z
12746,2001-10-19T17:14:18Z
12806,2001-11-06T02:51:25Z
12891,2001-11-28T20:47:26Z
12984,2002-02-25T15:51:15Z
13143,2002-01-21T15:54:13Z
45938,2002-03-25T15:33:15Z
60767,2002-07-06T15:54:10Z
94535,2002-09-28T23:14:54Z
113564,2002-10-20T09:55:45Z
159266,2002-12-18T14:09:36Z
160993,2002-12-23T13:31:35Z
164600,2003-01-03T15:50:02Z
172331,2003-01-21T22:10:26Z
178649,2003-02-02T23:38:15Z
220971,2003-05-04T04:50:43Z
327061,2003-09-25T19:29:28Z
473514,2004-02-17T16:42:56Z
747122,2004-06-23T17:12:45Z
752720,2004-06-25T11:56:03Z
877698,2004-08-04T16:05:02Z
891926,2004-08-11T05:07:56Z
2455731,2005-08-15T00:37:01Z
2456249,2005-08-15T02:11:33Z
3175680,2005-11-16T14:48:00Z
4250553,2001-10-12T17:12:25Z
7408685,2006-10-12T13:01:34Z
9875250,2007-03-05T15:11:42Z
18761076,2008-08-07T19:35:56Z
22850636,2009-05-18T19:40:26Z
26294032,2010-02-22T10:30:28Z
39156893,2013-04-19T11:19:25Z
40406527,2013-08-31T04:45:21Z
50073184,2016-04-07T13:45:58Z
54436331,2017-07-01T12:38:37Z
73291755,2023-03-14T23:22:04Z
74637995,2023-08-21T04:42:52Z
12266,2001-10-10T18:55:08Z
12339,2001-07-15T21:49:35Z
12383,2001-10-21T21:52:15Z
12385,2001-10-25T18:10:38Z
12388,2001-08-31T00:44:02Z
12432,2001-08-09T05:06:16Z
12539,2001-09-07T16:00:29Z
12796,2001-11-02T14:53:36Z
38493,2002-02-10T00:02:36Z
39562,2002-02-17T18:51:17Z
40254,2002-02-25T15:51:15Z
55170,2002-06-06T12:52:09Z
72016,2002-08-15T08:11:22Z
106402,2002-10-18T01:40:12Z
158005,2002-12-14T19:37:00Z
208215,2003-04-10T09:33:17Z
310782,2003-09-03T14:59:36Z
364423,2003-11-12T09:43:28Z
371709,2003-11-19T00:16:58Z
403627,2003-12-16T01:15:32Z
517305,2004-03-10T10:45:31Z
568972,2004-04-01T08:51:04Z
619602,2004-04-26T08:27:44Z
1116229,2004-10-29T22:33:09Z
1149904,2004-11-09T19:27:43Z
1222578,2004-11-29T13:36:42Z
1962246,2005-05-30T05:20:13Z
4773025,2006-04-16T19:52:17Z
8273958,2006-12-05T02:42:06Z
12314954,2007-07-18T22:09:07Z
36248807,2012-06-25T23:23:21Z
36425475,2012-07-14T11:35:09Z
42889377,2014-05-28T20:02:19Z
48565835,2003-07-10T10:02:48Z
51610804,2016-09-14T20:55:18Z
53201319,2017-02-15T18:50:23Z
72970020,2023-02-07T15:42:35Z
12207,2001-05-07T03:49:42Z
12398,2001-07-31T10:14:14Z
12534,2001-09-06T14:00:44Z
12608,2002-02-25T15:43:11Z
48361,2002-04-09T07:29:46Z
90971,2002-09-25T02:43:05Z
91096,2002-09-25T06:17:08Z
176244,2003-01-29T11:46:36Z
351656,2003-10-28T15:13:39Z
455696,2004-02-05T07:14:38Z
657351,2004-05-16T00:13:10Z
995417,2004-09-18T09:16:05Z
1038280,2003-02-14T20:03:42Z
1404353,2005-01-17T09:08:13Z
1633840,2005-03-22T02:50:03Z
1750814,2005-04-16T21:20:17Z
1913728,2005-05-20T06:53:45Z
2043284,2005-06-14T10:27:35Z
2043511,2005-06-14T11:11:57Z
2090039,2005-06-22T03:02:04Z
2200368,2005-07-09T15:27:50Z
2389848,2005-08-06T05:20:07Z
4675457,2006-04-08T18:24:52Z
8867758,2005-01-13T12:53:52Z
9134092,2007-01-26T23:26:59Z
9924698,2007-03-08T02:13:19Z
14778022,2007-12-19T03:56:36Z
18963910,2001-11-04T02:26:07Z
21171418,2001-09-13T06:16:14Z
21223477,2009-01-23T16:30:30Z
31109288,2011-03-07T12:41:22Z
36495578,2012-07-21T02:52:10Z
41799855,2014-01-31T15:04:04Z
47257443,2015-07-16T22:18:42Z
49312114,2016-02-03T15:25:33Z
57425862,2018-05-15T18:59:04Z
67662946,2021-05-14T13:44:16Z
76526782,2024-04-04T01:21:23Z
12939,2001-12-08T13:08:19Z
13046,2002-01-02T03:30:34Z
54962,2002-06-04T16:38:54Z
78534,2002-02-13T15:05:26Z
163225,2002-12-31T03:52:41Z
164605,2003-01-03T16:04:41Z
217535,2003-04-27T19:33:11Z
510905,2004-03-07T19:02:40Z
621732,2004-04-27T15:51:21Z
731780,2004-06-17T05:21:55Z
955164,2004-09-03T17:59:09Z
1639003,2005-03-23T11:21:22Z
2096232,2005-06-22T23:24:51Z
3313527,2005-12-03T22:30:43Z
3691948,2006-01-12T00:25:02Z
4325474,2006-03-09T01:20:20Z
4951472,2006-04-30T05:06:20Z
5139283,2006-05-14T09:37:12Z
5458932,2006-06-07T02:49:45Z
6980742,2006-09-13T20:59:37Z
11270050,2007-05-17T08:58:24Z
12169694,2007-07-09T20:57:17Z
12607134,2007-08-04T10:45:43Z
18973446,2006-10-02T03:47:30Z
19363014,2008-09-17T20:46:42Z
20898181,2008-12-31T03:51:34Z
27290438,2010-05-09T08:29:05Z
28996847,2010-09-29T23:08:55Z
65171886,2020-08-31T14:57:55Z
11867,2001-11-09T18:05:14Z
11883,2001-11-10T06:22:38Z
11884,2001-09-04T22:41:42Z
12306,2001-06-18T04:16:44Z
12312,2001-06-25T17:09:09Z
12514,2001-08-30T21:47:45Z
12924,2001-12-06T17:43:11Z
40239,2002-02-25T15:51:15Z
41210,2002-02-25T15:51:15Z
43569,2002-03-10T05:26:47Z
51531,2002-05-06T09:55:08Z
92903,2002-09-27T10:05:21Z
113728,2002-10-20T20:14:46Z
227478,2003-05-15T17:31:53Z
352714,2003-10-30T01:47:00Z
387243,2003-12-04T10:18:59Z
436824,2004-01-20T21:35:56Z
436825,2004-01-20T21:36:04Z
520674,2004-03-11T23:25:02Z
2428337,2005-08-11T09:30:42Z
2456806,2005-08-15T04:06:14Z
2640483,2005-09-08T13:02:20Z
2794830,2005-09-29T18:39:09Z
4120316,2006-02-18T21:29:44Z
12463,2001-08-18T03:45:42Z
12570,2001-09-15T21:57:04Z
12581,2001-09-18T21:59:37Z
12733,2001-10-15T23:06:54Z
44430,2002-03-14T22:57:44Z
58906,2002-06-22T20:49:04Z
74748,2002-08-22T12:01:58Z
74844,2002-08-22T15:06:18Z
157606,2002-12-13T18:34:40Z
193298,2003-03-08T04:07:35Z
231504,2003-05-22T03:50:39Z
238181,2003-06-01T04:34:38Z
288224,2003-08-04T23:48:51Z
342078,2003-10-16T10:00:29Z
348127,2003-10-23T21:13:00Z
377341,2003-11-24T07:11:23Z
450023,2004-02-01T04:57:36Z
568726,2004-04-01T04:57:03Z
871712,2004-08-01T20:23:05Z
1031478,2004-10-01T06:50:26Z
1067415,2004-10-14T10:22:09Z
1491688,2005-02-10T23:44:55Z
1984367,2005-06-03T18:34:32Z
2802089,2005-09-30T18:23:01Z
4425382,2006-03-17T20:48:12Z
13858146,2007-10-22T16:03:00Z
24402845,2009-09-19T22:24:01Z
11866,2001-09-19T17:10:42Z
12866,2001-11-23T22:12:42Z
12908,2001-12-03T03:07:48Z
88320,2002-09-20T17:43:29Z
265611,2003-07-12T03:55:41Z
294211,2003-08-11T19:34:36Z
295445,2003-08-13T05:33:35Z
366094,2003-11-14T08:24:57Z
407233,2003-12-18T20:23:24Z
433129,2004-01-16T22:03:16Z
563854,2004-03-30T06:03:45Z
784781,2004-07-05T21:14:35Z
1699990,2005-04-06T10:53:02Z
3104368,2005-11-07T22:55:08Z
8837012,2007-01-09T08:27:01Z
10236763,2007-03-24T14:02:11Z
11304983,2007-05-19T13:09:56Z
13049012,2007-09-01T15:00:01Z
38052446,2012-12-28T23:14:34Z
42027498,2014-02-23T21:06:36Z
1070569,2004-10-15T14:06:21Z
36675565,2012-08-09T17:25:04Z
50724448,2016-06-05T02:58:41Z
50757843,2016-06-08T14:31:50Z
11835,2001-10-27T03:32:42Z
12666,2001-10-01T22:03:57Z
12950,2001-12-10T00:08:48Z
13152,2002-01-22T16:35:01Z
13169,2002-01-25T00:00:43Z
63541,2002-07-22T21:52:19Z
63549,2002-07-22T22:00:34Z
64971,2001-10-10T00:30:49Z
164912,2003-01-03T21:32:51Z
168986,2003-01-14T14:28:06Z
172732,2003-01-22T16:23:30Z
249953,2003-06-20T05:21:09Z
294295,2003-08-11T21:50:39Z
530691,2004-03-16T14:49:23Z
621267,2004-04-27T08:22:44Z
644391,2004-05-09T16:25:15Z
889768,2004-08-12T01:14:48Z
1423250,2005-01-23T12:41:16Z
3076586,2005-11-04T08:53:16Z
3200095,2005-11-19T21:34:20Z
13750770,2007-10-16T04:24:13Z
27447333,2010-05-23T13:14:24Z
32300647,2011-07-04T01:56:55Z
37185825,2012-10-01T18:06:05Z
12240,2001-08-10T15:13:18Z
83835,2002-09-11T07:24:20Z
90706,2002-09-24T21:38:07Z
212513,2003-04-18T20:22:53Z
580039,2004-04-06T16:07:55Z
628183,2004-05-01T06:00:45Z
1457128,2005-02-01T20:39:13Z
2126501,2005-06-28T11:09:35Z
2361772,2005-08-02T14:34:16Z
2474821,2005-08-17T14:42:53Z
2909923,2005-10-15T02:56:26Z
4454842,2006-03-20T11:44:11Z
5042765,2001-10-28T06:20:04Z
5596127,2006-06-17T05:14:10Z
6001475,2006-07-17T16:01:46Z
8617813,2006-12-26T20:42:31Z
8904811,2007-01-13T16:32:37Z
14850094,2007-12-23T13:40:35Z
18562346,2008-07-24T03:53:02Z
18693304,2008-08-02T19:49:20Z
19167553,2002-02-25T15:43:11Z
19809492,2008-10-16T22:15:38Z
25191271,2009-11-24T19:55:49Z
26530540,2010-03-12T20:57:43Z
29032295,2010-10-02T23:56:35Z
30858993,2005-08-26T07:57:51Z
36054378,2012-06-06T03:53:58Z
36182167,2012-06-19T01:51:00Z
12229,2001-10-10T20:22:29Z
12461,2001-08-17T21:10:16Z
12569,2001-11-03T06:39:29Z
12610,2001-09-25T23:46:21Z
13088,2002-01-11T20:10:26Z
55584,2002-06-08T21:12:04Z
83909,2002-09-11T10:26:41Z
93768,2002-09-28T09:57:55Z
146839,2002-11-13T11:13:30Z
201489,2003-03-26T01:29:07Z
255158,2003-06-29T22:50:51Z
259162,2003-07-03T23:36:41Z
312605,2003-09-06T04:45:54Z
315396,2003-09-10T10:58:07Z
430361,2004-01-14T06:58:42Z
495980,2004-02-29T23:20:11Z
652849,2004-05-13T23:53:33Z
848675,2004-07-22T02:17:16Z
1203070,2004-11-24T00:47:40Z
1648224,2005-03-25T18:26:00Z
1998254,2005-06-06T01:32:15Z
3042876,2005-10-31T05:29:25Z
3530241,2005-12-26T14:30:56Z
4360932,2006-03-12T02:12:47Z
7349417,2006-10-08T11:18:32Z
14080493,2004-02-08T11:32:14Z
18562589,2008-07-24T04:29:51Z
18789453,2001-03-06T07:44:16Z
12100,2001-05-08T23:51:56Z
12293,2001-10-03T18:26:05Z
12366,2001-07-26T22:25:59Z
12401,2001-09-30T10:56:11Z
12436,2001-08-11T01:17:23Z
12579,2001-09-18T12:17:29Z
38454,2002-02-09T15:14:44Z
48824,2002-04-12T11:16:13Z
75378,2002-08-24T04:48:05Z
87352,2002-09-18T18:48:50Z
167120,2003-01-09T03:52:38Z
174782,2003-01-26T17:23:25Z
198842,2003-03-19T23:48:05Z
325806,2003-09-23T23:24:23Z
390214,2003-12-06T03:28:31Z
447298,2004-01-30T01:22:03Z
523926,2004-03-13T17:44:16Z
532259,2004-03-17T05:38:15Z
557931,2004-03-27T19:52:53Z
563086,2004-03-29T21:54:48Z
579026,2004-04-06T02:43:17Z
619926,2004-04-26T14:11:02Z
633233,2004-05-03T18:42:49Z
696449,2004-06-01T12:41:46Z
1084219,2004-10-19T21:21:57Z
1857163,2005-05-08T06:14:00Z
3071186,2005-11-03T17:35:21Z
3742275,2006-01-16T20:06:27Z
4413754,2006-03-16T18:48:23Z
6087161,2006-07-23T23:15:18Z
6263731,2006-08-04T19:18:03Z
8111079,2004-06-17T08:52:53Z
8955537,2007-01-16T18:22:58Z
11084989,2007-05-06T14:33:25Z
24799509,2009-10-23T17:02:48Z
68162942,2021-06-28T05:22:01Z
80356071,2025-07-04T22:43:57Z
12010,2001-10-01T00:51:43Z
12354,2001-11-15T18:33:26Z
12460,2001-10-31T21:54:40Z
38579,2002-02-25T15:43:11Z
43234,2002-03-07T06:20:52Z
48082,2002-04-07T10:38:54Z
51464,2002-05-05T20:18:14Z
52259,2002-05-17T10:07:31Z
86996,2002-04-23T03:36:05Z
164313,2001-09-03T05:04:21Z
177793,2003-02-02T04:02:47Z
192025,2003-03-05T05:32:17Z
232435,2003-05-23T11:40:46Z
239687,2003-06-04T01:04:41Z
379733,2003-11-26T05:53:08Z
409255,2003-12-20T17:53:38Z
757991,2004-06-27T13:04:36Z
854453,2004-07-24T14:28:29Z
936085,2004-08-27T21:22:03Z
996699,2004-09-18T20:08:34Z
1661475,2005-03-28T22:01:52Z
1748220,2005-04-16T05:21:19Z
1848778,2005-05-06T10:51:45Z
3554316,2005-12-29T02:18:50Z
12118,2001-05-04T02:35:11Z
12395,2001-07-31T21:23:33Z
41215,2002-02-25T15:43:11Z
49013,2002-01-07T15:34:19Z
180236,2003-02-07T07:36:51Z
216193,2003-04-25T19:00:08Z
325232,2003-09-23T03:49:59Z
378970,2003-11-25T15:38:48Z
454896,2004-02-04T20:25:03Z
685849,2004-05-28T23:33:06Z
849220,2004-07-22T09:04:29Z
1065627,2004-10-13T20:31:44Z
1646838,2005-03-25T08:34:16Z
2163724,2005-07-03T21:14:17Z
2184819,2005-07-07T04:35:35Z
3071106,2005-11-03T17:20:52Z
3496425,2005-12-22T02:52:53Z
6905345,2006-09-08T22:57:21Z
7715317,2006-10-31T21:03:45Z
7783882,2006-11-05T04:08:33Z
9223854,2007-01-31T08:56:54Z
9528025,2007-02-15T22:09:33Z
16935274,2008-04-14T23:36:28Z
16947762,2008-04-15T18:15:01Z
20310489,2008-11-20T17:40:33Z
21350772,2002-02-01T13:46:41Z
12439,2001-08-11T17:26:57Z
12695,2001-10-08T21:37:29Z
12778,2001-10-27T13:21:22Z
19447,2001-11-16T13:58:05Z
41890,2002-02-26T03:10:08Z
86347,2002-09-16T12:48:41Z
173072,2003-01-23T03:32:37Z
181407,2003-02-10T16:24:35Z
225982,2003-05-12T21:41:42Z
248635,2003-06-18T10:07:24Z
262927,2003-07-07T21:13:06Z
307279,2003-08-29T17:56:23Z
332079,2003-09-30T20:37:28Z
396089,2003-12-10T14:32:38Z
407480,2003-12-18T23:39:30Z
422199,2004-01-06T03:53:46Z
432138,2004-01-15T22:40:50Z
439282,2004-01-22T19:25:37Z
883468,2004-08-07T10:46:32Z
1042310,2004-10-05T19:53:04Z
1159362,2004-11-11T23:02:30Z
1186677,2004-11-19T09:31:20Z
1290862,2004-12-17T18:24:18Z
1437184,2005-01-27T11:26:15Z
1567358,2005-03-04T04:53:25Z
1779050,2005-04-22T08:15:00Z
1971525,2005-06-01T11:12:05Z
2049869,2005-06-15T09:33:42Z
2279684,2005-07-21T13:48:10Z
4135179,2006-02-20T03:28:58Z
6684516,2006-08-25T14:17:20Z
17464067,2008-05-16T22:29:50Z
13291,2001-04-02T01:20:05Z
13821,2001-09-26T00:23:43Z
14170,2001-11-21T07:48:43Z
44125,2002-03-13T05:47:37Z
52967,2002-05-22T17:33:26Z
167520,2003-01-10T07:53:40Z
206947,2003-04-07T15:01:58Z
275051,2003-07-22T11:09:19Z
405430,2003-12-17T09:20:26Z
599837,2004-04-16T07:37:44Z
625897,2004-04-30T02:22:44Z
1277251,2004-12-14T18:13:01Z
1363288,2005-01-05T00:57:11Z
1580229,2005-03-07T21:37:13Z
1596317,2005-03-12T03:25:50Z
2187853,2005-07-07T17:27:14Z
2695487,2005-09-17T14:07:58Z
3142548,2005-11-12T15:36:47Z
3275044,2005-11-29T18:53:05Z
3655769,2006-01-08T10:33:47Z
4402244,2006-03-15T17:45:27Z
6953458,2004-01-16T22:24:39Z
10015044,2007-03-12T16:39:58Z
20295286,2008-11-19T17:29:53Z
37935577,2012-12-15T09:43:15Z
41611688,2014-01-11T14:11:21Z
78647696,2024-12-20T18:27:10Z
13258,2001-03-10T17:59:31Z
13606,2001-07-28T21:31:12Z
14307,2001-12-20T15:39:55Z
14313,2001-12-21T11:26:40Z
14381,2002-02-25T15:43:11Z
14458,2002-01-20T23:38:08Z
47535,2002-04-03T23:42:48Z
49159,2002-04-15T08:38:13Z
75075,2002-08-23T06:13:23Z
85272,2002-09-14T14:59:18Z
168762,2003-01-13T20:30:23Z
198319,2003-03-18T22:43:50Z
203619,2003-03-30T21:32:01Z
242674,2003-06-09T11:30:04Z
300409,2003-08-20T05:15:22Z
345035,2003-10-19T23:09:37Z
396466,2003-12-10T19:35:03Z
464073,2004-02-10T22:56:14Z
477792,2004-02-20T04:57:17Z
873197,2004-08-02T14:28:52Z
1453236,2005-01-31T22:00:16Z
1568608,2005-03-04T14:54:29Z
1617234,2005-03-18T02:39:11Z
13637,2001-08-07T23:23:51Z
13777,2001-09-18T17:37:27Z
13790,2001-09-27T02:55:39Z
13833,2001-09-27T02:39:53Z
13899,2001-10-04T03:57:53Z
14147,2002-02-16T12:06:16Z
14349,2002-02-25T15:43:11Z
14439,2002-01-15T13:35:16Z
14463,2002-02-25T15:51:15Z
41232,2002-02-25T15:43:11Z
46593,2002-03-29T14:44:34Z
163711,2002-03-27T10:08:56Z
371197,2003-11-18T11:15:20Z
407299,2003-12-18T21:27:08Z
585882,2004-04-09T17:14:10Z
609342,2004-04-21T03:23:39Z
772405,2004-07-02T17:26:49Z
987546,2004-09-15T09:53:51Z
1264444,2004-12-11T01:56:40Z
1280044,2004-12-15T05:51:37Z
1559720,2005-03-02T03:34:08Z
1623246,2005-03-19T17:08:41Z
1920997,2005-05-21T19:14:37Z
2031045,2005-06-12T15:58:49Z
2629913,2005-09-06T22:58:55Z
3047608,2005-10-31T20:25:09Z
3588836,2006-01-01T19:23:09Z
19196354,2008-09-06T03:25:38Z
19400882,2008-09-20T17:22:11Z
22216147,2003-08-26T14:48:27Z
26349919,2010-02-26T17:56:12Z
13995,2001-11-08T22:20:51Z
13996,2001-10-25T19:11:53Z
69893,2002-08-09T13:46:55Z
80381,2002-02-25T15:43:11Z
249930,2003-06-20T05:01:46Z
261925,2003-07-06T02:21:16Z
265753,2003-07-12T11:57:14Z
265769,2003-07-12T12:53:12Z
304942,2003-08-26T08:06:16Z
351581,2003-10-28T12:06:39Z
490201,2004-02-26T19:06:46Z
638798,2004-05-06T17:07:55Z
998156,2004-09-19T08:03:32Z
1209545,2004-11-25T19:31:20Z
2504351,2005-08-21T11:47:48Z
2596739,2005-09-02T07:49:47Z
2868883,2005-10-09T11:01:53Z
3255966,2001-12-17T01:15:49Z
4219813,2006-02-27T21:43:12Z
5723892,2006-06-27T00:30:05Z
6142110,2006-07-27T14:46:55Z
11174316,2007-05-11T17:25:55Z
18859466,2008-08-14T10:47:09Z
21282020,2003-09-29T18:58:06Z
21436315,2009-02-07T15:30:21Z
24462957,2002-10-03T09:08:16Z
31832109,2011-05-20T07:57:21Z
31832143,2011-05-20T08:03:21Z
41505194,2013-12-30T23:01:37Z
41677283,2014-01-18T16:08:56Z
13450,2001-10-30T20:09:14Z
13654,2001-08-17T01:58:52Z
14283,2001-12-14T02:31:17Z
87299,2002-09-18T17:16:46Z
118524,2002-10-21T11:40:45Z
143176,2002-11-02T05:39:36Z
153221,2002-11-30T16:09:09Z
154881,2002-12-05T21:31:55Z
184726,2003-02-18T08:33:14Z
233740,2003-05-25T17:14:37Z
234803,2003-05-27T09:35:33Z
237412,2003-05-31T02:00:22Z
239972,2003-06-04T13:10:11Z
240778,2003-06-05T19:56:49Z
272496,2003-07-19T12:19:43Z
344123,2003-10-18T18:25:13Z
461082,2004-02-08T20:55:08Z
1446036,2005-01-29T22:49:39Z
1464363,2005-02-04T01:51:25Z
1552174,2005-02-27T22:39:51Z
1917676,2005-05-20T23:40:22Z
2103026,2005-06-23T22:04:06Z
2408446,2005-08-08T20:29:54Z
2944844,2005-10-19T15:00:48Z
11551222,2007-06-02T06:45:22Z
17824450,2008-06-07T13:52:40Z
19593167,2001-08-08T22:48:59Z
24919513,2002-02-25T15:43:11Z
30876400,2004-01-02T00:09:43Z
40423734,2013-09-02T02:50:12Z
54313516,2017-06-16T00:51:46Z
63925372,2020-05-11T15:37:08Z
68090298,2021-06-30T16:05:51Z
13256,2001-10-30T06:53:38Z
14009,2002-02-25T15:43:11Z
14207,2001-11-27T12:03:17Z
57842,2002-06-17T18:47:16Z
63564,2002-07-22T23:38:59Z
70585,2002-08-11T22:04:46Z
82354,2002-09-08T17:09:16Z
173652,2003-01-24T05:09:14Z
179924,2003-02-06T13:47:30Z
221228,2003-05-04T11:59:05Z
255447,2003-06-30T12:12:47Z
306706,2003-08-28T19:14:22Z
351573,2003-10-28T11:49:01Z
500959,2004-03-03T01:30:59Z
540173,2004-03-20T22:48:58Z
582968,2004-04-07T23:02:28Z
590920,2004-04-11T23:40:16Z
684811,2004-05-28T12:42:08Z
963313,2004-09-06T18:11:45Z
1012996,2004-09-24T01:49:53Z
1131151,2004-11-04T08:13:46Z
1156215,2004-11-11T01:21:41Z
13457,2001-05-14T15:01:43Z
13610,2001-07-30T01:09:27Z
14121,2001-11-11T20:18:56Z
41234,2002-02-25T15:43:11Z
53916,2002-05-28T10:33:49Z
76347,2002-08-26T15:49:47Z
140432,2002-10-26T15:47:25Z
142425,2002-10-30T23:30:23Z
147236,2002-11-14T18:49:22Z
162841,2002-12-30T01:36:43Z
238199,2003-06-01T05:44:25Z
446843,2004-01-29T17:23:14Z
501136,2004-03-03T03:32:54Z
646125,2004-05-10T13:20:03Z
708945,2004-06-08T11:05:28Z
1034578,2004-10-02T18:48:29Z
1587447,2005-03-09T19:49:15Z
1683711,2005-04-02T19:01:32Z
13998,2001-10-29T15:51:55Z
47716,2002-04-05T06:04:52Z
48519,2002-04-09T22:58:04Z
55233,2002-02-25T15:51:15Z
56486,2002-06-13T04:41:51Z
97114,2002-09-30T22:28:08Z
98030,2002-10-02T08:06:39Z
105952,2002-10-16T19:19:38Z
168651,2003-01-13T10:31:30Z
189842,2003-03-01T06:49:20Z
211602,2003-04-16T19:47:16Z
474404,2004-02-18T04:25:48Z
575495,2004-04-04T09:50:25Z
609942,2004-04-21T12:25:00Z
715691,2004-06-10T22:20:19Z
793565,2004-07-07T13:01:53Z
1030084,2004-09-30T18:57:41Z
1034567,2004-10-02T18:46:39Z
1205325,2004-11-24T17:12:55Z
1911597,2005-05-19T22:13:37Z
1998026,2005-06-06T00:35:31Z
2084977,2005-06-21T10:51:00Z
4521155,2006-03-26T10:57:33Z
5274013,2006-05-24T15:08:51Z
6779384,2006-08-31T09:37:08Z
11554125,2007-06-02T13:20:03Z
12489597,2007-07-27T23:54:48Z
19515158,2008-09-29T00:25:44Z
20556903,2003-06-04T18:18:49Z
21715204,2005-05-18T23:52:45Z
24910791,2009-10-31T14:02:48Z
33454739,2011-10-18T22:19:37Z
39719531,2013-06-19T12:32:06Z
39738728,2001-10-23T19:44:37Z
52242549,2016-11-10T16:18:24Z
13266,2001-03-19T19:49:25Z
13570,2001-07-19T18:34:00Z
37966,2002-02-25T15:43:11Z
53948,2002-05-28T16:35:46Z
63542,2002-07-22T21:54:00Z
156693,2002-12-11T00:37:19Z
156739,2002-12-11T05:03:05Z
254945,2003-06-29T13:20:40Z
325030,2003-09-22T20:28:07Z
392831,2003-12-08T04:58:17Z
409919,2003-12-21T05:56:41Z
432134,2004-01-15T22:33:16Z
496253,2004-03-01T00:44:27Z
574024,2004-04-03T18:03:42Z
722235,2004-06-13T05:14:37Z
1109714,2004-10-27T23:16:47Z
1397196,2005-01-14T22:53:32Z
1408983,2003-07-03T23:21:22Z
1923965,2005-05-22T10:39:18Z
2207358,2005-07-10T18:21:22Z
2268160,2005-07-19T21:37:05Z
2412117,2005-08-09T07:02:58Z
2617480,2005-09-05T06:00:40Z
3648764,2006-01-07T18:50:23Z
6091238,2006-07-24T05:30:21Z
13566982,2007-10-04T14:53:10Z
13804328,2005-02-18T02:05:44Z
15829359,2008-02-18T20:21:16Z
18283098,2008-07-04T08:17:38Z
19926944,2008-10-25T00:24:21Z
20598932,2001-11-02T21:29:08Z
24376022,2009-09-17T15:29:44Z
182708,2003-02-13T15:10:21Z
351025,2003-10-27T15:27:53Z
8127488,2006-11-26T10:06:10Z
10262047,2007-03-25T18:14:56Z
13471,2001-11-10T18:15:34Z
13912,2001-10-12T13:01:24Z
13980,2002-02-21T16:14:26Z
14110,2001-11-10T15:34:28Z
14229,2001-12-02T21:54:21Z
14286,2002-02-07T18:54:21Z
66338,2002-07-31T16:11:12Z
83042,2002-09-10T03:17:32Z
139410,2002-10-26T00:31:27Z
142431,2002-10-30T23:42:14Z
142432,2002-10-30T23:44:07Z
155760,2002-12-08T14:37:04Z
184978,2003-02-18T22:48:22Z
185982,2003-02-21T04:30:19Z
363325,2003-11-11T09:26:13Z
432097,2004-01-15T22:06:16Z
501590,2004-03-03T10:23:40Z
612358,2004-04-22T18:08:40Z
1021099,2004-09-27T03:33:04Z
1049561,2004-10-08T13:52:11Z
1218867,2004-11-28T15:03:03Z
1451572,2005-01-31T11:57:12Z
2360438,2005-08-02T08:13:46Z
2991090,2005-10-25T00:51:25Z
3131706,2005-11-11T04:09:13Z
5354105,2006-05-30T20:19:35Z
6326413,2006-08-08T05:50:27Z
9622185,2007-02-21T04:08:39Z
9888521,2007-03-06T04:27:05Z
10949850,2007-04-28T16:40:16Z
11669549,2007-06-08T20:24:08Z
14323856,2007-11-20T00:36:31Z
18149277,2008-06-26T17:30:19Z
21348562,2009-02-01T07:03:20Z
27508128,2010-05-28T09:10:54Z
34740535,2012-02-14T19:43:53Z
37007490,2012-09-13T17:50:28Z
47398271,2015-08-01T03:42:42Z
13311,2001-04-23T22:22:14Z
13645,2001-11-09T01:44:15Z
14019,2001-10-28T11:38:21Z
14352,2001-12-29T01:36:58Z
14361,2001-12-30T08:19:11Z
38173,2002-02-07T17:56:42Z
43533,2002-03-09T20:34:30Z
48386,2002-04-09T09:50:26Z
48838,2002-04-12T14:38:09Z
48910,2002-04-13T00:22:58Z
58261,2002-06-19T17:08:56Z
67060,2002-08-02T21:08:30Z
214053,2003-04-21T18:01:59Z
216260,2003-04-25T20:05:47Z
229553,2003-05-19T01:20:49Z
333824,2003-10-03T14:24:44Z
496021,2004-02-29T23:30:34Z
870890,2004-08-01T07:56:12Z
1048332,2004-10-07T23:58:53Z
1170097,2004-11-15T00:26:38Z
1231792,2004-12-01T22:27:05Z
1310493,2004-12-22T03:25:12Z
1658161,2005-03-28T03:58:53Z
2260743,2005-07-18T21:05:52Z
3394448,2005-12-12T08:37:11Z
3707609,2005-04-20T02:48:23Z
4166493,2004-01-05T04:42:32Z
9106586,2007-01-25T11:54:41Z
9368078,2007-02-07T16:59:10Z
10731502,2007-04-17T17:45:48Z
10922862,2007-04-27T01:57:32Z
17801764,2008-06-06T04:20:13Z
18994221,2002-08-03T09:31:12Z
20120882,2008-11-08T09:48:30Z
21464996,2009-02-09T18:09:29Z
24041303,2009-08-19T10:17:41Z
61994831,2019-10-07T07:46:17Z
70780067,2022-05-14T13:31:37Z
10326,2001-12-27T22:27:20Z
13268,2001-06-26T04:28:19Z
13372,2001-05-04T01:41:47Z
13590,2001-10-11T07:30:32Z
13755,2001-09-16T03:29:50Z
40203,2002-02-21T10:59:07Z
45804,2002-03-24T14:44:13Z
54176,2002-05-30T10:25:02Z
58635,2002-06-21T10:29:16Z
166213,2003-01-07T00:24:43Z
411951,2003-12-23T08:33:49Z
490620,2004-02-27T00:21:07Z
682482,2001-10-03T18:14:31Z
1070221,2004-10-15T11:12:23Z
1478098,2005-02-07T20:06:20Z
1528711,2005-02-20T11:48:08Z
3142646,2005-11-12T16:02:41Z
3524381,2005-12-25T17:09:28Z
3877892,2006-01-28T21:44:27Z
4287389,2006-03-05T17:46:48Z
4649499,2006-04-06T15:23:46Z
5219699,2001-11-16T16:35:59Z
18641776,2008-07-30T04:42:33Z
19629283,2008-08-27T14:04:55Z
23342865,2009-06-23T14:46:07Z
13607,2001-07-29T04:49:48Z
18896,2001-04-07T21:25:26Z
39595,2002-02-18T00:53:33Z
48180,2002-04-08T02:45:39Z
52812,2002-05-21T16:02:09Z
68756,2002-08-07T10:33:28Z
168191,2003-01-12T09:52:21Z
168848,2003-01-14T01:57:53Z
227807,2003-05-16T08:21:30Z
232877,2003-05-24T03:24:29Z
308906,2003-09-01T01:22:46Z
338526,2003-10-11T02:37:55Z
439185,2004-01-22T17:46:11Z
447842,2004-01-30T14:39:22Z
466716,2004-02-13T03:13:48Z
653348,2004-05-14T05:34:07Z
726486,2004-06-15T01:50:03Z
1399625,2005-01-15T20:39:27Z
1487249,2005-02-10T00:09:47Z
1682086,2005-04-02T10:18:32Z
1728672,2005-04-12T16:38:34Z
1906103,2005-05-18T20:43:39Z
3186372,2005-11-17T23:23:16Z
3446698,2005-12-17T01:13:22Z
4440254,2006-03-19T04:15:15Z
6084894,2006-07-23T19:45:11Z
9040547,2007-01-21T20:28:06Z
9387918,2007-02-08T17:49:19Z
12082283,2007-07-04T09:06:16Z
12137890,2007-07-07T21:55:46Z
15525260,2008-01-31T22:21:17Z
17893852,2008-06-11T18:09:26Z
23534602,2001-01-22T07:21:20Z
35614913,2012-04-25T13:38:56Z
35869003,2012-05-19T07:43:05Z
47863633,2004-05-29T20:12:05Z
13255,2001-03-13T02:17:45Z
13257,2001-03-10T17:04:05Z
13609,2001-09-07T06:39:28Z
14225,2001-12-01T13:46:36Z
14359,2001-12-30T01:41:59Z
14403,2002-01-09T05:08:35Z
41244,2002-02-25T15:43:11Z
59456,2002-06-25T19:05:14Z
65424,2002-07-28T08:49:40Z
69955,2002-08-09T19:36:21Z
82490,2002-09-08T23:58:03Z
142100,2002-10-29T19:04:31Z
154738,2002-12-05T07:03:52Z
210755,2003-04-15T05:30:20Z
240960,2003-06-06T02:25:54Z
297117,2003-08-15T17:20:38Z
381399,2001-11-16T15:18:10Z
415883,2003-12-30T15:41:58Z
521843,2004-03-12T15:37:44Z
547154,2004-03-23T21:26:05Z
601834,2004-04-17T06:54:11Z
614302,2004-04-23T17:12:15Z
855555,2004-07-25T02:27:59Z
1082946,2004-10-19T12:38:31Z
1351148,2005-01-01T17:14:23Z
1571859,2005-03-05T13:54:34Z
3065512,2005-11-02T23:52:46Z
3071612,2005-11-03T18:50:49Z
4777389,2006-04-17T02:47:36Z
19916686,2002-04-27T05:33:16Z
13435,2001-05-07T22:17:27Z
13711,2001-09-02T09:40:24Z
14052,2001-11-01T03:52:46Z
14073,2001-11-04T14:13:44Z
14133,2001-11-13T16:22:35Z
14385,2002-01-04T21:30:02Z
14386,2002-02-25T15:43:11Z
49281,2002-04-16T12:13:01Z
51776,2002-05-09T17:56:47Z
56567,2002-06-13T15:34:58Z
82518,2002-09-09T00:49:37Z
116790,2002-10-20T23:53:45Z
145753,2002-11-10T09:27:37Z
164974,2003-01-04T00:01:19Z
235968,2003-05-28T22:17:26Z
241291,2003-06-06T16:55:00Z
282350,2003-07-28T14:33:13Z
314983,2003-09-09T19:19:42Z
318742,2003-09-15T02:46:14Z
354588,2003-11-01T23:02:50Z
434326,2004-01-18T04:17:01Z
478552,2004-02-20T18:36:54Z
527232,2004-03-15T00:16:06Z
626709,2004-04-30T10:16:36Z
799988,2004-07-09T14:56:01Z
802042,2004-07-10T02:42:39Z
881602,2004-08-06T14:36:52Z
996910,2004-09-18T21:35:27Z
1575825,2005-03-06T15:18:00Z
1703515,2005-04-07T04:41:39Z
1966606,2005-05-31T06:45:27Z
2654730,2005-09-10T18:15:32Z
4287778,2006-03-05T18:32:15Z
8823428,2007-01-08T16:50:58Z
20937148,2009-01-03T14:45:39Z
44041569,2014-10-06T19:22:26Z
13681,2001-08-22T17:52:18Z
14417,2002-01-10T17:56:50Z
14459,2002-01-21T03:27:42Z
55244,2002-04-15T14:44:07Z
58685,2002-06-21T15:04:48Z
69957,2002-08-09T19:47:49Z
77432,2002-07-31T21:16:35Z
89112,2002-09-22T04:01:16Z
99862,2002-10-05T23:16:35Z
147003,2002-11-13T23:35:43Z
220255,2003-05-02T19:24:32Z
335058,2003-10-05T06:52:06Z
525101,2004-03-14T01:53:14Z
578099,2004-04-05T18:02:28Z
646120,2004-05-10T13:14:16Z
741847,2004-06-21T20:16:30Z
1283865,2004-12-16T03:43:58Z
1430888,2005-01-25T17:32:04Z
1593643,2005-03-11T12:19:48Z
1678626,2005-04-01T14:29:14Z
2021741,2005-06-10T20:14:56Z
2614426,2005-09-04T20:17:02Z
3186459,2005-11-17T23:38:16Z
4004900,2006-02-08T19:30:52Z
4073195,2006-02-14T22:08:19Z
6694161,2006-08-26T01:23:08Z
7368244,2006-10-09T18:03:41Z
7683011,2006-10-29T20:57:56Z
10287304,2007-03-26T19:19:19Z
21073209,2002-02-25T15:43:11Z
22111414,2009-03-24T01:56:43Z
26666199,2010-03-23T06:53:22Z
30872597,2004-10-22T21:12:08Z
32402755,2011-07-13T19:12:07Z
41621156,2014-01-12T16:39:19Z
54361643,2017-06-22T00:09:19Z
14739,2001-05-15T14:12:17Z
14921,2001-08-25T19:23:14Z
14946,2001-09-03T05:37:29Z
155627,2002-12-07T23:39:24Z
190975,2003-03-02T17:48:37Z
423331,2004-01-07T07:09:05Z
869290,2004-07-31T13:50:54Z
1842011,2005-05-04T22:52:57Z
2071644,2005-06-19T05:07:10Z
2318872,2005-07-27T11:06:45Z
3274702,2005-11-29T17:54:16Z
4741614,2006-04-14T02:18:13Z
10123245,2007-03-18T15:21:13Z
14993019,2008-01-01T23:16:48Z
15033749,2008-01-04T00:40:24Z
21753192,2009-03-01T01:57:51Z
22584291,2009-04-27T05:01:43Z
25234094,2009-11-28T20:45:05Z
37954173,2012-12-17T10:48:30Z
37955094,2012-12-17T13:48:40Z
37956831,2012-12-17T18:00:46Z
38039447,2012-12-27T15:38:29Z
38186356,2013-01-10T11:58:48Z
39229407,2013-04-26T23:34:11Z
43778685,2014-09-09T08:28:28Z
51097030,2016-07-17T19:09:08Z
66020107,2020-12-05T14:25:02Z
74808104,2023-09-12T21:22:38Z
76093849,2024-02-14T10:53:03Z
25977,2001-09-24T23:29:42Z
41250,2002-02-25T15:43:11Z
42405,2002-03-01T20:41:11Z
59881,2002-06-28T01:33:46Z
65905,2002-07-30T03:36:31Z
99599,2002-10-05T09:41:21Z
146230,2002-11-12T03:09:31Z
206940,2003-04-07T14:45:34Z
223980,2003-05-09T05:28:55Z
277259,2003-07-25T18:42:14Z
298428,2003-08-17T15:12:07Z
343246,2003-10-17T20:36:40Z
420335,2004-01-04T14:48:05Z
426456,2004-01-10T16:27:45Z
471819,2004-02-16T10:28:16Z
493760,2004-02-28T21:06:04Z
504495,2004-03-04T16:25:04Z
653500,2004-05-14T08:14:07Z
731401,2004-06-17T00:55:42Z
1146369,2004-11-08T22:32:13Z
1463439,2005-02-03T21:01:17Z
2244120,2005-07-16T02:57:02Z
2535858,2005-08-25T14:17:30Z
3003538,2005-10-26T15:42:05Z
3288580,2005-12-01T02:27:18Z
3762639,2006-01-18T16:13:36Z
3864143,2006-01-27T14:48:27Z
4323846,2006-03-08T22:47:22Z
10519988,2007-04-07T16:28:25Z
23558029,2009-07-10T07:09:50Z
24712184,2001-10-13T15:42:23Z
35736705,2012-05-06T17:00:39Z
59158118,2018-11-26T03:12:29Z
76462437,2024-03-28T14:30:20Z
6416,2001-09-22T14:39:33Z
14958,2001-09-04T16:23:07Z
14959,2001-09-04T16:27:46Z
15492,2002-02-25T15:51:15Z
46469,2002-03-29T02:43:26Z
53472,2002-05-25T22:12:43Z
71925,2002-08-15T01:27:58Z
140763,2002-10-27T18:09:22Z
147561,2002-11-15T17:42:19Z
154744,2002-12-05T08:21:46Z
197847,2003-03-17T22:41:34Z
197864,2003-03-17T23:01:44Z
247107,2003-06-16T03:32:11Z
320733,2003-09-18T00:12:05Z
346382,2003-10-21T16:14:58Z
383833,2003-11-30T20:27:37Z
407704,2003-12-19T05:34:40Z
667600,2004-05-20T14:07:57Z
1021210,2004-09-27T04:31:52Z
1117286,2004-10-30T08:46:08Z
1205785,2004-11-24T19:40:17Z
1307966,2004-12-21T20:04:55Z
1579816,2005-03-07T18:11:16Z
2034220,2005-06-13T03:06:13Z
2421479,2005-08-10T14:57:51Z
2652348,2005-09-10T09:52:49Z
2679981,2005-09-14T23:40:21Z
4166219,2006-02-23T00:17:14Z
4599312,2003-05-05T05:37:52Z
8417792,2006-12-13T12:05:45Z
16511286,2008-03-23T15:21:44Z
14775,2001-10-29T01:40:25Z
15187,2001-10-25T13:29:59Z
15188,2001-10-25T13:32:42Z
27593,2001-03-09T12:47:15Z
38954,2002-02-12T18:24:01Z
47139,2002-04-01T16:38:48Z
50845,2002-04-29T15:41:40Z
82948,2002-09-09T22:15:36Z
167008,2003-01-08T22:59:08Z
211922,2003-04-17T11:47:02Z
216187,2003-04-25T18:56:29Z
259105,2003-07-03T20:51:52Z
265112,2003-07-11T08:49:59Z
366723,2003-11-15T00:13:29Z
379978,2003-11-26T13:58:56Z
387224,2003-12-04T09:52:02Z
420919,2004-01-05T04:11:07Z
422023,2004-01-06T01:40:46Z
457426,2004-02-06T16:19:31Z
461477,2004-02-09T01:56:25Z
545825,2004-03-23T05:15:57Z
769529,2004-07-01T16:50:18Z
889183,2004-08-10T02:43:44Z
1035450,2004-10-03T01:29:47Z
1094348,2004-10-23T05:19:08Z
1576323,2005-03-06T18:06:07Z
1710040,2005-04-08T17:02:22Z
4414367,2006-03-16T19:56:01Z
12600081,2007-08-03T23:09:35Z
14511650,2007-12-01T15:04:13Z
17749314,2003-04-25T23:27:02Z
24299938,2009-09-10T16:40:48Z
52280151,2016-11-15T00:33:35Z
14533,2001-10-26T17:25:25Z
14580,2001-03-26T20:53:24Z
14749,2001-05-17T13:31:47Z
15352,2001-12-11T06:25:40Z
46105,2002-03-27T02:20:09Z
220046,2003-05-02T08:50:06Z
240790,2003-06-05T20:15:09Z
351263,2003-10-28T01:18:15Z
594312,2004-04-13T16:28:59Z
1999679,2005-06-06T08:30:36Z
5063181,2006-05-08T17:14:06Z
5292003,2006-05-25T21:40:51Z
5292034,2006-05-25T21:44:55Z
5292136,2006-05-25T21:52:28Z
5995764,2006-07-17T04:28:44Z
6118940,2006-07-26T00:24:14Z
8075025,2006-11-22T21:36:49Z
8991205,2007-01-18T20:36:54Z
9734068,2007-02-26T17:26:23Z
10159361,2007-03-20T11:48:48Z
10962898,2007-04-29T12:06:13Z
16693606,2008-03-31T15:17:30Z
20611562,2003-02-26T19:53:58Z
25478709,2009-12-18T15:26:22Z
28029474,2010-07-14T01:12:07Z
31253390,2011-03-21T20:30:43Z
38693735,2013-03-03T10:20:04Z
43104837,2014-06-20T15:25:17Z
55850415,2017-11-21T04:59:18Z
73453679,2023-04-03T13:31:30Z
75742095,2024-01-07T04:42:18Z
14541,2001-10-04T18:24:59Z
14896,2001-08-14T19:47:19Z
41258,2002-02-25T15:51:15Z
49503,2002-04-17T20:29:11Z
54069,2002-05-29T15:30:21Z
153392,2002-12-01T02:07:06Z
165146,2003-01-04T11:44:51Z
166929,2003-01-08T17:37:57Z
173926,2003-01-24T19:24:44Z
223898,2003-05-09T02:21:19Z
250708,2003-06-21T17:57:25Z
251075,2003-06-22T11:35:28Z
394710,2003-12-09T14:38:23Z
931796,2004-08-26T09:48:33Z
1206744,2004-11-25T00:56:08Z
1925134,2005-05-22T17:25:29Z
2027822,2005-06-12T01:53:18Z
2618818,2005-09-05T11:32:51Z
2634501,2005-09-07T15:59:47Z
2657761,2005-09-11T03:04:15Z
3291252,2005-12-01T10:53:04Z
3327838,2005-12-05T10:28:52Z
3820892,2006-01-23T18:27:00Z
5506288,2006-06-10T15:10:31Z
9331066,2007-02-05T19:45:44Z
10700479,2007-04-16T09:58:09Z
14543,2001-02-19T08:41:50Z
14838,2001-07-26T14:48:10Z
14909,2001-08-17T19:10:52Z
37220,2002-01-31T21:54:02Z
51249,2002-05-04T02:03:50Z
70425,2002-08-11T09:35:01Z
73165,2002-08-18T22:21:29Z
89489,2002-09-22T22:24:01Z
142679,2002-10-31T16:56:30Z
147918,2002-11-16T14:25:07Z
242146,2003-06-08T11:55:41Z
327636,2003-09-26T14:28:06Z
367831,2003-11-15T22:55:11Z
418609,2004-01-02T21:17:58Z
570140,2004-04-01T21:57:43Z
642885,2004-05-08T19:51:02Z
658183,2004-05-16T09:43:24Z
1558218,2005-03-01T19:00:54Z
1969488,2005-05-31T22:37:14Z
2945235,2005-10-19T16:12:20Z
2980048,2005-10-23T17:14:47Z
3159833,2005-11-14T18:25:51Z
4268620,2006-03-04T01:33:39Z
4479949,2006-03-22T20:44:41Z
4485180,2006-03-23T05:42:34Z
5520280,2006-06-11T17:52:12Z
12212335,2007-07-12T00:42:28Z
15959032,2008-02-26T03:26:33Z
20110824,2001-12-30T07:33:10Z
24050869,2003-02-26T22:45:25Z
41347987,2013-12-12T17:43:46Z
46288668,2015-04-01T13:48:23Z
14774,2002-02-25T15:51:15Z
15022,2001-10-28T13:17:07Z
15036,2001-10-31T17:53:01Z
15271,2001-11-22T12:17:27Z
15412,2001-12-19T09:57:53Z
50355,2002-02-25T15:51:15Z
56437,2002-06-13T00:53:43Z
63528,2002-07-22T21:22:05Z
149354,2002-11-20T14:58:10Z
174521,2003-01-26T01:53:41Z
215176,2003-04-23T23:35:42Z
237495,2003-05-31T04:33:24Z
303043,2003-08-23T16:10:23Z
309801,2003-09-02T06:01:28Z
383162,2003-11-30T00:52:32Z
464877,2004-02-11T14:41:06Z
487312,2004-02-25T00:26:21Z
655822,2004-05-15T09:53:13Z
1409855,2005-01-19T03:19:42Z
1602970,2005-03-13T22:09:53Z
1638070,2005-03-23T04:19:28Z
1800596,2005-04-26T17:01:39Z
1991624,2005-06-04T23:18:54Z
2107602,2005-06-24T15:31:13Z
2174928,2005-07-05T18:35:28Z
2683415,2005-09-15T14:52:56Z
2714749,2005-09-20T11:16:45Z
4168072,2006-02-23T03:25:38Z
4681615,2006-04-09T05:20:55Z
11633005,2007-06-06T17:54:01Z
14459043,2007-11-27T22:57:01Z
18985062,2001-11-14T20:31:59Z
19572217,2002-04-09T02:32:12Z
23292380,2001-12-20T23:29:43Z
23997153,2006-05-01T04:55:23Z
25171429,2009-11-23T00:58:06Z
25203299,2009-11-25T20:00:33Z
25935860,2010-01-25T00:32:24Z
36674345,2001-12-06T22:50:39Z
14624,2001-11-01T15:49:50Z
15205,2001-10-29T20:10:06Z
15430,2002-02-25T15:43:11Z
55971,2002-06-10T13:02:02Z
118450,2002-10-21T10:42:26Z
149463,2002-11-20T21:54:16Z
186448,2003-02-22T01:55:00Z
296077,2003-08-14T03:49:31Z
335354,2003-10-06T02:37:27Z
363442,2003-11-11T13:06:21Z
429511,2004-01-13T13:46:57Z
467888,2004-02-13T23:55:38Z
496459,2004-03-01T03:46:11Z
498383,2004-03-02T04:03:56Z
859910,2004-07-27T00:25:33Z
1036651,2004-10-03T15:02:03Z
1551363,2005-02-27T18:33:14Z
1670763,2005-03-30T18:07:37Z
2024810,2005-06-11T12:51:56Z
2212081,2005-07-11T11:17:01Z
2624383,2005-09-06T03:40:46Z
3113497,2005-11-09T01:39:16Z
5571489,2006-06-15T10:39:15Z
22393474,2001-03-12T23:51:55Z
23366462,2001-07-05T16:30:00Z
30864192,2005-05-17T19:37:07Z
32151618,2011-06-20T16:50:11Z
47291523,2015-07-20T21:28:57Z
74872973,2023-09-21T08:50:23Z
14563,2001-08-18T02:43:05Z
14724,2001-10-16T19:38:16Z
14794,2001-09-15T21:54:28Z
14895,2001-08-11T18:49:47Z
15150,2001-10-12T12:52:48Z
15176,2001-10-21T21:16:33Z
15242,2001-11-18T20:31:05Z
15305,2001-12-02T00:39:16Z
15532,2002-01-23T19:59:08Z
47403,2002-04-03T12:41:44Z
47772,2002-04-05T18:31:34Z
59660,2002-05-07T08:44:57Z
71627,2002-08-14T10:42:12Z
147252,2002-11-14T20:06:57Z
240584,2003-06-05T14:21:10Z
245960,2003-06-14T08:03:52Z
349336,2003-10-25T11:39:15Z
355711,2003-11-03T07:37:58Z
420764,2004-01-05T01:12:38Z
430912,2004-01-14T23:00:12Z
474234,2004-02-18T01:18:35Z
519280,2004-03-11T09:19:29Z
575535,2004-04-04T10:43:40Z
1523930,2005-02-19T04:01:27Z
1589872,2005-03-10T12:53:00Z
2166948,2005-07-04T11:55:08Z
2390366,2005-08-06T07:28:08Z
8487828,2006-12-17T21:34:18Z
18567040,2002-02-25T15:51:15Z
25361723,2009-12-08T18:05:34Z
26219128,2010-02-16T11:26:27Z
30871230,2004-09-29T20:48:36Z
15120,2001-10-06T00:49:22Z
15201,2001-10-29T22:02:41Z
15295,2001-11-29T17:18:04Z
92529,2002-09-26T20:05:46Z
152106,2002-11-26T22:42:09Z
170447,2003-01-18T01:39:40Z
204464,2003-04-01T09:13:28Z
299014,2003-08-18T13:09:14Z
408703,2003-12-20T05:53:09Z
443083,2004-01-26T12:49:28Z
527943,2004-03-15T05:27:26Z
620746,2004-04-26T23:12:00Z
741104,2004-06-21T15:29:11Z
901382,2004-08-15T04:50:40Z
1201084,2004-11-23T12:51:01Z
1250206,2004-12-06T21:07:09Z
1507559,2005-02-15T04:35:19Z
2406246,2005-08-08T15:04:13Z
2690186,2005-09-16T18:10:51Z
2711317,2005-09-20T01:22:16Z
3591456,2006-01-02T01:26:52Z
4613942,2006-04-03T14:52:38Z
5080402,2006-05-09T21:56:47Z
5374327,2006-06-01T04:53:47Z
7837393,2006-11-08T12:39:49Z
11469677,2007-05-28T17:30:18Z
11578097,2007-06-03T23:05:16Z
13569582,2007-10-04T18:26:03Z
13651338,2007-10-09T20:31:13Z
44913770,2015-01-01T14:57:17Z
15043,2001-10-09T20:04:30Z
15417,2001-12-19T21:09:10Z
26764,2001-10-31T19:06:13Z
186446,2003-02-22T01:47:59Z
205264,2003-04-03T10:51:47Z
318580,2003-09-14T20:58:31Z
340757,2003-10-14T22:13:42Z
516756,2004-03-10T03:27:48Z
519008,2004-03-11T04:50:21Z
557097,2004-03-27T15:21:42Z
696923,2004-06-01T17:55:43Z
1417149,2005-01-21T13:59:20Z
1516228,2005-02-17T06:14:27Z
1562189,2005-03-02T22:19:36Z
1700209,2005-04-06T12:28:19Z
1944940,2005-05-26T17:05:14Z
5297402,2006-05-26T07:47:37Z
14099084,2007-11-06T05:16:36Z
20542082,2008-12-04T11:58:12Z
26457540,2010-03-07T10:49:04Z
14539,2001-11-10T22:37:10Z
14567,2001-04-03T08:15:49Z
14569,2001-03-21T18:13:00Z
14812,2001-02-26T18:32:21Z
14843,2001-10-05T20:48:45Z
15111,2001-10-03T19:26:40Z
15289,2001-11-28T13:53:01Z
15402,2001-12-17T00:23:28Z
49172,2002-04-15T10:38:58Z
54738,2002-06-02T15:53:48Z
59868,2002-06-28T00:12:42Z
69453,2002-08-08T18:57:55Z
100245,2002-10-06T23:31:10Z
194206,2003-03-10T00:19:53Z
220414,2003-05-03T01:18:11Z
221299,2003-05-04T14:30:22Z
221385,2003-05-04T16:38:07Z
222320,2003-05-06T06:08:37Z
394357,2003-12-09T06:04:34Z
432961,2004-01-16T18:37:29Z
1228060,2004-11-30T22:32:05Z
1569607,2005-03-04T20:25:50Z
1944758,2005-05-26T16:24:51Z
2472666,2005-08-17T06:36:29Z
3112575,2005-11-08T23:12:50Z
3148602,2005-11-13T08:53:02Z
3586577,2006-01-01T13:07:15Z
14511671,2007-12-01T15:06:01Z
15624602,2008-02-06T16:37:07Z
28565245,2003-05-16T17:01:06Z
29115503,2010-10-08T16:10:52Z
47827949,2015-09-15T20:54:14Z
61469969,2019-08-08T15:26:06Z
71752194,2022-09-14T07:18:24Z
14907,2001-08-16T05:02:27Z
41288,2002-02-25T15:51:15Z
44312,2002-03-14T10:28:18Z
67554,2002-08-04T10:42:54Z
113021,2002-10-18T20:31:33Z
160381,2002-12-21T23:58:27Z
162321,2002-12-28T18:21:57Z
169262,2003-01-15T06:05:00Z
210269,2003-04-14T05:50:47Z
236975,2003-05-30T14:32:23Z
327786,2003-09-26T18:31:13Z
345023,2003-10-19T22:49:13Z
363762,2003-11-11T19:53:26Z
374220,2003-11-21T07:39:38Z
394815,2003-12-09T16:11:37Z
457620,2004-02-06T19:30:43Z
696233,2004-06-01T10:41:19Z
714259,2004-06-10T10:53:20Z
1126638,2004-11-02T09:18:31Z
1126641,2004-11-02T09:20:50Z
1445176,2005-01-29T17:42:47Z
1673352,2005-03-31T05:24:56Z
2796131,2005-09-29T22:22:26Z
3110890,2005-11-08T18:26:37Z
4099198,2006-02-17T00:42:03Z
4217326,2006-02-27T17:14:13Z
6176600,2006-07-30T00:02:13Z
7635201,2006-10-26T18:40:07Z
8406655,2006-12-12T20:19:17Z
19852895,2006-12-08T02:30:28Z
21749554,2009-02-28T20:53:57Z
24931043,2009-11-02T06:07:29Z
26506143,2010-03-10T22:29:16Z
45283122,2015-02-02T14:36:34Z
63718197,2020-04-21T00:36:03Z
14750,2001-05-17T13:34:56Z
14951,2002-02-25T15:51:15Z
15097,2001-11-06T03:52:41Z
15223,2001-11-06T00:57:04Z
37839,2002-02-05T12:19:35Z
59611,2002-06-26T16:12:19Z
85429,2002-09-14T20:24:20Z
202522,2003-03-28T13:18:11Z
295844,2003-08-13T21:14:32Z
308909,2003-09-01T01:24:48Z
519796,2004-03-11T16:13:02Z
575054,2004-04-04T04:12:53Z
1051892,2002-04-02T19:56:02Z
1224080,2004-11-29T22:50:23Z
1464117,2005-02-04T00:35:47Z
1487123,2005-02-09T23:34:00Z
1557851,2005-03-01T16:42:51Z
2122484,2005-06-27T03:03:13Z
2134064,2005-06-29T03:46:40Z
2250747,2005-07-17T06:54:04Z
2332188,2005-07-29T06:29:30Z
2332266,2005-07-29T06:56:40Z
2619023,2005-09-05T12:18:44Z
5120016,2006-05-12T20:56:33Z
5575149,2006-06-15T17:01:08Z
5877457,2006-07-08T03:31:28Z
16313021,2008-03-15T19:15:44Z
17985651,2005-07-03T18:02:03Z
18963787,2001-05-17T09:40:54Z
27564316,2010-06-01T10:12:11Z
28613911,2010-08-29T04:19:30Z
30857467,2005-10-31T12:06:20Z
33265912,2011-10-01T02:16:45Z
35335122,2012-04-05T16:18:17Z
14734,2001-05-15T12:49:55Z
15387,2001-12-15T01:08:59Z
42261,2002-02-28T17:11:52Z
51581,2002-05-06T22:26:15Z
86801,2002-09-17T09:29:56Z
100180,2002-10-06T21:37:51Z
207621,2003-04-09T00:45:04Z
215987,2003-04-25T09:36:16Z
277266,2003-07-25T18:48:53Z
364366,2003-11-12T08:02:49Z
446457,2004-01-29T05:24:35Z
470323,2004-02-15T11:41:22Z
555908,2004-03-27T02:56:24Z
556970,2004-03-25T21:53:46Z
636094,2004-05-05T05:42:23Z
1309936,2004-12-22T01:17:04Z
1558629,2005-03-01T21:23:27Z
2091630,2005-06-22T09:19:27Z
2317035,2004-05-08T11:30:07Z
2408776,2005-08-08T21:21:21Z
2414449,2005-08-09T16:22:11Z
2794507,2005-09-29T17:33:24Z
2846018,2005-10-06T10:54:47Z
3115470,2005-11-09T07:40:33Z
3234346,2005-11-24T20:24:22Z
3366265,2005-12-09T05:34:37Z
3402027,2003-01-24T02:26:20Z
5649707,2006-06-21T08:27:12Z
5748852,2006-06-28T19:02:23Z
6109428,2006-07-25T11:18:22Z
7515928,2001-05-05T02:45:43Z
14587,2001-03-29T16:08:12Z
63543,2002-07-22T21:55:48Z
97528,2002-10-01T16:29:34Z
185153,2003-02-19T10:06:09Z
240849,2003-06-05T22:23:52Z
264740,2003-07-10T18:19:01Z
276104,2003-07-24T00:51:44Z
315428,2003-09-10T14:33:43Z
370788,2003-11-18T02:38:43Z
409951,2003-12-21T06:42:46Z
414736,2003-12-27T16:46:03Z
422737,2004-01-06T18:56:57Z
575126,2004-04-04T05:00:51Z
599463,2004-04-16T02:10:04Z
672218,2004-05-22T15:40:46Z
849015,2004-07-22T06:11:20Z
2413037,2005-08-09T11:26:24Z
2836143,2005-10-05T02:23:36Z
2842663,2005-03-13T00:53:45Z
3110610,2005-11-08T17:40:41Z
3129081,2005-11-10T21:49:01Z
3963043,2006-02-05T02:29:51Z
4014985,2006-02-09T15:23:44Z
4164654,2006-02-22T21:36:56Z
14729,2001-08-20T15:33:58Z
15237,2001-11-11T19:00:32Z
40346,2002-02-25T15:43:11Z
68833,2002-08-07T13:23:28Z
141828,2002-10-28T23:53:43Z
163878,2003-01-02T04:47:48Z
396150,2003-12-10T15:36:30Z
424302,2004-01-08T08:34:46Z
619595,2004-04-26T08:17:07Z
1448702,2005-01-30T18:16:15Z
1498680,2005-02-13T01:20:34Z
1981057,2005-06-03T01:49:45Z
2346537,2005-07-31T07:16:23Z
2954049,2005-10-20T15:58:21Z
4473760,2006-03-22T05:18:58Z
7215856,2006-09-30T03:50:35Z
9158134,2007-01-28T02:58:20Z
10777727,2007-04-19T17:07:19Z
19455379,2008-09-24T17:23:43Z
28199973,2010-07-30T09:01:10Z
30713569,2011-02-01T15:19:55Z
34119994,2011-12-19T10:19:59Z
15881,2001-11-13T00:09:10Z
16082,2001-09-25T05:21:07Z
16290,2001-11-01T03:59:43Z
65980,2002-07-30T10:50:34Z
99608,2002-10-05T10:22:33Z
243577,2003-06-10T19:19:27Z
344430,2003-10-19T02:11:26Z
15944,2001-09-26T22:23:58Z
16472,2001-12-17T11:47:48Z
41296,2002-02-25T15:43:11Z
15624,2001-11-08T03:57:29Z
16327,2001-11-16T16:21:01Z
15627,2001-10-01T04:29:03Z
15655,2001-09-26T14:35:00Z
16392,2001-11-26T17:32:54Z
16905,2001-10-15T11:54:24Z
17013,2001-10-17T14:33:33Z
17188,2002-02-25T15:43:11Z
38930,2001-11-05T01:14:18Z
68759,2002-08-07T10:39:30Z
180855,2003-02-08T23:08:41Z
230730,2003-05-20T20:39:09Z
246748,2003-06-15T13:55:03Z
336175,2003-10-07T12:06:30Z
341265,2003-10-15T12:10:46Z
646116,2004-05-10T13:11:40Z
730958,2004-06-16T20:12:12Z
993313,2004-09-17T13:42:31Z
1146292,2004-11-08T22:14:20Z
1283378,2004-12-16T01:13:48Z
1775388,2005-04-21T15:50:19Z
1860407,2005-05-09T00:06:48Z
3021282,2005-10-28T18:16:36Z
3031477,2005-10-29T23:56:51Z
4221033,2006-02-27T23:52:35Z
4433225,2006-03-18T15:11:16Z
4855682,2006-04-22T19:02:07Z
7971569,2006-11-16T19:59:46Z
13314087,2007-09-17T21:10:05Z
16659679,2008-03-29T17:07:44Z
28120413,2010-07-22T20:34:11Z
33035523,2011-09-09T19:56:13Z
16938,2001-10-09T20:56:50Z
17022,2001-10-18T09:59:39Z
17140,2001-11-17T08:29:05Z
17379,2001-12-10T07:42:55Z
17454,2001-10-04T10:59:10Z
17553,2001-03-06T05:10:17Z
16619,2001-09-12T17:23:43Z
16803,2001-09-30T14:03:45Z
16804,2002-02-25T15:43:11Z
16978,2002-02-25T15:43:11Z
16992,2001-10-15T13:27:42Z
17025,2001-10-18T12:10:13Z
17326,2001-06-26T12:30:10Z
51209,2002-05-03T14:36:14Z
53039,2001-02-21T12:15:16Z
56511,2002-06-13T09:06:53Z
183950,2003-02-16T12:21:44Z
230342,2003-05-20T05:37:24Z
428956,2004-01-13T00:55:08Z
472464,2004-02-16T21:35:21Z
636229,2004-05-05T08:37:08Z
882162,2004-08-06T20:15:58Z
1512727,2005-02-16T10:18:07Z
1516949,2005-02-17T12:40:57Z
1584036,2005-03-08T22:47:24Z
2090057,2005-01-10T03:27:17Z
2777137,2005-09-27T17:08:04Z
3099164,2005-11-07T05:38:04Z
3424576,2005-12-15T03:08:48Z
5636228,2006-06-20T09:42:37Z
6158721,2006-07-28T17:17:59Z
8771473,2007-01-05T16:31:56Z
14430274,2007-11-26T06:48:23Z
16344330,2008-03-17T02:04:56Z
21346982,2002-04-25T16:09:03Z
23921051,2003-01-23T02:30:38Z
25382732,2002-09-07T00:30:56Z
40373344,2005-04-29T22:37:02Z
40423604,2013-09-02T02:26:16Z
55050738,2017-08-27T16:52:29Z
57218264,2018-04-24T07:32:49Z
11100,2001-10-03T18:05:15Z
16897,2001-10-05T08:40:22Z
17327,2001-11-27T22:39:15Z
47619,2001-10-21T14:50:29Z
50399,2002-04-25T16:24:37Z
53664,2002-05-26T23:41:49Z
64204,2002-07-25T03:53:15Z
65914,2002-07-30T04:17:14Z
72896,2002-08-17T22:14:20Z
84840,2002-09-13T14:27:53Z
153008,2002-11-29T16:44:16Z
158019,2002-12-14T20:21:50Z
188506,2003-02-26T02:07:04Z
209627,2003-04-13T01:04:28Z
234132,2003-05-26T06:38:32Z
239497,2003-06-03T17:14:05Z
243391,2003-06-10T10:45:34Z
366808,2003-11-15T01:29:40Z
366810,2003-11-15T01:29:52Z
458499,2004-02-07T10:46:59Z
591253,2004-04-12T02:28:44Z
591280,2004-04-12T02:37:45Z
1473033,2005-02-06T14:29:15Z
1804137,2005-04-27T08:54:47Z
2761506,2005-09-25T22:03:11Z
2908224,2005-10-14T22:02:25Z
3964400,2006-02-05T04:59:20Z
4259210,2006-03-03T06:25:32Z
5275725,2006-05-24T18:11:09Z
5558061,2006-06-14T13:07:15Z
10622169,2007-04-12T17:15:58Z
12838419,2007-08-19T14:48:03Z
14503276,2007-11-30T22:15:55Z
20577473,2008-12-07T05:32:05Z
25747256,2010-01-09T23:51:47Z
31002435,2011-02-25T10:48:25Z
33231198,2011-09-27T18:17:27Z
62295363,2019-11-09T18:58:33Z
79590081,2025-03-30T16:55:08Z
16714,2001-05-20T06:25:51Z
16796,2001-08-31T17:03:41Z
16848,2001-09-23T11:14:12Z
16920,2001-10-08T17:07:14Z
17038,2001-11-06T19:20:46Z
87622,2002-09-19T12:21:56Z
173132,2003-01-23T05:16:23Z
332008,2003-09-30T18:51:41Z
353115,2003-10-30T16:01:48Z
390538,2003-12-06T11:43:01Z
477026,2004-02-19T20:17:13Z
581610,2004-04-07T07:13:43Z
738149,2004-06-20T13:11:35Z
1041063,2004-10-05T05:48:40Z
1198757,2004-11-22T20:51:02Z
1458404,2005-02-02T03:01:27Z
17537,2001-11-14T19:15:26Z
17629,2001-03-28T20:39:17Z
18178,2002-02-25T15:51:15Z
18531,2002-02-25T15:51:15Z
159034,2002-12-17T17:52:07Z
245283,2003-06-13T09:29:23Z
484254,2004-02-23T13:47:54Z
696568,2004-06-01T14:44:41Z
735512,2004-06-18T20:21:38Z
889831,2004-08-10T07:57:23Z
905037,2004-08-16T20:01:58Z
1125669,2004-11-02T01:11:51Z
1604673,2005-03-14T06:58:01Z
1627998,2005-03-20T19:35:28Z
1975220,2005-06-02T01:44:45Z
3154110,2005-11-14T01:01:46Z
3462587,2005-12-18T20:15:16Z
3759071,2006-01-18T05:38:21Z
4279333,2006-03-05T00:35:57Z
4633683,2006-04-05T04:36:52Z
5033055,2006-05-06T15:51:05Z
16790348,2008-04-06T06:20:30Z
17398955,2008-05-13T06:25:07Z
19329601,2008-09-15T14:55:48Z
24350828,2009-09-15T11:25:46Z
26258321,2010-02-19T13:26:59Z
37122169,2012-09-26T02:15:47Z
38997206,2013-04-03T03:13:55Z
70993391,2022-06-12T04:30:32Z
18401,2001-11-04T02:27:38Z
43864,2002-03-11T13:12:45Z
56309,2002-06-12T08:11:14Z
76483,2002-08-27T07:04:17Z
81818,2002-09-07T09:26:57Z
172474,2003-01-22T03:50:07Z
184638,2003-02-18T02:59:44Z
211285,2003-04-16T03:43:46Z
230159,2003-05-19T22:02:17Z
250515,2003-06-21T06:30:17Z
292984,2003-08-10T03:59:22Z
382683,2003-11-29T11:40:20Z
577817,2004-04-05T15:06:56Z
579223,2004-04-06T05:57:34Z
800155,2004-07-09T16:21:21Z
869616,2004-07-31T17:45:01Z
1131116,2004-11-04T07:54:46Z
1335495,2004-12-28T04:30:43Z
1367322,2005-01-06T06:16:06Z
1580943,2005-03-08T03:21:18Z
1958790,2005-05-29T14:49:45Z
3182956,2005-11-17T12:04:05Z
4024695,2006-02-10T10:33:25Z
5016402,2006-05-05T05:33:16Z
6087384,2006-07-23T23:35:52Z
6974596,2006-09-13T11:55:53Z
7141462,2006-09-24T23:29:31Z
12763945,2007-08-14T11:42:32Z
18842431,2001-10-12T15:27:17Z
20152551,2008-11-10T17:30:01Z
21496038,2003-06-20T16:43:22Z
23371726,2001-12-10T08:43:33Z
17524,2001-11-05T02:54:38Z
17744,2001-07-27T16:08:15Z
18308,2001-10-19T16:34:09Z
18610,2001-12-26T13:54:27Z
36941,2002-01-29T01:44:26Z
39374,2002-02-16T18:25:33Z
50357,2002-04-25T09:57:59Z
59366,2002-06-25T04:08:39Z
75286,2002-08-23T18:22:55Z
174706,2003-01-26T14:14:44Z
178235,2003-02-02T18:15:00Z
205135,2003-04-03T06:05:33Z
224312,2003-05-10T03:43:38Z
252582,2003-06-25T03:48:26Z
357353,2003-11-05T11:25:34Z
467875,2004-02-13T23:45:32Z
596353,2004-04-14T17:19:48Z
719460,2004-06-12T16:26:59Z
1045127,2004-10-06T19:51:15Z
1589341,2005-03-10T07:11:41Z
1911810,2005-05-19T22:47:52Z
2340218,2005-07-30T10:51:13Z
2383086,2005-08-05T07:00:17Z
2817855,2005-10-02T17:07:01Z
3261205,2005-11-28T05:01:32Z
3570314,2005-12-30T17:10:47Z
3772909,2006-01-19T15:07:03Z
5292342,2006-05-25T22:10:06Z
7464454,2006-10-16T03:14:57Z
9993042,2007-03-11T12:46:13Z
14135808,2007-11-08T03:18:29Z
18621997,2002-10-27T21:35:56Z
19106129,2008-08-30T18:33:50Z
19872558,2008-10-21T11:02:11Z
22532674,2009-04-23T09:02:39Z
17556,2001-03-22T02:11:09Z
17616,2001-03-27T18:30:29Z
17730,2001-10-18T14:14:02Z
37447,2002-02-25T15:51:15Z
49375,2002-04-17T04:10:50Z
142258,2002-10-30T07:03:08Z
155759,2002-12-08T14:36:29Z
164610,2003-01-03T16:07:54Z
189379,2003-02-28T05:19:26Z
379957,2003-11-26T13:28:22Z
469304,2004-02-14T19:47:16Z
489253,2004-02-26T01:21:37Z
708503,2004-06-08T05:37:08Z
710164,2004-06-08T20:01:46Z
795206,2004-07-07T21:04:36Z
1002327,2004-09-20T18:28:03Z
1178938,2004-11-17T08:47:20Z
1306157,2004-12-21T13:05:46Z
1333161,2004-12-27T19:56:48Z
2935357,2005-10-18T13:30:32Z
3210174,2005-11-21T05:40:14Z
3665897,2006-01-09T10:47:29Z
3730328,2006-01-15T16:42:18Z
3848049,2006-01-26T02:31:47Z
4237572,2006-03-01T13:31:00Z
4903418,2006-04-26T13:20:41Z
9405717,2007-02-09T15:20:05Z
9758356,2007-02-27T21:21:07Z
15338431,2008-01-21T04:07:20Z
15798971,2008-02-17T03:35:39Z
21438242,2002-02-04T11:49:50Z
62176441,2019-10-27T18:40:11Z
64998709,2020-08-19T13:55:55Z
77815635,2024-09-07T21:15:16Z
17746,2001-05-17T14:41:53Z
17747,2001-05-17T15:16:47Z
18339,2001-10-26T01:19:09Z
37427,2002-02-25T15:51:15Z
39039,2002-02-25T15:51:15Z
62214,2002-07-15T13:26:58Z
157055,2002-12-11T23:38:33Z
168526,2003-01-13T03:54:38Z
238508,2003-06-01T18:35:06Z
298070,2003-08-17T02:26:29Z
299476,2003-08-19T02:33:44Z
588606,2004-04-10T21:14:35Z
766244,2004-06-30T06:01:20Z
778700,2004-07-04T05:34:56Z
1128669,2004-11-03T09:03:50Z
1144596,2004-11-08T12:21:20Z
1196927,2004-11-22T07:14:04Z
1573422,2005-03-05T22:11:12Z
2181154,2005-07-06T17:32:08Z
2207614,2005-07-10T19:11:04Z
2375025,2005-08-04T04:26:46Z
2549741,2005-08-27T03:23:43Z
3533543,2005-12-26T23:12:25Z
4270521,2006-03-04T05:14:36Z
4876828,2006-04-24T10:34:29Z
5292415,2006-05-25T22:16:02Z
5453152,2006-06-06T18:47:14Z
10747879,2007-04-18T09:14:45Z
16921372,2008-04-14T02:09:17Z
16921463,2008-04-14T02:17:54Z
21561303,2009-02-16T13:52:56Z
31711004,2011-05-08T02:52:37Z
37766875,2012-11-28T04:27:50Z
39665033,2013-06-13T14:25:43Z
18542,2001-12-08T23:57:35Z
46599,2002-03-29T15:13:49Z
150212,2002-11-23T15:40:29Z
174455,2003-01-25T23:18:02Z
183403,2003-02-15T02:11:21Z
187461,2003-02-23T20:38:18Z
219287,2003-05-01T00:15:07Z
305286,2003-08-26T22:35:36Z
342602,2003-10-17T02:02:15Z
377975,2003-11-24T21:10:15Z
435079,2004-01-19T01:28:38Z
531385,2004-03-16T21:27:34Z
600122,2004-04-16T12:24:31Z
635681,2004-05-04T23:23:35Z
679144,2004-05-25T05:53:30Z
863494,2004-07-28T17:16:21Z
921278,2004-08-22T21:21:28Z
1210255,2004-11-25T23:44:01Z
1302589,2004-12-20T17:39:27Z
1310760,2004-12-22T05:31:27Z
2189967,2005-07-07T22:22:13Z
2298321,2004-09-15T17:28:51Z
2371921,2005-08-03T19:15:01Z
2458124,2005-08-15T10:32:16Z
3139882,2005-11-12T04:55:58Z
7422265,2006-10-13T09:25:32Z
8315620,2006-12-07T16:20:14Z
10549090,2007-04-09T07:10:52Z
13609399,2007-10-07T02:27:35Z
18973622,2002-02-16T21:47:20Z
19166409,2004-06-13T15:17:36Z
20376027,2008-11-24T17:55:11Z
24280168,2009-09-09T01:09:49Z
17781,2001-08-29T10:39:12Z
18138,2001-10-02T04:23:27Z
18328,2001-10-25T15:00:59Z
38857,2002-02-11T23:00:00Z
43024,2002-03-06T07:33:18Z
57079,2002-06-14T18:11:15Z
60828,2002-07-06T22:00:46Z
63546,2002-07-22T21:58:15Z
81251,2002-09-06T12:07:01Z
106421,2002-10-18T03:36:16Z
173279,2003-01-23T11:15:34Z
190871,2003-03-02T12:38:07Z
315983,2003-09-11T12:13:44Z
324927,2003-09-22T16:14:27Z
432181,2004-01-15T23:53:51Z
597844,2004-04-15T09:49:46Z
643859,2004-05-09T07:06:51Z
1034969,2004-10-02T21:50:31Z
1035908,2004-10-03T05:45:42Z
1332480,2004-12-27T18:03:23Z
3500313,2005-12-22T15:55:18Z
4119994,2006-02-18T21:05:27Z
5074851,2006-05-09T14:15:05Z
6371579,2006-08-10T16:12:48Z
18933569,2001-10-25T02:52:02Z
23409418,2009-06-27T15:24:47Z
34183457,2011-12-25T17:03:05Z
35581735,2012-04-22T10:43:31Z
36973733,2012-09-10T13:46:21Z
68736094,2021-09-16T05:38:05Z
17874,2002-02-25T15:43:11Z
17939,2001-11-10T06:46:52Z
17944,2001-09-30T20:50:13Z
17945,2001-09-01T13:52:06Z
18009,2001-08-30T21:06:09Z
18290,2001-07-28T10:56:01Z
18393,2001-11-02T16:18:09Z
18430,2001-11-09T21:46:33Z
18589,2001-12-19T13:52:20Z
40412,2002-02-23T11:51:03Z
41958,2002-02-26T12:44:04Z
61344,2002-07-10T19:33:23Z
66675,2002-08-01T18:10:27Z
168239,2003-01-12T14:22:53Z
172396,2003-01-22T00:46:26Z
293639,2003-08-10T23:46:49Z
297501,2003-08-16T06:26:34Z
309930,2003-09-02T09:27:47Z
309973,2003-09-02T11:22:46Z
314494,2003-09-08T16:54:31Z
341956,2003-10-16T05:46:04Z
463835,2004-02-10T19:50:32Z
497225,2004-03-01T15:28:32Z
699110,2004-06-02T17:35:00Z
1612888,2005-03-16T11:38:39Z
2202422,2005-07-09T21:45:48Z
4420029,2006-03-17T07:22:10Z
4643304,2006-04-06T00:48:07Z
5067510,2006-05-08T22:49:22Z
6326469,2006-08-08T05:54:50Z
6786780,2006-08-31T20:42:09Z
11530754,2007-06-01T00:14:19Z
16646944,2008-03-28T21:17:07Z
18995926,2008-08-23T15:18:30Z
23473595,2001-09-19T11:40:33Z
29605965,2010-11-15T13:47:18Z
36652063,2012-08-07T01:59:30Z
17748,2001-05-17T15:22:22Z
18422,2001-03-06T08:00:01Z
44968,2002-03-19T06:55:38Z
45035,2002-02-25T15:43:11Z
55632,2001-04-20T22:25:37Z
60455,2002-07-04T19:43:06Z
60777,2002-07-06T17:06:20Z
145243,2002-11-08T18:57:35Z
152111,2002-11-26T23:00:42Z
190996,2003-03-02T18:39:13Z
285759,2003-08-01T05:23:49Z
301429,2003-08-21T13:25:03Z
352354,2003-10-29T15:19:22Z
379868,2003-11-26T09:59:03Z
549152,2004-03-24T18:34:53Z
935451,2004-08-27T17:50:30Z
939131,2004-08-29T04:51:05Z
946975,2004-08-31T14:39:43Z
1101361,2004-10-25T08:52:07Z
1124025,2004-11-01T12:52:12Z
1225755,2004-11-30T06:00:18Z
1402016,2005-01-16T15:25:50Z
1470657,2005-02-05T22:31:51Z
1779163,2005-04-22T09:17:51Z
1867624,2005-05-10T17:53:28Z
2100884,2005-06-23T16:34:30Z
2449741,2005-08-14T05:02:54Z
2690426,2005-09-16T19:00:52Z
3206138,2005-11-20T17:51:18Z
3275310,2005-11-29T19:30:48Z
3486333,2005-12-21T02:11:44Z
3983656,2006-02-06T23:17:24Z
6769882,2006-08-30T19:00:27Z
13280372,2007-09-15T18:47:00Z
20646679,2002-11-20T15:51:05Z
23276318,2009-06-19T10:49:29Z
26551602,2001-09-02T14:37:14Z
36561875,2012-07-27T20:36:52Z
42241060,2014-03-18T23:41:07Z
17940,2001-07-27T15:55:20Z
17973,2001-08-03T01:44:19Z
18102,2001-11-08T15:41:37Z
18167,2001-09-27T05:52:51Z
18171,2001-09-27T14:27:55Z
18566,2002-02-25T15:43:11Z
18692,2002-01-13T23:32:53Z
43730,2002-03-11T04:17:04Z
44495,2002-03-15T12:22:44Z
56212,2002-06-11T15:58:33Z
58673,2002-06-21T14:25:04Z
92512,2002-09-26T19:14:46Z
153219,2002-11-30T15:50:41Z
158011,2002-12-14T19:51:30Z
173309,2003-01-23T12:56:40Z
314402,2003-09-08T13:55:18Z
520402,2004-03-11T21:11:32Z
523173,2004-03-13T05:26:33Z
741812,2004-06-21T19:51:47Z
770768,2004-07-02T00:33:24Z
880497,2004-08-05T23:32:02Z
1078982,2004-10-18T07:13:50Z
1552607,2005-02-28T01:30:49Z
2136925,2005-06-29T15:22:37Z
2393984,2005-08-06T20:08:20Z
4651912,2006-04-06T19:24:09Z
12324805,2007-07-19T12:34:11Z
12458499,2007-07-26T11:14:40Z
16652317,2008-03-29T03:44:20Z
18993825,2001-07-27T19:32:52Z
22760983,2001-11-14T22:21:08Z
37988325,2012-12-21T00:43:49Z
39695031,2013-06-16T22:53:03Z
48758386,2001-05-20T05:47:13Z
18016,2001-09-21T16:22:19Z
121148,2002-10-21T17:44:51Z
208382,2003-04-10T19:07:20Z
6985399,2006-09-14T03:47:03Z
29363284,2010-10-26T18:37:00Z
11568606,2007-06-03T11:12:02Z
11573248,2007-06-03T17:36:40Z
61761147,2019-09-12T09:24:59Z
79498615,2025-03-19T07:16:44Z
17971840,2008-06-16T15:51:57Z
20576894,2008-12-07T04:26:23Z
70741617,2022-05-09T18:53:20Z
8063910,2006-11-22T06:41:00Z
15539550,2008-02-01T18:45:55Z
15840236,2008-02-19T10:47:20Z
1760214,2005-04-18T21:06:34Z
46363699,2015-04-09T16:13:29Z
18237,2001-10-09T14:42:44Z
182735,2003-02-13T16:55:56Z
441191,2004-01-24T22:36:26Z
452181,2004-02-02T20:15:12Z
514097,2004-03-09T00:46:15Z
548771,2004-03-24T14:39:24Z
934819,2004-08-27T14:08:37Z
1286190,2004-12-16T20:02:52Z
1908624,2005-05-19T10:14:09Z
2067016,2005-06-18T08:57:16Z
2172095,2005-07-05T06:51:25Z
2196648,2005-07-08T23:02:04Z
2686966,2005-09-16T04:20:27Z
2687105,2005-09-16T04:51:57Z
2687248,2005-09-16T05:50:33Z
2687467,2005-09-16T06:51:02Z
3243489,2005-11-26T03:00:18Z
4667050,2006-04-08T00:22:11Z
4705487,2006-04-11T12:50:22Z
5292462,2006-05-25T22:20:40Z
5292574,2006-05-25T22:31:28Z
5292611,2006-05-25T22:35:26Z
5292724,2006-05-25T22:43:26Z
6588022,2006-08-21T08:15:22Z
7792761,2006-11-05T18:36:37Z
12630787,2007-08-05T18:18:00Z
18587504,2008-07-26T00:17:41Z
23946975,2009-08-11T19:02:17Z
29571923,2010-11-12T11:13:28Z
31332631,2011-03-29T16:03:27Z
31598391,2011-04-26T08:54:48Z
37537157,2012-11-04T02:26:26Z
37875107,2012-12-09T05:34:22Z
37921649,2012-12-13T20:34:45Z
17516,2001-07-03T06:12:02Z
17739,2001-10-08T12:27:49Z
18093,2001-09-15T18:48:34Z
18094,2001-09-13T08:23:33Z
46310,2002-03-28T04:07:46Z
77242,2002-08-28T15:47:10Z
145375,2002-11-09T04:45:43Z
145716,2002-11-10T08:31:37Z
153391,2002-12-01T02:00:08Z
483773,2004-02-23T06:46:37Z
669532,2004-05-21T10:43:57Z
893337,2004-08-11T20:49:33Z
950991,2004-09-02T01:42:38Z
960581,2004-09-05T18:59:30Z
969736,2004-09-08T20:26:23Z
1164768,2004-11-13T11:21:21Z
1554264,2005-02-28T14:59:37Z
1644518,2005-03-24T20:48:57Z
1651204,2005-03-26T12:04:16Z
1820751,2005-04-30T16:45:21Z
2393292,2005-08-06T18:13:45Z
2465042,2005-08-16T08:13:49Z
2509547,2005-08-22T03:13:07Z
3832640,2006-01-24T19:44:45Z
4490333,2006-03-23T18:17:16Z
6534294,2006-08-18T11:03:37Z
8776353,2007-01-05T21:49:06Z
13010605,2007-08-29T22:56:22Z
15262271,2008-01-16T20:51:15Z
15399989,2008-01-24T18:36:04Z
17384301,2001-11-21T20:29:29Z
22196872,2006-04-02T02:36:29Z
25160767,2002-03-27T01:42:34Z
35175245,2012-03-21T23:26:30Z
73306787,2023-03-16T20:12:51Z
75671117,2023-12-29T11:34:54Z
17617,2001-10-08T14:19:27Z
17717,2001-05-03T21:50:26Z
17860,2001-08-24T19:06:52Z
17867,2001-03-09T20:06:56Z
17877,2001-10-03T22:19:30Z
17927,2001-07-26T10:05:49Z
18152,2001-09-26T04:13:17Z
18153,2001-09-26T04:41:16Z
77547,2002-08-29T14:08:43Z
186164,2003-02-21T13:37:56Z
211177,2003-04-15T22:30:26Z
226631,2003-05-13T22:07:00Z
245138,2003-06-13T06:13:46Z
355547,2003-11-03T04:39:33Z
780913,2004-07-05T00:04:04Z
924869,2004-08-24T02:47:51Z
993449,2004-09-17T14:46:25Z
1151991,2004-11-10T08:40:38Z
1157097,2004-11-11T08:43:08Z
1488075,2005-02-10T03:09:15Z
1557623,2005-03-01T14:32:52Z
2680667,2005-09-15T01:58:08Z
4483356,2006-03-23T02:02:18Z
4977385,2006-05-02T02:45:25Z
7348730,2006-10-08T09:57:37Z
10711453,2007-04-16T20:18:38Z
25826933,2010-01-16T13:30:31Z
37531624,2006-01-10T07:16:43Z
37819509,2012-12-03T14:35:06Z
46426065,2001-01-20T20:10:29Z
51295378,2016-08-10T20:29:33Z
18069,2001-09-05T08:44:09Z
18135,2001-09-25T06:49:34Z
18631,2002-01-03T02:26:20Z
45194,2002-03-20T23:08:01Z
45871,2002-03-25T06:46:00Z
47568,2002-04-04T02:56:16Z
56484,2002-06-13T04:38:42Z
81920,2002-09-07T19:28:07Z
144940,2002-11-07T18:24:05Z
152664,2002-11-28T12:57:19Z
168741,2002-10-17T02:37:45Z
189845,2003-03-01T07:02:49Z
231350,2003-05-21T21:38:48Z
234082,2003-05-26T04:53:13Z
285370,2003-07-31T16:26:19Z
297209,2003-08-15T20:06:28Z
309221,2003-09-01T13:12:00Z
416246,2003-12-31T05:45:27Z
442137,2004-01-25T20:03:11Z
475199,2004-02-18T18:16:17Z
494575,2002-02-25T15:51:15Z
547827,2004-03-24T02:48:45Z
621774,2004-04-27T16:21:00Z
17745,2001-05-17T14:39:47Z
18450,2001-11-18T21:53:50Z
18735,2002-01-25T13:42:42Z
20424,2001-10-31T05:17:44Z
36863,2002-01-28T05:27:48Z
44790,2002-03-18T07:54:07Z
59399,2002-06-25T11:17:43Z
60652,2002-07-06T06:00:51Z
71422,2002-08-14T03:43:23Z
71425,2002-08-14T03:46:32Z
82342,2002-09-08T15:41:45Z
244113,2003-01-21T19:51:22Z
255039,2003-06-29T17:25:17Z
262245,2003-07-06T16:33:58Z
280497,2003-07-27T16:17:09Z
298999,2003-08-18T11:53:44Z
313418,2003-09-07T07:51:22Z
347123,2003-10-22T15:06:17Z
363360,2003-11-11T10:11:33Z
637119,2004-05-05T18:50:11Z
641160,2004-05-07T19:59:22Z
763553,2004-06-29T10:01:23Z
858665,2004-07-26T14:06:01Z
1163049,2004-11-12T22:33:45Z
2319776,2005-07-27T14:32:57Z
2362065,2005-08-02T15:20:29Z
2378441,2005-08-04T17:29:07Z
3432531,2005-12-15T20:33:49Z
19673,2001-09-30T17:09:20Z
19980,2001-09-22T05:29:28Z
20051,2002-02-25T15:51:15Z
20406,2001-11-06T08:26:16Z
20683,2001-12-06T15:04:16Z
40345,2002-02-25T15:43:11Z
51462,2002-05-05T19:59:51Z
63544,2002-07-22T21:56:49Z
182727,2003-02-13T16:32:45Z
191490,2003-03-04T02:05:31Z
233488,2003-05-25T06:03:17Z
386540,2003-12-03T21:59:09Z
435331,2004-01-19T07:16:23Z
466804,2004-02-13T05:16:39Z
514196,2004-03-09T01:34:33Z
727334,2004-06-15T11:47:55Z
956656,2004-09-04T02:51:51Z
1258747,2004-12-09T11:18:37Z
2382281,2005-08-05T04:07:17Z
4225388,2006-02-28T09:22:49Z
4558840,2006-03-29T19:45:04Z
6039880,2006-07-20T08:46:21Z
11920671,2007-06-23T21:22:15Z
12186373,2007-07-10T15:46:35Z
26981085,2010-04-16T22:16:21Z
32237314,2011-06-28T06:17:34Z
35365392,2012-04-07T10:37:49Z
47589007,2015-08-21T21:01:29Z
53970843,2017-05-06T01:40:43Z
61373032,2019-07-27T05:30:11Z
18820,2001-08-18T15:25:19Z
18909,2001-03-23T15:37:32Z
20318,2001-10-19T19:42:59Z
20650,2001-12-03T19:06:06Z
21040,2002-01-21T22:37:21Z
37508,2002-02-25T15:43:11Z
106231,2002-10-17T17:06:55Z
162269,2002-12-28T16:38:45Z
169270,2003-01-15T06:32:35Z
172088,2003-01-21T05:30:06Z
193305,2003-03-08T04:16:01Z
246267,2003-06-14T20:17:53Z
365765,2003-11-14T01:00:28Z
383220,2003-11-30T02:37:57Z
527892,2004-03-15T04:40:32Z
562007,2004-03-29T11:33:04Z
579755,2004-04-06T14:28:37Z
611537,2004-04-22T07:17:13Z
639386,2004-05-06T21:57:48Z
698612,2004-06-02T11:33:17Z
897740,2004-08-13T12:02:01Z
996973,2004-09-18T22:06:29Z
1753167,2005-04-17T10:27:56Z
2011476,2005-06-08T21:34:09Z
2202860,2005-07-09T23:17:23Z
2402652,2005-08-08T00:48:33Z
5140165,2006-05-14T12:18:12Z
7180775,2006-09-27T18:13:35Z
8936958,2007-01-15T16:35:13Z
13906477,2007-10-25T10:37:15Z
14632170,2007-12-09T19:53:56Z
21089000,2009-01-14T08:59:58Z
36166039,2012-06-17T09:02:09Z
37376969,2012-10-19T03:46:03Z
39939294,2013-07-12T00:34:29Z
40430374,2013-09-02T19:32:58Z
47991475,2015-10-01T08:48:54Z
53089087,2017-02-04T19:18:37Z
76043809,2024-02-09T13:34:36Z
19716,2001-08-21T18:58:19Z
20479,2001-11-10T06:11:08Z
36563,2002-02-25T15:51:15Z
37840,2002-02-05T12:20:17Z
37845,2002-02-05T12:35:56Z
41344,2002-02-25T15:51:15Z
51079,2002-05-02T06:02:03Z
65890,2002-07-30T02:45:43Z
75917,2002-08-25T11:48:08Z
83060,2002-09-10T04:16:32Z
164402,2003-01-03T03:44:43Z
175470,2003-01-28T00:38:50Z
187360,2003-02-23T17:07:43Z
201002,2003-03-24T20:53:40Z
277295,2003-07-25T19:27:56Z
308058,2003-08-30T18:48:34Z
540979,2004-03-21T05:53:34Z
551359,2004-03-25T14:38:39Z
577301,2004-04-05T07:32:36Z
934319,2004-08-27T09:02:57Z
1115085,2004-10-29T16:05:52Z
1509289,2005-02-15T16:45:03Z
1516916,2005-02-17T12:25:13Z
2404348,2005-08-08T06:31:57Z
2500686,2005-08-20T22:54:41Z
6613267,2006-08-22T17:23:00Z
7528635,2006-10-20T09:18:13Z
13785655,2007-10-18T06:24:44Z
30897833,2011-02-16T09:15:52Z
71426398,2022-07-31T13:31:28Z
8389,2001-10-30T00:53:08Z
18838,2001-08-17T15:51:16Z
19127,2001-09-28T04:35:40Z
19605,2001-07-30T13:50:10Z
20266,2001-10-16T00:49:43Z
20853,2001-12-29T00:51:31Z
175959,2003-01-29T01:56:53Z
212786,2003-04-19T09:08:50Z
274455,2003-07-21T16:33:16Z
286960,2003-08-03T06:32:03Z
354042,2003-10-31T22:48:59Z
548237,2004-03-24T06:59:36Z
570542,2004-04-02T01:17:14Z
820953,2004-07-14T06:02:36Z
837875,2004-07-17T11:34:35Z
901254,2004-08-15T03:01:28Z
961313,2004-09-05T23:35:43Z
1264722,2004-12-11T03:22:32Z
1291890,2004-12-17T23:49:00Z
1822282,2005-04-30T23:32:49Z
1827682,2005-05-01T23:53:24Z
2029587,2005-06-12T09:28:56Z
2227992,2005-07-13T20:44:53Z
2914802,2005-10-15T20:34:01Z
3076562,2005-11-04T08:47:32Z
4041101,2006-02-11T21:20:33Z
4301406,2006-03-06T23:23:53Z
4440346,2006-03-19T04:26:25Z
4643400,2006-04-06T00:54:28Z
19051,2001-05-17T13:06:25Z
19881,2001-10-16T14:27:46Z
20200,2002-02-25T15:51:15Z
20419,2001-11-20T01:49:21Z
20862,2001-12-29T18:43:58Z
39388,2002-02-25T15:43:11Z
197367,2003-03-16T19:11:50Z
261038,2003-07-04T18:04:42Z
305225,2003-08-26T20:53:45Z
311440,2003-09-04T13:06:30Z
335114,2003-10-05T08:57:50Z
433164,2004-01-16T22:48:31Z
438758,2004-01-22T07:54:08Z
523104,2004-03-13T04:20:05Z
1079866,2004-10-18T16:19:59Z
1197969,2004-11-22T15:38:28Z
1255059,2004-12-08T04:39:38Z
1372673,2005-01-08T00:33:36Z
1382162,2005-01-10T18:18:08Z
1942626,2005-05-26T04:09:23Z
2050671,2005-06-15T13:41:56Z
2073470,2005-06-19T14:42:53Z
2797758,2005-09-30T03:04:18Z
4049718,2006-02-12T15:24:12Z
7604906,2006-10-24T21:10:27Z
8829726,2007-01-08T23:07:57Z
10848678,2007-04-23T08:11:40Z
11200529,2007-05-13T06:15:47Z
15748404,2008-02-14T02:42:21Z
17176026,2008-04-29T09:52:12Z
17192524,2008-04-30T09:03:30Z
17229599,2008-05-02T16:04:00Z
18004969,2008-06-18T13:17:58Z
18005720,2008-06-18T14:37:31Z
19274237,2008-09-11T15:35:11Z
26998458,2002-08-16T21:55:05Z
28859919,2010-09-17T17:46:09Z
30681089,2011-01-29T20:18:36Z
32651361,2011-08-05T23:42:10Z
9604,2001-07-27T03:28:50Z
19054,2001-11-06T19:21:22Z
19769,2001-08-24T13:04:49Z
19877,2001-11-07T22:49:34Z
19886,2001-09-09T21:51:51Z
20021,2001-09-25T11:41:33Z
38024,2002-02-08T12:45:33Z
51784,2002-05-09T20:40:27Z
85557,2002-09-15T00:50:03Z
199949,2003-03-22T17:36:53Z
277379,2003-07-25T22:11:08Z
317549,2003-09-13T16:33:21Z
325499,2003-09-23T10:34:13Z
432318,2004-01-16T02:52:14Z
506077,2004-03-05T10:37:43Z
516931,2004-03-10T05:01:47Z
570963,2004-04-02T04:32:38Z
571001,2004-04-02T04:51:07Z
793295,2004-07-07T11:51:46Z
979771,2004-09-12T18:30:51Z
1094182,2004-10-23T03:51:45Z
1273629,2004-12-13T19:27:17Z
1280458,2004-12-15T07:26:48Z
1780228,2005-04-22T15:32:10Z
1827851,2005-05-02T00:38:21Z
2695183,2005-09-17T12:21:31Z
3108261,2005-11-08T10:09:29Z
3785733,2006-01-20T17:55:21Z
4433279,2006-03-18T15:16:05Z
4649165,2002-04-08T12:13:34Z
7640211,2006-10-27T00:41:08Z
7803002,2006-11-06T10:52:54Z
8742247,2007-01-03T21:15:38Z
9414250,2007-02-10T00:37:11Z
13671081,2007-10-11T00:34:50Z
19476542,2008-09-26T02:21:38Z
20939923,2009-01-03T19:49:56Z
21530142,2009-02-14T01:39:43Z
21582679,2009-02-17T21:53:09Z
23014670,2002-05-27T01:32:39Z
18910,2001-03-23T19:03:41Z
20205,2001-03-23T00:25:17Z
46196,2002-03-27T10:17:07Z
48852,2002-04-12T18:11:39Z
60876,2002-07-07T05:14:15Z
63082,2002-07-21T04:56:11Z
67216,2002-08-03T09:31:45Z
68754,2002-08-07T10:29:07Z
169208,2003-01-15T04:22:38Z
170431,2003-01-18T00:50:39Z
236801,2003-05-30T07:16:09Z
272990,2003-07-19T20:31:17Z
350872,2003-10-27T08:51:47Z
500635,2004-03-02T23:00:02Z
730256,2004-06-16T13:53:52Z
759244,2004-06-27T22:55:09Z
813411,2004-07-13T00:13:11Z
1018783,2004-09-26T07:52:56Z
1068230,2004-10-14T18:22:03Z
1125883,2004-11-02T02:35:34Z
1323985,2004-12-24T22:43:43Z
1819715,2005-04-30T11:08:07Z
2306648,2005-07-25T17:44:29Z
3439099,2005-12-16T06:45:32Z
3552729,2005-12-28T23:20:47Z
3677538,2006-01-10T17:59:47Z
3736784,2001-09-11T13:51:06Z
9750953,2007-02-27T12:20:09Z
14640471,2001-11-10T22:40:29Z
15757137,2008-02-14T19:08:54Z
19903968,2008-10-23T13:02:04Z
21689632,2009-02-24T18:07:56Z
23676013,2009-07-20T15:34:56Z
19048,2001-07-27T15:55:38Z
19957,2001-10-14T04:53:38Z
20437,2002-06-24T17:21:06Z
20857,2001-12-29T05:56:29Z
37844,2002-02-05T12:29:20Z
43945,2002-03-11T21:12:13Z
199940,2003-03-22T17:26:37Z
254062,2003-06-27T20:02:49Z
275972,2003-07-23T20:19:38Z
283810,2003-07-29T04:37:06Z
422481,2004-01-06T10:53:59Z
529056,2004-03-15T20:29:02Z
586817,2004-04-10T01:41:20Z
659068,2004-05-16T18:21:27Z
883189,2004-08-07T08:14:19Z
1102240,2004-10-25T15:39:18Z
1470347,2005-02-05T20:56:34Z
1643214,2005-03-24T12:33:59Z
1645518,2001-10-01T01:06:25Z
19622,2001-08-01T02:28:26Z
19636,2001-08-02T17:34:12Z
20434,2001-10-31T16:57:08Z
20590,2001-11-22T20:07:52Z
48396,2002-04-09T11:09:30Z
52033,2002-05-14T14:07:38Z
82285,2002-09-08T13:15:17Z
170346,2003-01-17T21:15:34Z
173416,2003-01-23T18:21:41Z
366445,2003-11-14T17:51:36Z
658808,2004-05-16T16:54:23Z
662088,2004-05-18T01:57:02Z
1532037,2005-02-21T08:30:16Z
1570072,2005-03-04T22:52:02Z
2081516,2005-06-20T21:22:21Z
4771336,2006-04-16T16:53:28Z
5434754,2006-06-05T14:55:22Z
5564920,2006-06-14T22:15:30Z
6748280,2006-08-29T13:46:16Z
10718391,2007-04-17T02:06:35Z
18967255,2002-04-28T04:35:08Z
19453961,2008-09-24T14:34:06Z
22674559,2009-05-04T06:34:02Z
22704344,2009-05-06T15:08:33Z
33589680,2003-04-11T12:37:19Z
18831,2001-11-08T15:31:38Z
18902,2001-09-30T08:28:02Z
19737,2001-10-16T13:44:04Z
19830,2001-08-31T06:59:39Z
125280,2002-10-22T14:03:19Z
140806,2002-03-19T06:56:23Z
158835,2002-12-17T03:43:54Z
242299,2003-06-08T17:55:59Z
357632,2003-11-05T21:45:39Z
396320,2003-12-10T18:22:06Z
487541,2004-02-25T03:43:05Z
888711,2004-08-09T21:55:24Z
1423381,2005-01-23T14:01:08Z
1765852,2005-04-19T21:50:01Z
1792433,2005-04-24T23:55:46Z
1809181,2005-04-28T05:41:59Z
2190535,2004-07-06T12:18:00Z
2530829,2005-08-24T20:56:35Z
2902216,2005-10-14T01:47:23Z
3008091,2005-10-27T01:52:29Z
18940,2001-04-03T18:29:10Z
19022,2001-05-10T20:11:55Z
19192,2001-11-05T21:41:11Z
19528,2001-09-25T16:38:46Z
19873,2001-09-07T04:06:48Z
20161,2001-10-03T11:48:18Z
20517,2001-11-11T18:45:22Z
20616,2001-11-27T23:02:28Z
47155,2002-04-02T10:09:34Z
63397,2002-02-25T15:51:15Z
92290,2002-09-26T06:11:07Z
170097,2003-01-17T07:04:22Z
371406,2003-11-18T16:26:40Z
420302,2004-01-04T13:58:28Z
430988,2004-01-15T00:24:17Z
573875,2004-04-03T15:59:04Z
773292,2004-07-02T23:33:48Z
840391,2002-05-11T09:45:11Z
859234,2004-07-26T18:56:46Z
952915,2004-09-02T21:30:41Z
996230,2004-09-18T17:12:39Z
2503691,2005-08-21T08:54:29Z
3305230,2005-12-02T23:29:04Z
3335767,2005-12-06T04:45:36Z
5529888,2006-06-12T10:54:34Z
25154546,2005-08-07T09:14:54Z
25930189,2010-01-24T16:04:09Z
30830079,2011-02-11T16:00:12Z
31846228,2011-05-21T22:30:02Z
51237098,2016-08-03T15:07:42Z
59343896,2018-12-11T04:35:39Z
18837,2001-02-25T13:38:08Z
19552,2001-07-26T21:51:54Z
19559,2001-08-15T22:07:00Z
23315,2001-05-17T20:52:16Z
162312,2002-12-28T18:08:46Z
231462,2003-05-22T01:07:30Z
234714,2003-05-27T05:23:14Z
237248,2003-05-30T23:16:02Z
304604,2003-07-13T09:18:41Z
312671,2003-09-06T08:13:07Z
583444,2004-04-08T04:25:12Z
689895,2004-05-29T22:27:34Z
710202,2004-06-08T20:24:20Z
884188,2004-08-07T20:02:45Z
1076794,2004-10-17T17:53:09Z
1076929,2004-10-17T18:28:26Z
1363291,2005-01-05T00:57:36Z
2021534,2005-06-10T19:35:19Z
2297360,2005-07-24T04:15:04Z
2382246,2005-08-05T03:59:38Z
2406917,2005-08-08T16:59:19Z
2407129,2005-08-08T17:20:18Z
3464219,2005-12-18T23:07:14Z
5337719,2006-05-29T17:14:04Z
9949565,2007-03-09T07:28:06Z
10050999,2007-03-14T15:00:17Z
11748713,2007-06-13T16:03:16Z
12941686,2004-05-09T04:52:54Z
19013767,2003-03-13T23:32:43Z
21280576,2009-01-27T13:33:27Z
26855447,2010-04-06T19:59:19Z
28370160,2010-08-15T11:59:35Z
29120311,2010-10-08T22:06:13Z
33731198,2003-06-07T22:00:50Z
35270055,2012-03-30T02:43:11Z
38495380,2013-02-12T11:04:10Z
18957,2001-11-15T03:01:04Z
18976,2001-09-18T19:34:00Z
36636,2002-01-26T16:12:46Z
52143,2002-05-16T08:03:41Z
180121,2003-02-07T00:02:09Z
202584,2003-03-28T16:35:01Z
204996,2003-04-02T21:34:53Z
313793,2003-09-07T20:13:02Z
349628,2003-10-25T20:08:31Z
465584,2004-02-12T03:37:57Z
772640,2004-07-02T19:12:48Z
894262,2004-08-12T04:28:20Z
938177,2004-08-28T19:22:16Z
1264016,2004-12-10T23:20:35Z
1477153,2005-02-07T15:52:43Z
2245783,2004-07-12T06:54:26Z
2269697,2005-07-20T01:41:44Z
2839107,2005-10-05T14:32:03Z
2912360,2011-09-29T08:23:08Z
3172179,2005-11-16T02:38:33Z
3261719,2005-11-28T06:37:40Z
5120635,2006-05-12T21:49:56Z
5688834,2006-06-24T04:11:54Z
6198688,2006-07-31T14:26:08Z
19356,2001-06-12T11:22:02Z
19595,2001-07-29T09:20:02Z
19694,2001-11-05T01:12:00Z
19708,2001-10-09T18:26:13Z
19770,2001-11-04T02:33:09Z
20648,2001-12-03T15:54:19Z
20771,2001-12-17T20:54:13Z
40283,2002-02-22T08:55:23Z
88003,2002-09-20T02:58:05Z
285157,2003-07-31T08:06:43Z
398932,2003-12-12T18:47:20Z
406283,2003-12-18T01:35:56Z
407734,2003-12-19T06:29:20Z
563161,2004-03-29T22:39:03Z
568018,2004-04-01T00:13:56Z
1024314,2004-09-28T07:42:43Z
1065357,2004-10-13T19:17:56Z
1251223,2004-12-07T02:28:26Z
1268216,2004-12-12T04:06:32Z
1317693,2004-12-23T19:15:55Z
1808639,2005-04-28T02:31:41Z
1814306,2005-04-29T07:32:50Z
1932952,2005-05-24T07:32:58Z
2005532,2005-06-07T19:42:52Z
3115064,2005-11-09T06:02:24Z
4401858,2006-03-15T17:03:56Z
5063053,2006-05-08T17:03:10Z
7247215,2006-10-01T23:30:14Z
14246162,2007-11-14T18:26:48Z
17308391,2008-05-07T15:37:57Z
17685871,2008-05-30T14:20:53Z
17686637,2008-05-30T15:23:34Z
17988859,2008-06-17T13:14:10Z
18617142,2001-10-14T18:23:09Z
19322,2001-05-30T18:13:12Z
19870,2001-09-06T20:36:42Z
20039,2001-10-25T19:39:36Z
20189,2001-10-04T20:25:07Z
20232,2001-10-14T04:21:48Z
20362,2001-10-25T21:01:37Z
20608,2001-11-25T22:58:43Z
39044,2002-02-25T15:43:11Z
47460,2002-04-03T20:15:04Z
56803,2002-06-13T23:10:05Z
62329,2002-07-16T03:56:30Z
80857,2002-09-05T11:57:34Z
244366,2003-06-12T02:44:41Z
386596,2003-12-03T22:54:54Z
629026,2004-05-01T16:45:04Z
629028,2004-05-01T16:45:51Z
912687,2004-08-19T19:22:28Z
1111052,2004-10-28T11:22:07Z
1208353,2004-11-25T10:12:59Z
1324867,2004-12-25T04:28:20Z
1514641,2005-02-16T21:23:26Z
2347959,2005-07-31T14:41:45Z
2348018,2005-07-31T14:54:44Z
2966001,2005-10-21T23:14:22Z
3281646,2005-11-30T10:47:06Z
3700154,2006-01-12T19:49:58Z
4782330,2006-04-17T13:46:23Z
5062912,2006-05-08T16:49:14Z
5063136,2006-05-08T17:09:58Z
7075186,2006-09-20T07:54:21Z
9530099,2007-02-16T00:04:35Z
9990158,2007-03-11T08:05:00Z
10919869,2007-04-26T23:32:34Z
30274716,2011-01-02T01:07:34Z
33403873,2011-10-14T02:18:50Z
70734095,2022-05-08T18:06:21Z
18895,2001-02-02T02:01:49Z
19042,2001-08-17T00:33:29Z
19722,2001-09-11T13:33:07Z
19838,2001-09-02T14:10:55Z
19937,2001-09-17T12:18:26Z
20374,2001-10-26T16:08:54Z
20812,2001-12-21T22:50:12Z
20866,2001-12-30T08:42:12Z
20941,2002-02-25T15:51:15Z
44424,2002-03-14T21:36:45Z
65776,2002-07-29T17:13:00Z
85425,2002-09-14T20:06:28Z
183508,2003-02-15T09:10:18Z
202831,2003-03-29T03:53:39Z
203211,2003-03-29T19:12:05Z
324681,2003-09-22T08:30:43Z
324697,2003-09-22T08:42:53Z
477493,2004-02-20T00:43:37Z
584504,2004-04-08T22:00:50Z
774458,2004-07-03T11:48:47Z
906878,2004-08-17T13:10:33Z
1129919,2004-11-03T21:57:07Z
1132004,2004-11-04T16:59:31Z
1674626,2005-03-31T14:26:11Z
2081868,2005-06-20T22:18:45Z
2280325,2005-07-21T15:56:29Z
3072721,2005-11-03T22:07:22Z
4482716,2006-03-23T01:07:35Z
11270303,2007-05-17T09:29:56Z
18933632,2001-11-22T09:16:56Z
23030139,2009-05-31T19:17:26Z
19712,2001-08-13T23:52:41Z
19904,2001-09-13T08:16:16Z
59364,2002-06-25T04:04:49Z
63793,2002-07-23T19:56:56Z
72715,2002-08-17T07:01:11Z
220366,2003-05-02T23:05:53Z
227569,2003-05-15T21:53:20Z
232817,2003-05-24T01:15:09Z
238790,2003-06-02T06:28:15Z
241815,2003-06-07T18:49:56Z
620667,2004-04-26T22:20:28Z
1208835,2004-11-25T14:57:39Z
1262556,2004-12-10T13:28:25Z
1303198,2004-12-20T21:03:38Z
1399085,2005-01-15T17:09:46Z
2120962,2005-06-26T21:52:59Z
2175504,2005-07-05T20:16:30Z
2199482,2005-07-09T11:24:50Z
3907193,2006-01-31T12:37:47Z
5124725,2006-05-13T04:52:19Z
9875867,2007-03-05T16:03:15Z
12406414,2007-07-23T19:52:06Z
12634871,2007-08-06T00:28:00Z
13570959,2007-10-04T20:10:52Z
18582230,2001-07-27T21:05:44Z
25189353,2009-11-24T16:32:25Z
27479261,2010-05-25T22:16:57Z
29535489,2010-11-09T06:02:47Z
29535718,2010-11-09T06:31:49Z
30333000,2011-01-06T07:43:27Z
32214675,2011-06-26T07:39:43Z
38564669,2013-02-18T15:58:23Z
43092225,2014-06-18T23:28:58Z
43725387,2014-09-02T22:17:41Z
54284329,2017-06-12T12:26:28Z
18859,2001-10-11T22:18:20Z
18947,2001-11-01T04:34:30Z
21017,2002-02-25T15:43:11Z
21061,2002-01-25T00:06:51Z
26874,2001-08-05T00:51:42Z
43326,2002-03-08T06:12:15Z
44142,2002-03-13T08:13:39Z
65637,2002-07-29T06:21:07Z
67231,2002-08-03T09:51:06Z
75253,2002-08-23T15:23:31Z
184570,2003-02-17T23:37:52Z
195795,2003-03-13T18:28:56Z
315139,2003-09-10T00:07:07Z
437670,2004-01-21T13:29:38Z
742238,2004-06-21T23:23:15Z
1222812,2004-11-29T16:08:49Z
1410175,2005-01-19T06:01:02Z
2019941,2005-06-10T13:49:00Z
18819,2001-09-23T07:58:18Z
18890,2001-11-13T20:08:57Z
19323,2001-10-04T20:24:16Z
19377,2001-06-24T23:17:57Z
19544,2001-07-26T19:18:02Z
19553,2001-09-26T07:38:22Z
19568,2001-09-10T16:08:07Z
20097,2001-11-10T06:19:32Z
20377,2001-10-27T07:50:05Z
20621,2001-11-28T17:06:24Z
36156,2001-11-27T23:04:22Z
55972,2002-06-10T13:02:23Z
58017,2002-06-18T15:38:14Z
65886,2002-07-30T02:33:08Z
156428,2002-12-10T07:44:11Z
186821,2003-02-22T18:49:55Z
292524,2003-08-09T15:22:43Z
410778,2003-12-22T01:45:20Z
457977,2004-02-07T00:42:33Z
501204,2004-03-03T04:10:06Z
525310,2004-03-14T04:11:00Z
1176971,2004-05-26T22:50:53Z
1209622,2004-11-25T19:53:43Z
1710956,2005-04-08T20:28:02Z
2021939,2005-06-10T20:50:06Z
2022356,2005-06-10T22:08:18Z
2814021,2005-10-02T07:00:25Z
3263679,2005-11-28T14:08:03Z
3639308,2006-01-06T19:31:04Z
5404173,2006-06-03T10:30:16Z
6108841,2006-07-25T09:52:02Z
11554525,2007-06-02T14:03:10Z
12837061,2007-08-19T12:19:13Z
19159,2001-10-29T02:16:45Z
19378,2001-06-25T12:33:15Z
19391,2001-09-16T23:36:45Z
19714,2001-08-14T02:05:11Z
21035,2002-01-21T10:35:02Z
100034,2002-10-06T13:35:50Z
233490,2003-05-25T06:14:57Z
233983,2003-05-26T01:28:23Z
247151,2003-06-16T05:21:58Z
285247,2003-07-31T10:54:19Z
363092,2003-11-11T03:08:54Z
372608,2003-11-19T21:23:01Z
384690,2003-12-01T19:56:05Z
992975,2004-09-17T09:34:56Z
1095698,2004-10-23T16:21:15Z
1294851,2004-12-18T14:05:52Z
1555269,2005-02-28T21:42:27Z
1794929,2005-04-25T14:07:06Z
2023546,2005-06-11T03:47:43Z
2272185,2005-07-20T12:23:58Z
18862,2001-03-08T18:11:05Z
19053,2001-10-31T18:25:17Z
19594,2001-07-29T00:05:30Z
19883,2001-11-04T02:03:48Z
20381,2001-10-27T17:39:43Z
20545,2001-11-15T02:04:31Z
79584,2002-09-02T14:22:45Z
148234,2002-11-17T12:45:58Z
195198,2003-03-12T08:09:43Z
217387,2003-04-27T12:47:58Z
419667,2004-01-04T00:25:42Z
488361,2003-01-28T22:43:31Z
507851,2004-03-06T06:10:02Z
644671,2004-05-09T19:42:46Z
1375343,2005-01-08T21:02:10Z
1583470,2005-03-08T20:24:55Z
1636581,2005-03-22T20:41:11Z
1686370,2005-04-03T07:36:25Z
1913592,2005-05-20T06:10:16Z
5774758,2006-06-30T17:37:13Z
7859676,2006-11-09T21:08:26Z
13036672,2002-02-25T15:43:11Z
13048075,2007-09-01T13:17:28Z
14241395,2007-11-14T09:24:47Z
14788829,2007-12-19T20:28:30Z
17001425,2008-04-19T02:30:58Z
25572706,2009-12-27T15:33:58Z
28691804,2010-09-03T21:40:35Z
29738253,2010-11-24T20:46:35Z
39425685,2013-05-19T11:18:06Z
46381342,2015-04-11T15:11:17Z
57637374,2018-06-08T22:10:50Z
19858,2001-11-12T09:50:35Z
20369,2001-10-26T13:34:25Z
65668,2002-07-29T09:39:44Z
103123,2002-10-13T09:07:36Z
221613,2003-05-04T23:58:35Z
234921,2003-05-27T15:00:24Z
285374,2003-07-31T16:31:03Z
286069,2003-08-01T18:47:49Z
321157,2003-09-18T17:43:15Z
346781,2003-10-22T03:57:20Z
654223,2004-05-14T18:15:31Z
657187,2004-05-15T22:18:29Z
734434,2004-06-18T08:25:02Z
1100516,2004-10-25T02:22:33Z
1432127,2005-01-26T01:20:29Z
1773278,2005-04-21T03:21:35Z
2791975,2005-09-29T07:38:37Z
3108096,2005-11-08T09:31:29Z
3664073,2006-01-09T05:04:20Z
3808074,2006-01-22T12:35:23Z
4671403,2006-04-08T09:42:48Z
5431921,2006-06-05T08:24:27Z
11786026,2007-06-15T16:28:00Z
19644137,2001-10-19T20:37:08Z
20647197,2001-07-09T18:52:45Z
57057728,2018-04-07T11:12:20Z
60008386,2019-02-18T18:30:40Z
79706999,2025-04-14T12:01:07Z
18900,2001-09-27T04:27:59Z
18901,2001-03-21T22:09:21Z
19200,2001-10-05T21:40:38Z
19614,2001-07-31T02:37:02Z
19637,2002-02-25T15:51:15Z
19895,2001-09-11T21:29:33Z
37400,2002-02-03T00:14:22Z
70989,2002-08-13T02:55:56Z
144241,2002-11-05T09:19:52Z
177515,2003-02-01T15:09:13Z
198608,2003-03-19T13:09:52Z
229643,2003-05-19T04:17:13Z
276106,2003-07-24T01:03:34Z
276410,2003-07-24T15:25:11Z
294218,2003-08-11T19:44:30Z
361609,2003-11-09T19:56:19Z
375826,2003-11-22T21:04:24Z
446606,2004-01-29T07:59:41Z
547400,2004-03-23T23:08:08Z
585648,2004-04-09T14:13:57Z
591470,2004-04-12T04:54:32Z
605211,2004-04-19T03:34:14Z
734256,2004-06-18T06:03:32Z
939133,2004-08-29T04:51:40Z
996278,2004-09-18T17:31:20Z
1110685,2004-10-28T07:25:52Z
1326660,2004-12-25T22:02:57Z
1387032,2005-01-11T20:36:30Z
2224799,2005-07-13T09:47:40Z
2242834,2005-07-15T22:09:16Z
2765047,2005-09-26T05:11:10Z
7337217,2006-10-07T17:12:38Z
8143917,2006-11-27T11:02:30Z
10182473,2007-03-21T17:35:27Z
24716375,2009-10-16T18:47:49Z
32762863,2011-08-16T09:39:33Z
32863813,2011-08-25T14:14:15Z
19052,2001-05-17T13:27:28Z
19555,2001-07-31T19:23:03Z
20431,2001-10-31T00:11:36Z
157700,2002-12-13T22:30:54Z
278366,2003-07-26T22:42:40Z
291971,2003-08-08T18:43:55Z
297000,2003-08-15T12:46:37Z
297032,2003-08-15T14:07:23Z
368684,2003-11-16T15:31:53Z
589303,2004-04-11T03:02:47Z
607653,2004-04-20T08:00:39Z
675130,2004-05-23T19:11:55Z
1041023,2004-10-05T05:16:54Z
1290319,2004-12-17T15:51:57Z
1726694,2005-04-12T03:58:38Z
1912884,2005-05-20T02:26:21Z
2684087,2005-09-15T17:30:25Z
4753858,2006-04-15T01:20:53Z
7048893,2006-09-18T17:54:53Z
12138221,2007-07-07T22:20:35Z
19773328,2001-07-27T07:41:48Z
20758999,2008-12-18T17:13:10Z
28756610,2010-09-09T03:38:04Z
30862758,2005-07-25T05:49:39Z
34288532,2009-07-24T22:08:27Z
40411044,2013-08-31T18:48:37Z
40411163,2013-08-31T19:02:49Z
40411234,2013-08-31T19:16:11Z
41974836,2014-02-18T04:00:14Z
74032572,2023-06-14T13:26:45Z
18880,2001-12-12T20:59:32Z
19331,2001-11-05T04:44:29Z
19583,2002-02-25T15:43:11Z
37832,2002-02-05T12:10:25Z
44299,2002-03-14T09:12:00Z
52599,2002-05-20T09:57:51Z
56098,2002-06-11T03:40:24Z
57630,2002-06-16T22:07:45Z
57992,2002-06-18T12:50:35Z
168706,2003-01-13T15:31:52Z
170803,2003-01-18T22:18:50Z
175590,2003-01-28T06:52:00Z
422381,2004-01-06T08:29:37Z
18935,2001-10-02T20:30:18Z
19876,2001-09-28T09:02:07Z
19965,2002-02-25T15:43:11Z
20580,2001-11-21T21:46:18Z
20613,2001-11-27T16:20:55Z
67514,2002-08-04T09:39:26Z
70210,2002-08-10T15:51:03Z
83430,2002-09-10T18:07:47Z
145095,2002-11-08T05:14:26Z
152964,2002-11-29T14:36:20Z
177938,2003-02-02T11:36:41Z
191305,2003-03-03T14:09:59Z
201851,2003-03-27T02:05:23Z
232495,2003-05-23T13:48:37Z
324498,2003-09-22T03:11:07Z
348560,2003-10-24T09:09:23Z
487908,2004-02-25T07:27:43Z
638104,2004-05-06T06:42:35Z
809314,2004-07-12T03:13:12Z
842065,2004-07-19T10:34:24Z
1083014,2004-10-19T13:07:45Z
1099348,2004-10-24T19:32:58Z
1188574,2004-11-19T21:42:55Z
1949447,2005-05-27T14:27:22Z
2843988,2005-10-06T04:01:15Z
3313340,2005-12-03T22:08:23Z
3569858,2005-11-17T23:26:34Z
4562875,2006-03-30T02:23:04Z
8145633,2006-11-27T14:54:34Z
18847,2001-03-06T17:15:29Z
19338,2001-09-03T06:14:35Z
37754,2002-02-05T00:38:40Z
50505,2002-04-26T21:51:50Z
69447,2002-08-08T18:42:50Z
299472,2003-08-19T02:25:14Z
374673,2003-11-21T18:08:27Z
401926,2003-12-15T00:29:29Z
426831,2004-01-11T00:11:14Z
432174,2004-01-15T23:45:18Z
551217,2004-03-25T13:27:45Z
938663,2004-08-28T23:51:36Z
938833,2004-08-29T01:27:30Z
990809,2004-09-16T14:15:37Z
1484785,2005-02-09T09:01:46Z
2221461,2005-07-12T21:17:49Z
2417700,2005-08-10T00:46:45Z
2854828,2005-10-07T14:38:28Z
3123653,2005-11-10T06:01:02Z
4967925,2006-05-01T12:49:09Z
7192413,2006-09-28T14:02:15Z
7214518,2006-09-30T01:38:30Z
7679433,2006-10-29T16:27:32Z
8967165,2007-01-17T09:50:06Z
9283176,2007-02-03T06:03:43Z
9293603,2007-02-03T20:10:11Z
10166943,2007-03-20T20:57:04Z
21474025,2009-02-10T05:54:19Z
28654390,2010-09-01T01:38:03Z
42718949,2014-05-10T18:26:59Z
64202816,2020-06-07T14:37:03Z
19384,2001-03-24T16:53:04Z
20845,2001-12-27T19:22:38Z
20911,2002-01-05T10:23:00Z
40623,2002-02-24T19:01:53Z
49821,2002-04-20T15:56:22Z
50347,2002-04-25T07:17:25Z
50603,2001-10-20T21:49:14Z
64020,2002-07-24T14:55:43Z
163082,2002-12-30T21:47:30Z
191413,2003-03-03T21:35:36Z
229940,2003-05-19T14:35:06Z
243946,2003-06-11T12:12:02Z
244680,2003-06-12T16:01:41Z
305303,2003-08-26T23:02:50Z
402018,2003-12-15T01:53:35Z
615222,2004-04-24T02:58:48Z
682847,2004-05-27T13:59:34Z
1068378,2004-10-14T19:37:19Z
1555237,2005-02-28T21:29:53Z
1619306,2005-03-18T17:54:28Z
1905304,2005-05-18T16:56:29Z
2237734,2004-10-26T23:43:53Z
2266644,2005-07-19T16:51:53Z
2727288,2005-09-21T22:46:55Z
2757224,2005-09-25T14:08:13Z
3306475,2004-05-20T02:23:39Z
10520679,2007-04-07T17:19:52Z
14173190,2007-11-10T10:17:57Z
18103572,2008-06-24T04:43:16Z
19211790,2004-03-30T17:23:45Z
20284924,2008-11-19T01:46:38Z
23923990,2009-08-10T00:39:03Z
28831427,2010-09-15T10:12:41Z
30011459,2010-12-11T19:14:32Z
42171777,2014-03-11T08:28:37Z
52956430,2017-01-23T06:05:20Z
78840897,2025-01-09T05:05:40Z
19038,2001-05-14T14:05:12Z
19319,2001-05-28T21:50:44Z
19702,2001-10-25T14:25:38Z
20146,2001-10-01T22:06:18Z
20264,2001-10-16T01:31:07Z
20874,2002-02-25T15:43:11Z
21062,2002-02-25T15:43:11Z
51483,2002-05-05T23:04:10Z
65039,2002-07-26T21:38:45Z
93566,2002-09-28T02:51:54Z
159748,2002-05-19T12:15:29Z
226597,2003-05-13T20:30:56Z
312648,2003-09-06T07:18:24Z
395283,2003-12-09T23:58:58Z
420224,2004-01-04T12:01:58Z
479392,2004-02-21T01:46:27Z
846583,2004-07-21T05:51:17Z
1262373,2004-12-10T11:36:37Z
1697643,2005-04-05T21:13:11Z
1799997,2005-04-26T14:33:50Z
2150758,2005-07-01T16:37:09Z
3283889,2005-11-30T17:35:33Z
21488,2001-11-12T20:29:29Z
21514,2002-02-25T15:43:11Z
21561,2001-08-19T00:06:57Z
21562,2001-08-20T00:25:08Z
21689,2001-09-28T02:31:24Z
54681,2001-12-03T09:33:20Z
87339,2002-09-18T18:29:12Z
191761,2003-03-04T17:21:51Z
293540,2003-08-10T20:52:03Z
314409,2003-09-08T14:09:45Z
397986,2003-12-11T22:49:46Z
455395,2004-02-05T02:37:02Z
1004401,2004-09-21T10:28:17Z
1006597,2004-09-22T00:14:36Z
1906608,2005-05-18T22:50:41Z
2154572,2005-07-02T05:45:31Z
2903625,2005-10-14T06:05:02Z
4653948,2006-04-06T22:31:18Z
5203348,2006-05-19T06:32:23Z
13680395,2007-10-11T17:55:15Z
20548535,2008-12-04T22:53:56Z
23385892,2001-08-25T15:24:56Z
26266844,2010-02-20T04:18:44Z
28297874,2010-08-08T14:13:57Z
28926447,2010-09-23T13:39:40Z
30698180,2011-01-31T04:33:16Z
32732318,2011-08-13T09:51:50Z
33692407,2011-11-09T19:47:54Z
36268685,2012-06-28T03:47:57Z
48553929,2015-11-14T22:54:27Z
50894666,2016-06-22T01:36:32Z
52344511,2016-11-21T21:47:37Z
52678570,2016-12-24T16:57:57Z
54680761,2017-07-29T00:45:24Z
70524446,2022-04-12T15:10:56Z
21754,2001-10-07T18:30:37Z
99426,2002-10-04T20:43:04Z
297082,2003-08-15T15:57:01Z
321687,2003-09-19T09:52:50Z
452672,2004-02-03T04:21:58Z
537422,2004-03-19T15:43:46Z
1028024,2004-09-29T22:25:53Z
1619931,2005-03-18T21:05:29Z
1987821,2005-06-04T06:58:26Z
21143,2001-05-16T21:33:54Z
21147,2001-09-28T01:55:40Z
21173,2001-03-20T01:29:55Z
21474,2001-11-12T23:31:02Z
21476,2001-07-20T14:41:46Z
21652,2001-09-22T05:47:41Z
21665,2001-09-25T02:30:58Z
21804,2001-11-02T20:56:35Z
21818,2001-10-25T10:07:03Z
21830,2001-10-25T07:32:11Z
22131,2002-02-25T15:51:15Z
38890,2002-02-12T09:18:00Z
43427,2002-03-09T00:00:50Z
45795,2002-03-24T12:56:43Z
53306,2002-05-24T16:17:46Z
61648,2002-07-12T16:40:03Z
98778,2002-10-03T16:29:17Z
100089,2002-10-06T17:36:47Z
170141,2003-01-17T09:53:07Z
237373,2003-05-31T01:20:15Z
301999,2003-08-22T03:57:21Z
558685,2004-03-28T00:27:56Z
1378125,2005-01-09T16:23:48Z
2108835,2005-06-24T19:13:36Z
5853960,2006-07-06T14:18:10Z
6742209,2006-08-29T02:05:15Z
10432412,2007-04-03T03:05:14Z
12548635,2007-07-31T15:13:29Z
14389994,2007-11-24T01:31:08Z
16085258,2008-03-04T09:05:05Z
19080286,2008-08-28T21:04:21Z
21289,2001-09-29T16:03:57Z
21626,2001-09-15T21:34:52Z
21634,2001-09-18T22:14:50Z
21664,2001-09-24T23:35:39Z
21854,2001-10-31T17:21:45Z
48395,2001-11-04T02:27:11Z
53235,2002-05-24T03:55:43Z
68819,2002-08-07T12:55:57Z
76653,2002-06-17T20:04:42Z
154616,2002-12-04T23:10:36Z
161019,2002-12-23T14:50:39Z
213328,2003-04-20T09:35:34Z
214632,2003-04-22T14:07:56Z
231386,2003-05-21T22:21:01Z
237770,2003-05-31T15:16:03Z
238244,2003-06-01T09:12:21Z
297040,2003-08-15T14:36:30Z
399311,2003-12-13T00:32:47Z
622545,2004-04-28T03:00:46Z
893867,2004-08-12T00:43:52Z
1682171,2005-04-02T10:59:00Z
2163277,2005-07-03T19:38:56Z
5701777,2006-06-25T08:09:37Z
7095986,2006-09-21T19:08:14Z
7921689,2006-11-13T20:33:35Z
8507619,2006-12-19T02:16:46Z
11198392,2007-05-13T02:27:42Z
18947703,2002-07-17T21:28:55Z
19827803,2002-03-07T00:48:53Z
22788211,2009-05-13T15:34:08Z
31045316,2001-11-06T20:55:01Z
21273,2001-05-17T12:49:55Z
21276,2001-05-17T14:23:42Z
21435,2001-05-28T00:31:26Z
21477,2001-07-24T01:00:30Z
21944,2001-11-28T14:55:35Z
22028,2001-12-19T21:53:32Z
93088,2002-09-27T17:10:38Z
267694,2003-07-14T23:06:53Z
290793,2003-08-07T00:27:05Z
303076,2003-08-23T17:10:30Z
359920,2003-11-08T08:46:51Z
415513,2003-12-30T05:59:55Z
683683,2004-05-27T23:58:03Z
843050,2004-07-19T20:17:43Z
1049668,2004-10-08T14:52:12Z
1076393,2004-10-17T15:14:41Z
1236730,2004-12-03T05:19:51Z
1344213,2004-12-30T17:09:42Z
1435816,2005-01-27T00:47:38Z
1466489,2005-02-04T19:09:41Z
2333767,2005-07-29T13:15:47Z
2436363,2005-08-12T09:00:33Z
2946860,2005-10-19T19:07:02Z
4597608,2006-04-02T02:38:48Z
4749163,2006-04-14T17:59:44Z
12212357,2007-07-12T00:43:37Z
13312532,2007-09-17T19:25:34Z
19003265,2001-11-05T01:15:29Z
22031024,2009-03-18T06:06:35Z
22635490,2009-05-01T01:55:58Z
23047356,2009-06-01T18:01:54Z
23619443,2009-07-15T22:16:49Z
24213362,2009-09-03T19:14:44Z
29402320,2006-12-30T07:09:46Z
40429821,2013-09-02T18:45:17Z
40675011,2013-10-01T02:17:13Z
67871416,2021-06-06T06:52:25Z
70344534,2022-03-19T09:26:34Z
70437184,2022-03-31T12:30:18Z
70687909,2022-05-02T16:59:48Z
21120,2001-05-27T21:45:14Z
21148,2001-11-15T20:35:21Z
21226,2001-04-19T18:57:14Z
21523,2001-10-02T12:50:20Z
22053,2001-12-25T21:23:09Z
40614,2002-02-25T15:51:15Z
41406,2002-02-25T15:51:15Z
41413,2002-02-25T15:51:15Z
67147,2002-08-03T05:36:09Z
337196,2003-10-09T01:39:12Z
453086,2004-02-03T10:32:33Z
542223,2004-03-21T18:31:23Z
563392,2004-03-30T00:53:15Z
592687,2004-04-12T20:28:56Z
735443,2004-06-18T19:51:50Z
788676,2004-07-06T16:41:22Z
1046970,2004-10-07T13:32:32Z
1522954,2005-02-18T23:22:35Z
1699254,2005-04-06T04:58:34Z
1726672,2005-04-12T03:53:22Z
3184501,2005-11-17T17:43:30Z
3233749,2005-11-24T18:37:53Z
3557219,2003-07-23T20:18:45Z
10145584,2007-03-19T19:05:49Z
12499410,2007-07-28T17:06:52Z
15647771,2008-02-08T00:36:58Z
21294879,2009-01-28T12:14:06Z
38050347,2012-12-28T18:01:51Z
38433617,2013-02-05T20:44:01Z
40651435,2013-09-28T04:42:31Z
40677743,2013-10-01T12:34:03Z
47961606,2015-09-29T10:08:57Z
50568884,2016-05-18T02:14:20Z
21245,2001-09-22T20:27:51Z
21272,2001-11-08T20:45:45Z
21485,2001-10-05T18:38:44Z
21649,2001-10-01T01:09:25Z
21742,2001-11-19T21:43:22Z
21848,2001-10-30T02:57:03Z
21865,2001-11-03T16:41:00Z
21869,2001-11-07T01:40:23Z
56590,2002-06-13T18:00:23Z
72540,2001-07-30T20:36:57Z
80327,2002-09-04T06:32:34Z
102227,2002-10-10T16:09:48Z
201588,2003-03-26T08:22:16Z
214169,2003-04-21T21:59:02Z
315051,2003-09-09T21:22:52Z
334290,2003-10-04T03:16:52Z
374304,2003-11-21T09:59:31Z
393135,2003-12-08T12:58:32Z
473763,2006-01-04T22:25:08Z
633325,2004-05-03T20:26:35Z
645042,2001-11-13T18:23:22Z
1340774,2004-12-29T15:07:17Z
1685740,2005-04-03T04:11:53Z
1867823,2005-05-10T18:47:37Z
1950418,2005-05-27T18:49:34Z
2628506,2005-09-06T19:11:13Z
2918988,2005-10-16T10:30:19Z
3348591,2005-12-07T14:41:25Z
3955450,2006-02-04T12:10:43Z
4913064,2001-10-29T01:59:14Z
21274,2001-05-17T13:07:51Z
21968,2002-02-25T15:43:11Z
55212,2001-11-11T20:34:01Z
181887,2003-02-11T15:19:44Z
206119,2003-04-05T00:28:20Z
227381,2003-05-15T13:56:44Z
244611,2003-06-12T13:24:05Z
363903,2003-11-11T21:59:11Z
21140,2001-11-14T10:55:03Z
21175,2001-03-23T03:14:53Z
21497,2001-07-27T20:57:27Z
21655,2001-09-22T17:19:40Z
21989,2001-12-07T23:20:25Z
22035,2001-12-21T04:46:09Z
37441,2002-02-25T15:51:15Z
52497,2001-11-09T21:41:46Z
52502,2001-10-18T16:23:00Z
59414,2002-06-25T15:36:04Z
83781,2002-09-11T06:37:55Z
150389,2002-11-24T02:44:28Z
235287,2003-05-27T23:26:43Z
238528,2003-06-01T19:31:33Z
241564,2003-06-07T03:24:51Z
379302,2003-11-25T22:25:52Z
674489,2004-05-23T13:33:37Z
759071,2004-06-27T22:13:25Z
998074,2004-09-19T06:49:18Z
998116,2004-09-19T07:19:56Z
1041015,2003-05-29T22:20:06Z
1372623,2005-01-08T00:18:20Z
2146253,2005-06-30T22:04:09Z
2329101,2005-07-28T20:00:38Z
2676934,2005-09-14T10:01:49Z
2676943,2005-09-14T10:03:53Z
2719832,2005-09-20T22:45:46Z
4556017,2006-03-29T14:22:25Z
4854350,2006-04-22T17:00:01Z
5805247,2006-07-03T01:47:07Z
21774,2001-10-11T17:12:26Z
52491,2002-05-19T11:56:30Z
58610,2001-11-01T01:47:48Z
66599,2002-08-01T12:25:14Z
295917,2003-08-13T23:17:16Z
341086,2003-10-15T07:18:32Z
391896,2003-12-07T12:54:54Z
472429,2004-02-16T21:10:11Z
476836,2004-02-19T18:09:27Z
662624,2004-05-18T06:37:42Z
665957,2004-05-19T20:24:59Z
760576,2004-06-28T07:31:55Z
780629,2004-07-04T21:26:38Z
1034598,2004-10-02T18:53:23Z
1471697,2005-02-06T04:23:37Z
3474289,2005-12-19T23:09:52Z
8354260,2006-12-09T20:35:28Z
17037094,2008-04-21T15:24:09Z
21987680,2009-03-15T18:41:58Z
24062542,2006-10-03T08:38:48Z
24559346,2003-09-17T16:21:05Z
25493347,2009-12-19T20:55:52Z
30618217,2011-01-25T01:03:40Z
39414648,2013-05-17T22:37:03Z
21139,2001-03-09T18:52:47Z
21462,2001-02-15T22:26:12Z
21513,2001-08-01T11:02:57Z
21538,2001-08-11T19:28:31Z
56478,2002-06-13T03:57:13Z
130118,2002-10-24T06:04:37Z
223369,2003-05-08T15:19:41Z
348869,2003-10-24T21:50:14Z
367835,2003-11-15T22:58:55Z
543119,2004-03-22T02:08:17Z
566664,2004-03-31T13:34:12Z
990534,2004-09-16T11:17:34Z
1045012,2004-10-06T19:02:52Z
1063435,2004-10-13T06:15:33Z
1148670,2004-11-09T12:30:57Z
1341369,2004-12-29T19:37:07Z
1940889,2005-05-25T20:49:01Z
1974943,2005-06-02T00:56:29Z
3359147,2003-11-07T10:03:15Z
4146576,2006-02-21T04:16:20Z
4536068,2006-03-27T20:24:28Z
5435564,2006-06-05T16:02:55Z
8546912,2006-12-21T15:47:32Z
11997299,2007-06-28T21:56:09Z
38076557,2012-12-31T15:43:19Z
40597289,2013-09-21T23:15:13Z
40662102,2013-09-29T16:15:02Z
40735813,2013-10-08T01:11:20Z
77557393,2024-08-07T06:22:10Z
21285,2001-09-25T20:14:18Z
21544,2001-08-15T00:49:48Z
21836,2001-10-26T13:51:00Z
22054,2001-12-26T02:15:14Z
22126,2002-01-16T13:17:52Z
22151,2002-01-22T21:11:36Z
22153,2002-01-23T16:59:31Z
37207,2002-02-01T12:24:24Z
68954,2002-08-07T16:40:53Z
153465,2002-12-01T04:22:36Z
226856,2003-05-14T08:30:51Z
235029,2003-05-27T18:58:31Z
242001,2003-06-08T03:47:05Z
316824,2003-09-12T16:06:15Z
325772,2003-09-23T22:26:21Z
347838,2003-10-23T12:48:22Z
460322,2004-02-08T11:15:24Z
906648,2004-08-17T09:39:57Z
1693865,2005-04-04T23:51:44Z
1763096,2005-04-19T09:53:01Z
1908527,2005-05-17T08:58:11Z
1982496,2005-06-03T10:00:27Z
2034949,2005-06-13T07:05:35Z
3043836,2005-10-31T08:42:51Z
3235897,2005-11-25T00:52:19Z
6980942,2006-09-13T21:17:51Z
11298926,2007-05-19T01:24:10Z
11669530,2002-08-24T11:59:51Z
25110709,2001-05-18T20:24:26Z
30230871,2010-12-29T01:06:49Z
32086877,2011-06-14T22:09:05Z
32194239,2011-06-24T19:10:29Z
21137,2001-09-26T03:01:57Z
21170,2001-11-10T08:46:40Z
21496,2001-07-30T18:26:26Z
21505,2001-08-02T14:35:00Z
21506,2001-11-11T19:03:40Z
21527,2001-10-11T15:44:10Z
21690,2001-09-27T19:05:04Z
21958,2001-11-30T18:55:04Z
21961,2001-12-02T19:30:55Z
37637,2002-02-04T11:30:03Z
48903,2002-04-12T22:46:57Z
66575,2002-08-01T10:53:03Z
89095,2002-09-22T03:43:09Z
152464,2002-11-27T17:50:19Z
172911,2003-01-22T21:45:50Z
226673,2003-05-13T23:30:24Z
242786,2003-06-09T17:18:20Z
280582,2003-07-27T17:50:05Z
331535,2003-09-30T04:23:00Z
635711,2004-05-05T00:31:27Z
805665,2004-07-11T07:11:02Z
1505381,2005-02-14T18:25:42Z
1678715,2005-04-01T15:05:39Z
1964571,2005-05-30T20:35:32Z
1996857,2005-06-05T20:04:44Z
2127679,2005-06-28T14:38:15Z
2622311,2005-09-05T22:11:19Z
7330660,2006-10-07T05:01:47Z
12076692,2007-07-03T23:01:58Z
18403271,2001-09-20T18:57:15Z
20905960,2004-06-29T18:55:23Z
21890593,2009-03-09T17:38:46Z
23618578,2009-07-15T20:49:36Z
27739443,2002-01-12T19:29:25Z
30875775,2003-07-05T07:10:12Z
32086658,2011-06-14T21:45:51Z
55904412,2017-11-27T18:17:25Z
21525,2001-08-31T19:55:20Z
22111,2002-02-25T15:43:11Z
22205,2001-03-15T22:01:06Z
22346,2001-03-09T12:28:40Z
22373,2001-07-26T11:02:31Z
22409,2001-08-04T13:50:00Z
22649,2001-11-17T01:28:00Z
22721,2001-12-12T17:19:00Z
37864,2001-07-26T00:56:33Z
39696,2002-02-18T17:43:51Z
164685,2003-01-03T18:56:27Z
169665,2002-08-08T07:11:04Z
251399,2003-06-23T02:03:20Z
294248,2003-08-11T20:36:49Z
337307,2003-10-09T06:05:06Z
507266,2004-03-05T22:45:13Z
871280,2004-08-01T15:22:35Z
1697331,2005-04-05T19:50:33Z
1877084,2005-05-12T14:19:00Z
2613984,2005-09-04T18:56:58Z
4320719,2006-03-08T17:10:08Z
5646487,2006-06-21T01:36:45Z
6165383,2006-07-29T03:07:02Z
6326483,2006-08-08T05:56:22Z
9396720,2007-02-09T02:26:30Z
14387737,2007-11-23T22:11:20Z
27471338,2001-10-25T21:45:06Z
32154167,2011-06-20T21:27:57Z
39143566,2013-04-18T00:52:26Z
41395916,2013-12-18T00:58:01Z
52343175,2016-11-21T19:32:19Z
74502376,2023-08-02T01:05:39Z
80843930,2025-08-25T04:16:14Z
22621,2001-11-08T00:31:07Z
36797,2001-09-24T10:15:11Z
44044,2002-03-12T12:03:49Z
52963,2001-11-09T02:44:49Z
52965,2002-05-22T17:32:44Z
56225,2002-06-11T19:11:15Z
61218,2002-07-09T23:23:44Z
145997,2002-11-10T23:30:39Z
266466,2003-07-13T13:03:49Z
312030,2003-09-05T10:21:11Z
334037,2005-04-17T11:02:03Z
376476,2003-11-23T09:17:07Z
378212,2003-11-25T00:41:01Z
406880,2003-12-18T13:58:19Z
472212,2004-02-16T18:38:10Z
693210,2004-05-31T05:20:47Z
705070,2004-06-05T04:48:04Z
1034588,2004-10-02T18:50:57Z
1552622,2005-02-28T01:37:03Z
2054502,2005-06-16T02:00:06Z
2801560,2005-09-30T16:57:32Z
4707633,2006-04-11T16:32:34Z
8417064,2006-12-13T10:30:45Z
11237605,2007-05-15T13:22:45Z
13165796,2007-09-08T22:46:09Z
18842359,2001-03-25T01:01:11Z
19892474,2008-10-22T20:11:49Z
21244096,2003-06-03T14:10:20Z
22212901,2009-03-30T21:44:13Z
22577,2001-10-04T05:17:14Z
22666,2001-11-15T12:21:33Z
22667,2001-09-07T15:09:25Z
40622,2002-02-24T23:57:14Z
49090,2001-11-07T16:51:33Z
96628,2002-09-30T12:03:45Z
193341,2003-03-08T05:42:50Z
227914,2003-05-16T11:00:55Z
305659,2003-08-27T08:16:59Z
342509,2003-10-16T23:25:15Z
350878,2003-10-27T09:02:07Z
351287,2003-10-28T02:03:20Z
429487,2004-01-13T12:50:02Z
462393,2004-02-09T19:42:05Z
635489,2004-05-04T20:59:09Z
665470,2004-05-19T16:17:05Z
841860,2004-07-19T06:56:16Z
1368724,2005-01-06T19:44:10Z
1460121,2005-02-02T19:26:42Z
22204,2001-03-11T19:42:00Z
22261,2001-09-26T01:23:44Z
22385,2001-10-17T19:50:29Z
22669,2001-11-23T22:23:27Z
22716,2001-12-07T15:12:49Z
41445,2002-02-25T15:51:15Z
45159,2002-03-20T16:16:12Z
49681,2002-04-19T12:46:05Z
51258,2002-05-04T06:36:15Z
174492,2003-01-26T00:49:06Z
180782,2003-02-08T19:40:08Z
207020,2003-04-07T17:52:35Z
228361,2003-05-17T06:47:32Z
381219,2003-11-27T20:54:23Z
486876,2004-02-24T19:36:57Z
1131611,2004-11-04T13:44:08Z
1361141,2005-01-04T11:33:52Z
1552544,2005-02-28T01:06:40Z
3215223,2005-11-21T23:39:10Z
3216683,2005-11-22T04:24:35Z
3581788,2005-12-31T21:34:09Z
11053817,2007-05-04T14:14:19Z
15618376,2008-02-06T04:11:14Z
19892153,2008-10-22T19:43:10Z
20400528,2008-11-26T00:02:11Z
21438807,2002-08-01T11:14:39Z
23974535,2002-12-18T23:34:55Z
38803848,2013-03-02T18:49:41Z
40651215,2013-09-28T03:49:17Z
40735594,2013-10-08T00:44:50Z
2704,2001-11-26T03:52:50Z
22194,2001-11-15T17:11:37Z
22213,2001-03-24T15:32:12Z
22290,2001-05-14T17:50:17Z
22472,2002-02-25T15:43:11Z
22804,2002-01-11T21:58:42Z
43476,2002-03-09T08:14:18Z
45528,2002-03-22T20:03:50Z
49091,2002-04-14T15:48:48Z
56153,2002-06-11T12:19:42Z
208433,2003-04-10T20:42:31Z
270062,2003-07-17T07:28:08Z
277315,2003-07-25T20:17:06Z
277663,2003-07-26T09:30:36Z
291169,2003-08-07T15:06:49Z
622189,2004-04-27T22:23:57Z
712675,2004-06-09T20:42:55Z
1550515,2005-02-27T12:10:34Z
1877895,2005-05-12T17:37:16Z
1991808,2005-06-04T23:53:26Z
3200142,2005-11-19T21:42:25Z
4140245,2006-02-20T15:36:27Z
6678342,2006-08-25T06:19:10Z
7355393,2006-10-08T20:40:33Z
13314265,2007-09-17T21:21:39Z
15444460,2008-01-27T05:44:33Z
21175462,2009-01-20T10:15:07Z
22837841,2009-05-17T20:43:24Z
34644457,2012-02-08T01:49:18Z
37478118,2007-11-12T09:50:34Z
58714104,2018-10-10T15:10:01Z
74399351,2023-07-20T19:13:11Z
77854996,2024-09-12T22:54:44Z
78665325,2024-12-21T19:35:52Z
79727847,2025-04-17T01:57:02Z
22483,2001-10-08T05:08:27Z
22498,2001-10-25T11:07:03Z
29293,2001-12-18T15:04:06Z
38993,2002-02-25T15:51:15Z
41458,2002-02-25T15:51:15Z
56440,2002-06-13T01:07:43Z
98663,2002-10-03T13:03:42Z
181226,2003-02-09T19:02:16Z
182146,2003-02-12T02:28:07Z
208572,2003-04-11T02:07:50Z
240601,2003-06-05T14:59:57Z
266611,2003-07-13T18:03:17Z
293504,2003-08-10T20:02:57Z
299592,2003-08-19T05:17:24Z
299901,2003-08-19T16:33:09Z
362565,2003-11-10T17:17:31Z
372619,2003-11-19T21:37:00Z
574818,2004-04-04T02:05:32Z
741823,2004-06-21T19:56:17Z
978717,2004-09-12T07:24:55Z
979251,2004-09-12T14:46:48Z
979374,2004-09-12T15:55:18Z
984061,2004-09-14T05:16:54Z
1099413,2004-10-24T19:58:51Z
1126536,2004-11-02T08:09:27Z
1137766,2004-11-06T10:34:47Z
1252991,2004-12-07T16:47:21Z
1416019,2005-01-21T03:53:18Z
1449483,2005-01-30T22:26:20Z
2561775,2005-08-28T17:13:54Z
2777780,2005-09-27T18:28:18Z
2949866,2005-10-20T01:18:39Z
3372377,2001-07-28T10:59:14Z
4042253,2006-02-11T23:23:28Z
5672031,2006-06-22T22:04:14Z
9272073,2003-06-26T22:02:38Z
16414027,2008-03-19T23:26:51Z
47162524,2015-07-05T22:39:22Z
58094662,2018-08-08T06:57:39Z
22203,2001-03-10T17:01:16Z
22208,2001-10-17T16:37:30Z
22265,2001-04-07T09:58:09Z
22393,2001-09-14T20:46:21Z
22444,2001-08-28T19:16:20Z
22595,2001-10-30T11:53:19Z
22657,2001-11-22T04:50:56Z
61763,2002-05-26T17:59:27Z
66286,2002-07-31T12:53:47Z
72754,2002-08-17T10:42:45Z
143696,2002-11-03T18:44:41Z
152776,2002-11-28T22:23:12Z
160986,2002-12-23T12:59:43Z
167166,2003-01-09T08:30:58Z
168008,2003-01-11T18:04:45Z
205775,2003-04-04T11:45:42Z
212980,2003-04-19T19:48:51Z
361924,2003-11-09T23:32:40Z
419100,2004-01-03T10:54:54Z
976640,2004-09-11T14:45:48Z
979306,2004-09-12T15:28:47Z
1246718,2004-12-05T22:11:10Z
1456984,2005-02-01T19:59:58Z
1651906,2005-03-26T17:20:00Z
2096177,2005-06-22T23:14:29Z
2317943,2005-07-27T06:48:51Z
2413296,2005-08-09T12:46:04Z
2554504,2005-08-27T16:35:08Z
2617896,2005-09-05T07:48:26Z
3074135,2005-11-04T01:15:10Z
3276170,2005-11-29T21:15:37Z
5283781,2006-05-25T07:00:13Z
10163354,2007-03-20T17:21:57Z
14597235,2007-12-07T04:43:35Z
19653842,2001-11-02T15:39:27Z
32742753,2001-09-30T19:15:26Z
22520,2001-10-01T07:13:18Z
22522,2001-10-01T18:32:12Z
22526,2001-10-02T17:49:26Z
42967,2002-03-05T17:18:12Z
45165,2002-03-20T16:57:03Z
102221,2002-10-10T15:49:24Z
102317,2002-10-10T21:13:13Z
153797,2002-12-02T02:35:39Z
164573,2003-01-03T14:59:16Z
173954,2003-01-24T20:40:11Z
198618,2003-03-19T13:27:45Z
216428,2003-04-26T02:33:43Z
276546,2003-07-24T18:17:20Z
327995,2003-09-26T23:23:27Z
332907,2003-10-01T23:57:19Z
377177,2003-11-24T02:20:08Z
430380,2004-01-14T07:35:43Z
1042755,2004-10-05T22:48:27Z
1313432,2004-12-22T21:31:27Z
1382381,2005-01-10T19:36:26Z
1833161,2005-05-03T03:46:15Z
2544098,2005-08-26T12:54:55Z
9206360,2007-01-30T14:39:08Z
17887653,2008-06-11T09:35:51Z
18061659,2008-06-21T19:05:03Z
29109196,2010-10-08T03:59:17Z
29782527,2010-11-28T05:24:12Z
38217092,2013-01-13T19:38:41Z
41742715,2014-01-25T19:59:27Z
44231522,2014-10-28T04:10:04Z
71140054,2022-06-25T07:37:06Z
3229,2002-01-19T14:47:59Z
22350,2001-10-28T17:04:21Z
22573,2001-10-21T18:41:20Z
31383,2002-02-07T03:29:07Z
55973,2002-06-10T13:02:41Z
82940,2002-09-09T22:04:00Z
122329,2002-10-21T19:02:00Z
160951,2002-12-23T09:10:32Z
177602,2003-02-01T20:29:19Z
215199,2003-04-24T00:43:12Z
504841,2004-03-04T19:20:02Z
592914,2004-04-12T22:57:27Z
641572,2004-05-08T00:18:24Z
774575,2004-07-03T13:14:03Z
1350550,2005-01-01T11:51:14Z
1621854,2005-03-19T07:24:30Z
1896705,2005-05-16T21:25:42Z
2074273,2005-06-19T17:51:59Z
2328336,2005-07-28T18:04:55Z
2436357,2005-08-12T08:59:12Z
2835186,2005-10-04T23:29:38Z
3406503,2005-12-13T13:34:52Z
3571605,2005-12-30T19:26:19Z
10144971,2007-03-19T18:23:18Z
11595737,2007-06-04T22:11:45Z
15361791,2002-02-24T19:53:32Z
18486683,2008-07-18T06:08:35Z
18600440,2001-10-17T17:57:10Z
23784144,2009-07-29T06:17:53Z
30871736,2004-12-30T07:15:41Z
35950209,2012-05-27T08:08:25Z
39778851,2013-06-25T23:51:46Z
61626386,2019-08-28T14:53:12Z
73002590,2023-02-11T04:40:41Z
73667209,2023-04-28T12:16:55Z
22710,2001-11-22T16:33:11Z
173332,2003-01-23T14:55:51Z
176752,2003-01-30T12:34:50Z
192042,2003-03-05T07:10:26Z
235890,2003-05-28T19:45:48Z
560591,2004-03-28T20:15:24Z
605524,2004-04-19T06:26:35Z
667304,2004-05-20T10:13:24Z
928368,2004-08-25T06:49:29Z
1339640,2004-12-29T06:31:07Z
1355057,2005-01-02T17:49:37Z
1539973,2005-02-24T11:59:34Z
3449340,2005-12-17T08:46:47Z
5282828,2006-05-25T04:51:27Z
5824349,2006-07-04T11:36:04Z
6446739,2006-08-14T04:38:43Z
20628314,2008-12-10T15:45:06Z
25111839,2009-11-17T15:58:40Z
22303,2001-09-15T14:25:09Z
22305,2001-05-17T15:28:05Z
22308,2001-05-19T22:40:32Z
22718,2001-12-09T00:43:23Z
22773,2002-02-25T15:51:15Z
22834,2002-01-25T16:44:02Z
38452,2002-02-09T13:58:40Z
44183,2002-03-13T10:34:57Z
84332,2002-09-12T09:00:18Z
133824,2002-10-25T03:44:44Z
161856,2002-12-26T22:35:25Z
167792,2003-01-11T00:06:15Z
184882,2003-02-18T19:51:48Z
372895,2003-11-20T04:40:30Z
497756,2004-03-01T21:05:29Z
522690,2004-03-13T00:01:09Z
1636763,2005-03-22T21:49:18Z
1692055,2005-04-04T16:37:06Z
2074176,2005-06-19T17:34:36Z
2301895,2005-07-24T23:30:27Z
2630435,2002-02-25T15:43:11Z
3084322,2005-11-05T06:14:58Z
3875677,2006-01-28T17:34:40Z
4728741,2006-04-13T04:28:08Z
9002210,2007-01-19T13:24:52Z
10134156,2007-03-19T02:26:01Z
12541817,2007-07-31T04:01:44Z
22376472,2009-04-12T00:47:55Z
22419890,2009-04-15T12:58:31Z
26086853,2010-02-06T02:40:07Z
29890027,2010-12-04T17:51:05Z
48851709,2015-12-18T08:06:05Z
53163248,2017-02-12T05:47:47Z
23084,2001-03-30T19:49:57Z
24373,2001-10-14T07:25:07Z
24400,2001-10-16T13:12:53Z
24530,2001-10-31T12:08:27Z
41556,2002-02-25T23:52:04Z
51423,2001-11-15T00:18:54Z
85411,2002-09-14T19:30:45Z
168752,2003-01-13T19:31:16Z
291327,2003-08-07T20:55:15Z
349868,2003-10-26T00:44:34Z
417111,2004-01-01T01:51:54Z
541808,2004-03-21T15:39:49Z
554994,2004-03-26T19:59:44Z
804155,2004-07-10T23:22:50Z
913769,2004-08-20T02:48:18Z
1073520,2004-10-16T15:25:05Z
1277926,2004-12-14T21:03:36Z
2153570,2005-07-02T01:32:42Z
2168055,2005-07-04T16:48:10Z
2450544,2005-08-14T08:31:03Z
2527382,2005-08-24T12:05:34Z
3052280,2005-11-01T07:21:59Z
7710805,2006-10-31T15:01:27Z
10832501,2007-04-22T14:30:51Z
17702395,2008-05-31T13:54:26Z
25180864,2009-11-23T21:48:18Z
32806290,2011-08-20T05:55:55Z
33985831,2011-12-07T17:44:09Z
35289412,2012-04-01T05:56:22Z
42985529,2014-06-06T20:58:26Z
45392573,2015-02-13T20:09:07Z
62730994,2020-01-03T15:58:53Z
73308812,2023-03-17T02:26:20Z
23231,2001-04-21T00:58:12Z
23678,2001-10-17T12:33:53Z
24651,2001-11-18T21:30:28Z
38300,2002-02-08T07:22:52Z
48339,2002-04-09T03:35:00Z
63547,2002-07-22T21:59:16Z
166618,2003-01-08T01:29:24Z
175308,2003-01-27T18:46:40Z
199453,2003-03-21T10:57:17Z
231209,2003-05-21T17:57:17Z
275509,2003-07-23T02:35:50Z
297602,2003-08-16T11:48:31Z
328274,2003-09-27T03:00:08Z
421085,2004-01-05T09:26:31Z
482847,2004-02-22T21:05:00Z
661585,2004-05-17T21:50:12Z
1113023,2004-10-28T23:29:07Z
1116600,2004-10-30T01:00:08Z
1117900,2004-10-30T14:55:44Z
1302352,2004-12-20T13:24:29Z
1404351,2005-01-17T09:04:11Z
1687809,2005-04-03T17:12:41Z
2134398,2005-06-29T05:26:50Z
2166035,2005-07-04T07:07:44Z
2481168,2005-08-18T10:20:01Z
2773617,2005-09-27T06:08:00Z
3239937,2005-11-25T16:47:00Z
4403826,2006-03-15T20:58:47Z
9947225,2007-03-09T04:32:07Z
10063238,2007-03-15T03:00:22Z
16861908,2001-10-30T17:18:39Z
18225359,2005-07-19T22:00:50Z
19654281,2002-01-31T06:44:48Z
20285449,2008-11-19T02:15:04Z
24888356,2009-10-29T17:08:37Z
38170134,2013-01-08T20:07:36Z
23253,2001-09-25T13:29:27Z
23254,2001-05-13T21:05:02Z
23592,2001-08-31T21:13:52Z
23750,2001-08-14T22:46:03Z
23754,2001-09-29T22:04:43Z
24006,2001-09-18T05:12:10Z
24390,2001-11-04T19:02:27Z
24437,2001-10-21T15:51:21Z
25065,2002-01-13T00:16:30Z
25081,2002-01-14T18:32:48Z
145162,2002-11-08T11:55:35Z
156861,2002-12-11T15:16:42Z
223366,2003-05-08T15:14:19Z
291114,2003-08-07T12:43:35Z
324375,2003-09-22T00:45:21Z
354988,2003-11-02T08:15:26Z
362953,2003-11-11T00:52:18Z
365262,2003-11-13T08:40:19Z
383854,2003-11-30T20:58:23Z
410866,2003-12-22T03:56:53Z
418916,2004-01-03T06:04:35Z
664497,2004-05-19T01:59:57Z
707411,2004-06-06T05:46:36Z
747454,2004-06-23T19:32:50Z
776862,2004-07-03T23:13:15Z
1065741,2004-10-13T21:03:30Z
1357154,2005-01-03T03:45:20Z
1918286,2005-05-21T02:20:28Z
2422097,2005-08-10T16:37:31Z
2835132,2005-06-15T03:53:52Z
2882813,2005-10-11T11:42:52Z
4754789,2006-04-15T03:00:46Z
8440818,2006-12-14T21:15:59Z
20649854,2008-12-11T21:40:09Z
30876319,2004-04-12T15:32:04Z
31575432,2011-04-23T17:09:02Z
33917094,2011-11-30T20:13:53Z
34069337,2011-12-15T19:22:09Z
36621332,2012-08-03T06:32:08Z
45558253,2015-03-02T21:10:05Z
23335,2001-09-25T17:24:56Z
23572,2001-08-08T16:00:29Z
23672,2001-09-25T01:01:35Z
24562,2001-11-04T18:12:50Z
43972,2002-03-12T00:19:26Z
45468,2002-03-22T15:16:58Z
52564,2002-05-20T01:59:00Z
52565,2002-05-20T02:08:41Z
76393,2002-08-26T18:45:24Z
84331,2002-09-12T08:59:41Z
143135,2002-11-02T00:08:55Z
166459,2003-01-07T17:25:56Z
363627,2003-11-11T17:09:03Z
398940,2003-12-12T19:05:00Z
456725,2004-02-06T03:46:12Z
465886,2004-02-12T13:29:19Z
467804,2004-02-13T22:41:55Z
565031,2004-03-30T21:39:30Z
649382,2004-05-12T04:40:33Z
1240666,2004-12-04T05:06:51Z
1359420,2005-01-03T20:02:01Z
1396948,2005-01-14T21:58:04Z
1970588,2005-06-01T05:14:33Z
3063552,2005-11-02T18:47:27Z
3073934,2005-11-04T00:48:27Z
6150170,2006-07-28T01:41:01Z
8771567,2007-01-05T16:39:19Z
16862495,2008-04-10T12:46:54Z
18589032,2002-04-12T21:53:18Z
22228064,2001-05-03T21:35:37Z
23259,2001-10-06T15:27:40Z
23273,2001-11-14T19:23:58Z
23311,2001-05-16T17:51:57Z
23773,2001-11-09T15:18:26Z
24304,2001-10-06T05:16:22Z
24935,2001-12-21T07:37:30Z
48791,2002-04-12T05:14:27Z
51027,2002-05-01T11:00:59Z
66014,2002-07-30T13:59:50Z
175622,2003-01-28T08:20:34Z
221932,2003-05-05T15:35:04Z
222783,2003-05-07T05:36:19Z
309891,2003-09-02T08:38:29Z
310484,2003-09-03T04:36:07Z
312252,2003-09-05T17:47:36Z
337083,2003-10-08T22:47:22Z
340240,2003-10-13T21:56:17Z
438476,2004-01-22T02:17:34Z
796652,2004-07-08T06:57:33Z
946478,2004-08-31T08:26:02Z
966760,2004-09-07T20:32:58Z
2253499,2005-07-17T19:38:14Z
2426057,2005-08-11T02:28:48Z
3446092,2005-12-16T23:56:32Z
4582654,2006-03-31T18:31:25Z
6110795,2006-07-25T14:02:57Z
15464966,2008-01-28T14:46:23Z
21510668,2004-08-07T22:38:44Z
30874071,2005-02-08T16:53:24Z
35038133,2012-03-11T23:34:37Z
75916956,2024-01-25T20:03:21Z
23593,2001-07-25T21:49:09Z
24669,2001-11-20T05:57:07Z
55602,2002-06-08T22:34:05Z
68351,2002-08-06T16:56:24Z
99404,2002-10-04T19:59:55Z
126706,2002-10-23T04:33:44Z
221708,2003-05-05T03:41:13Z
279688,2003-07-27T11:12:17Z
755375,2004-06-26T14:16:01Z
986135,2004-09-14T22:29:35Z
1358820,2005-01-03T16:06:41Z
1497491,2005-02-12T13:34:57Z
1530992,2005-02-21T01:29:53Z
1633440,2005-03-22T00:44:36Z
1972038,2005-06-01T14:05:52Z
24029,2001-09-18T22:07:03Z
24107,2001-09-28T15:59:28Z
24116,2001-09-25T07:43:51Z
38306,2002-02-25T15:43:11Z
42709,2002-03-04T05:18:16Z
57069,2002-06-14T17:15:32Z
59408,2002-06-25T13:55:51Z
180091,2003-02-06T23:17:20Z
186447,2003-02-22T01:50:55Z
256278,2003-07-01T21:03:50Z
354907,2003-11-02T06:10:30Z
488182,2004-02-25T13:22:29Z
522347,2004-03-12T21:11:18Z
641092,2004-05-07T19:26:16Z
660161,2004-05-17T03:49:20Z
674776,2004-05-23T16:03:31Z
1034555,2004-10-02T18:42:15Z
1177214,2004-11-16T21:44:45Z
1203155,2004-11-24T01:14:54Z
1607703,2005-03-15T01:11:43Z
2167447,2005-07-04T14:41:25Z
2480676,2005-08-18T08:41:37Z
2822439,2005-10-03T05:46:08Z
2861193,2005-10-08T08:49:19Z
4110937,2006-02-18T00:56:54Z
4275506,2006-03-04T17:57:20Z
4522645,2006-03-26T14:57:08Z
4909324,2006-04-26T22:56:45Z
7167911,2006-09-26T20:21:14Z
10660257,2007-04-14T13:19:39Z
17322701,2001-05-22T17:31:30Z
30873297,2004-11-04T14:41:22Z
33112993,2011-09-17T09:27:46Z
37351899,2012-10-17T01:22:25Z
37875328,2012-12-09T06:15:41Z
47836583,2005-11-16T02:00:15Z
51807646,2016-09-30T23:41:20Z
54177857,2017-05-30T03:59:12Z
23002,2001-03-11T20:23:07Z
23053,2001-10-28T10:02:06Z
25096,2002-02-25T15:51:15Z
25140,2002-01-22T08:58:28Z
48668,2002-04-11T06:07:45Z
56654,2002-06-13T20:16:01Z
60644,2002-07-06T03:56:52Z
76848,2002-08-28T00:09:19Z
78214,2002-08-31T05:27:56Z
83916,2002-09-11T10:37:57Z
86350,2002-09-16T13:19:26Z
156932,2002-12-11T19:12:38Z
157774,2002-12-14T01:37:04Z
172777,2003-01-22T18:20:27Z
305122,2003-08-26T16:33:49Z
464617,2004-02-11T07:17:04Z
489173,2004-02-26T00:21:13Z
658141,2004-05-16T08:52:50Z
1527059,2005-02-20T00:46:08Z
2134103,2005-06-29T03:55:40Z
8372004,2006-12-10T19:58:57Z
14017924,2007-11-01T13:27:21Z
14018004,2007-11-01T13:35:43Z
14598828,2007-12-07T08:53:08Z
17459741,2008-05-16T18:10:56Z
27167234,2010-04-30T21:51:29Z
28751953,2010-09-08T18:29:43Z
11600,2001-12-07T22:25:23Z
23195,2001-10-01T17:12:54Z
23747,2001-08-13T18:45:20Z
24695,2002-02-25T15:51:15Z
44027,2001-03-22T22:19:58Z
48340,2002-04-09T03:50:22Z
54077,2002-05-29T15:58:45Z
65465,2002-07-28T13:11:37Z
76944,2002-08-28T08:06:16Z
102140,2002-10-10T13:18:03Z
209236,2003-04-12T10:34:35Z
341987,2003-10-16T06:45:34Z
589488,2004-04-11T04:49:40Z
609194,2004-04-21T01:54:54Z
754487,2004-06-26T02:53:02Z
1082973,2004-10-19T12:46:38Z
1410400,2005-01-19T07:55:49Z
1490148,2005-02-10T15:35:34Z
1645942,2005-03-25T03:03:56Z
1877149,2005-05-12T14:37:31Z
2468117,2005-08-16T18:45:23Z
2652481,2005-09-10T10:23:52Z
3422149,2005-12-14T22:46:39Z
5411548,2006-06-03T22:07:39Z
6333530,2006-08-08T17:33:19Z
8068094,2002-11-16T20:24:52Z
23637,2001-08-31T13:34:26Z
24047,2001-09-20T02:58:11Z
24085,2001-09-22T05:58:56Z
24354,2001-10-16T14:09:58Z
24772,2001-12-02T09:34:21Z
25098,2002-01-17T03:56:00Z
54423,2002-05-31T20:27:51Z
56398,2002-06-12T21:55:56Z
60288,2002-07-03T19:45:27Z
182705,2003-02-13T14:52:21Z
206508,2003-04-06T19:17:42Z
297350,2003-08-16T01:01:00Z
303802,2003-08-24T18:18:41Z
340982,2003-10-15T03:40:06Z
536188,2004-03-19T00:55:13Z
592949,2004-04-12T23:22:02Z
648582,2004-05-11T19:19:13Z
847925,2004-04-21T14:06:29Z
1353433,2005-01-02T04:47:37Z
1749134,2005-04-16T13:20:13Z
2757018,2005-09-25T13:40:18Z
2943911,2005-10-19T12:41:03Z
3169278,2005-11-15T20:19:20Z
5199213,2006-05-18T22:56:37Z
7070643,2006-09-20T00:23:25Z
9674107,2004-03-14T14:02:47Z
19419701,2008-09-22T02:19:22Z
21581881,2009-02-17T20:54:44Z
36053570,2012-06-06T01:27:45Z
40650524,2013-09-28T01:38:28Z
23247,2001-10-30T19:35:57Z
23440,2001-05-26T01:50:41Z
23690,2002-02-11T03:26:34Z
24505,2001-10-27T13:43:37Z
24543,2001-11-02T14:56:26Z
31006,2002-02-25T15:43:11Z
37010,2002-01-29T10:08:00Z
47107,2002-04-01T13:57:38Z
48392,2002-04-09T10:28:41Z
50585,2001-05-19T16:12:27Z
60931,2002-07-07T17:29:59Z
61899,2002-07-13T18:39:15Z
105390,2002-10-15T21:01:03Z
123450,2002-10-22T00:12:03Z
188378,2003-02-25T21:25:07Z
23535,2001-10-27T06:09:56Z
23579,2001-01-27T18:44:42Z
23635,2001-07-27T18:05:36Z
23962,2002-02-25T15:43:11Z
24544,2001-11-02T21:22:29Z
38979,2002-02-12T22:53:41Z
41519,2002-02-25T17:24:26Z
42937,2002-03-05T12:53:23Z
45801,2002-03-24T14:27:52Z
58894,2002-06-22T16:58:50Z
90347,2002-09-24T06:26:30Z
102789,2002-10-12T14:55:12Z
149326,2002-11-20T13:23:24Z
184904,2003-02-18T20:39:49Z
207560,2003-04-08T21:06:11Z
344549,2003-10-19T05:07:44Z
363430,2003-11-11T12:43:42Z
509141,2004-03-06T23:42:00Z
527756,2004-03-15T03:49:00Z
552840,2004-03-25T22:46:09Z
577742,2004-04-05T13:58:49Z
578784,2004-04-06T00:36:19Z
862694,2004-07-28T06:36:45Z
875354,2004-08-03T13:59:44Z
1353789,2005-01-02T07:40:09Z
1758788,2005-04-18T15:51:55Z
1758819,2005-04-18T16:04:15Z
1830788,2005-05-02T18:22:43Z
2229678,2005-07-14T01:52:50Z
2782231,2005-09-28T04:30:30Z
3880390,2006-01-29T02:18:58Z
5622659,2006-06-19T11:19:34Z
7652390,2006-10-27T20:18:00Z
12008648,2007-06-29T17:16:50Z
19294750,2002-07-13T18:16:59Z
27667237,2010-06-10T10:42:51Z
30883607,2011-02-15T20:20:53Z
34577664,2012-02-02T11:51:10Z
35516605,2012-04-16T09:57:32Z
47664587,2015-08-29T19:12:15Z
5378,2001-10-02T04:47:53Z
22939,2001-10-29T16:12:25Z
23204,2001-04-06T20:55:15Z
23205,2001-09-21T07:32:46Z
23263,2001-09-26T23:35:01Z
23269,2001-05-10T14:59:07Z
23597,2001-07-26T09:53:54Z
23601,2001-11-11T21:01:15Z
24022,2001-02-28T20:02:24Z
45440,2002-03-22T11:57:41Z
50557,2002-04-27T09:00:09Z
179505,2003-02-05T14:51:42Z
387440,2003-12-04T16:17:14Z
589286,2004-04-11T02:51:16Z
602919,2004-04-17T23:07:42Z
842004,2004-07-19T09:36:49Z
1119701,2004-10-31T05:26:25Z
1246630,2004-12-05T21:46:23Z
1722616,2005-04-11T07:15:43Z
2460242,2005-08-15T18:02:46Z
2711029,2005-09-20T00:22:33Z
2948657,2005-10-19T22:39:18Z
2991026,2005-10-25T00:42:09Z
4190476,2006-02-25T04:55:38Z
8517316,2006-12-19T19:09:55Z
11304514,2007-05-19T12:20:20Z
26348335,2010-02-26T14:54:20Z
30247996,2010-12-30T17:31:58Z
30871250,2004-07-02T23:43:59Z
40352203,2013-08-25T16:38:38Z
43239622,2014-07-07T19:24:47Z
24975,2001-12-27T09:13:19Z
25061,2002-02-25T15:43:11Z
36961,2002-01-29T04:03:28Z
49598,2002-04-18T17:08:24Z
56887,2002-06-14T03:51:17Z
145380,2002-11-09T04:58:24Z
285152,2003-07-31T08:01:40Z
427778,2004-01-11T21:40:00Z
430401,2004-01-14T08:22:45Z
728487,2004-06-15T20:31:16Z
1006635,2004-09-22T00:31:44Z
1241238,2004-12-04T10:46:36Z
1462268,2005-02-03T11:39:18Z
1581163,2005-03-08T05:18:01Z
1874540,2005-05-12T00:59:24Z
1952055,2005-05-28T01:29:28Z
2311890,2005-07-26T11:58:31Z
2391490,2005-08-06T13:12:49Z
2666137,2005-09-12T12:36:52Z
2717897,2005-09-20T19:04:18Z
7277773,2006-10-03T22:52:05Z
14979976,2008-01-01T01:27:27Z
23227,2001-09-09T20:13:30Z
23264,2001-05-04T01:37:37Z
24314,2001-10-07T00:31:16Z
24776,2002-02-25T15:43:11Z
25030,2002-01-07T13:52:42Z
57925,2002-06-18T02:28:34Z
67166,2002-08-03T07:20:56Z
77933,2002-08-30T11:51:52Z
106235,2002-10-17T17:18:33Z
142821,2002-11-01T02:04:28Z
157935,2002-12-14T14:55:45Z
191123,2003-03-02T23:03:30Z
191778,2003-03-04T18:09:55Z
250107,2003-06-20T10:40:30Z
452991,2004-02-03T08:32:28Z
627346,2004-04-30T18:44:32Z
799436,2004-07-09T07:51:32Z
2883124,2005-10-11T13:02:30Z
3121604,2005-11-10T01:07:33Z
3809708,2006-01-22T16:58:35Z
6081205,2006-07-23T13:08:53Z
6811852,2006-09-02T15:42:27Z
10129174,2007-03-18T21:25:34Z
10943769,2007-04-28T06:05:56Z
16902091,2008-04-12T23:43:49Z
18542387,2008-07-22T17:46:25Z
18960210,2002-03-20T09:41:02Z
19469852,2008-09-25T16:52:58Z
19594213,2001-10-27T23:25:29Z
31823637,2011-05-19T09:31:13Z
33710707,2001-11-12T06:45:39Z
35860657,2012-05-18T13:19:49Z
48893820,2015-12-23T17:12:28Z
49637958,2016-03-04T06:26:46Z
22915,2001-08-28T00:26:44Z
23977,2001-09-15T17:03:28Z
25011,2002-01-03T11:27:49Z
39674,2002-02-18T12:47:45Z
42048,2002-02-27T06:16:56Z
60548,2002-07-05T11:19:39Z
106270,2002-10-17T18:33:07Z
142473,2002-10-31T02:26:26Z
192500,2003-03-06T14:34:20Z
240123,2003-06-04T19:16:51Z
252372,2003-06-24T21:14:04Z
254452,2003-06-28T16:57:16Z
378010,2003-11-24T21:53:14Z
435078,2004-01-19T01:27:38Z
435335,2004-01-19T07:20:32Z
486529,2004-02-24T15:17:25Z
757240,2004-06-27T04:40:20Z
864017,2004-07-28T21:21:45Z
873391,2004-08-02T16:44:59Z
873402,2004-08-02T16:54:57Z
926954,2004-08-24T20:39:40Z
927641,2004-08-25T00:51:19Z
1109114,2004-10-27T20:00:20Z
2592906,2005-09-01T18:50:13Z
3674206,2006-01-10T06:48:20Z
4696317,2006-04-10T19:15:13Z
4707045,2006-04-11T15:34:06Z
12978962,2007-08-27T21:31:06Z
18952693,2003-09-11T04:05:18Z
19828134,2001-05-08T16:38:20Z
24458151,2009-09-24T14:28:47Z
25916521,2001-12-12T16:33:53Z
26145195,2001-10-06T01:43:10Z
26903467,2010-04-10T12:56:07Z
30876044,2002-11-15T12:23:30Z
34661457,2012-02-09T05:10:24Z
36224143,2001-10-12T13:51:17Z
23291,2001-11-03T01:28:06Z
23310,2001-11-03T01:30:22Z
23324,2001-05-17T14:34:38Z
24944,2001-12-21T20:15:05Z
44469,2001-11-05T01:15:53Z
103073,2002-10-13T05:50:30Z
152553,2002-11-28T00:52:28Z
195891,2003-03-13T21:18:07Z
538005,2004-03-19T21:08:09Z
721336,2004-06-13T01:20:38Z
918082,2004-08-21T18:56:07Z
1424864,2005-01-23T23:28:08Z
1611987,2005-03-16T04:44:49Z
1779482,2005-04-22T11:36:43Z
3231747,2005-11-24T10:45:49Z
3379701,2005-12-10T19:46:52Z
3508737,2005-12-23T13:13:07Z
3996332,2006-02-08T00:16:15Z
6300466,2006-08-06T18:58:42Z
11037938,2007-05-03T14:50:11Z
16369918,2008-03-18T13:36:33Z
16993285,2006-03-14T23:54:26Z
23107774,2005-01-30T20:54:04Z
35527030,2012-04-17T09:43:09Z
40736436,2013-10-08T02:22:24Z
40736457,2013-10-08T02:25:14Z
46572981,2015-04-06T15:15:29Z
47370794,2015-07-29T04:26:40Z
53483035,2017-03-14T16:55:35Z
70064623,2022-02-13T21:12:25Z
73479809,2023-04-06T09:51:29Z
24764,2001-11-30T17:50:19Z
25056,2002-01-10T11:35:42Z
25120,2002-01-19T15:31:14Z
41564,2002-02-25T23:53:36Z
46044,2002-03-26T11:54:27Z
48065,2002-01-29T09:19:05Z
52135,2002-05-16T03:11:57Z
56217,2002-06-11T17:03:29Z
160379,2002-12-21T23:54:06Z
178383,2003-02-02T20:58:57Z
188037,2003-02-25T01:32:51Z
241223,2003-06-06T14:26:57Z
276837,2003-07-25T01:40:46Z
355155,2003-11-02T14:39:04Z
396622,2003-12-10T22:32:57Z
459018,2001-09-30T22:32:28Z
547235,2004-03-23T22:04:27Z
593693,2004-04-13T07:54:48Z
624098,2004-04-29T01:45:36Z
698648,2004-06-02T11:57:48Z
876732,2004-08-04T03:09:16Z
1000789,2004-09-20T05:30:19Z
1077335,2004-10-17T20:36:14Z
1127684,2004-11-02T23:00:20Z
1266589,2004-12-11T18:43:27Z
1443028,2005-01-29T01:09:29Z
1475418,2005-02-07T03:17:17Z
1761921,2005-04-19T02:15:12Z
1814486,2005-04-29T08:57:02Z
1845092,2005-05-05T14:33:18Z
2708102,2005-09-19T18:04:42Z
2839326,2005-10-05T15:09:56Z
8056632,2006-11-21T22:22:30Z
11821775,2007-06-17T20:24:19Z
12310667,2007-07-18T17:42:26Z
12487536,2007-07-27T21:44:52Z
14414065,2007-11-25T05:19:19Z
15106272,2008-01-07T22:35:56Z
27207328,2010-05-03T18:17:57Z
43363191,2014-07-22T08:21:11Z
47008265,2015-06-17T20:20:31Z
53349322,2017-03-01T17:35:49Z
23000,2001-07-30T15:40:11Z
23001,2001-10-17T17:16:05Z
23621,2001-09-14T23:59:17Z
23647,2001-07-28T21:21:49Z
23872,2001-10-16T21:36:44Z
24567,2001-11-06T13:53:12Z
25073,2001-07-29T21:48:04Z
46980,2002-04-01T02:08:26Z
71734,2002-08-14T12:59:23Z
77385,2002-08-29T07:57:05Z
99601,2002-10-05T09:49:32Z
233609,2003-05-25T12:32:33Z
292941,2003-08-10T02:24:49Z
325963,2003-09-24T03:38:03Z
462178,2004-02-09T16:14:08Z
600451,2004-04-16T15:54:04Z
656965,2004-05-15T20:09:40Z
846851,2004-07-21T09:55:39Z
949357,2004-08-31T06:06:19Z
1075092,2004-10-17T01:24:40Z
1393625,2005-01-13T21:23:38Z
1846574,2005-05-05T21:41:47Z
2058684,2005-06-16T20:45:47Z
2260887,2005-07-18T21:34:35Z
2372548,2005-08-03T20:46:02Z
7250539,2006-10-02T05:06:49Z
12743856,2007-08-13T00:07:39Z
15312359,2008-01-19T16:38:44Z
19696519,2008-10-09T20:41:49Z
23512322,2009-07-06T16:17:39Z
24616522,2009-10-08T09:07:39Z
35850687,2012-05-17T15:40:01Z
36114127,2012-06-12T06:53:31Z
36116485,2012-06-12T13:35:45Z
36135219,2012-06-14T09:47:58Z
36145136,2012-06-15T06:59:00Z
36314779,2012-07-03T12:14:15Z
40255664,2013-08-16T07:46:35Z
41353496,2013-12-13T04:42:02Z
48214291,2015-10-14T05:00:05Z
22949,2001-03-02T12:02:08Z
24458,2001-10-24T23:55:51Z
24933,2001-12-21T07:07:07Z
48366,2002-04-09T07:47:35Z
62610,2002-07-18T04:13:34Z
168393,2003-01-12T22:32:34Z
201689,2003-03-26T21:15:36Z
229296,2003-05-18T19:16:50Z
261881,2003-07-06T00:27:38Z
305399,2003-08-27T01:30:13Z
335132,2003-10-05T10:08:33Z
683094,2004-05-27T18:11:30Z
808986,2004-07-12T01:50:44Z
931001,2004-08-26T02:48:51Z
940606,2004-08-29T20:42:43Z
1156819,2004-11-11T05:39:44Z
1359960,2004-02-15T14:37:05Z
1472653,2005-02-06T11:13:01Z
1509761,2005-02-15T18:49:06Z
1547157,2005-02-26T14:04:09Z
1923795,2005-05-22T09:32:03Z
1982116,2005-06-03T07:18:47Z
3495304,2005-12-22T00:24:31Z
5949923,2006-07-13T16:29:11Z
8077627,2006-11-23T01:00:18Z
10505383,2007-04-06T21:50:24Z
16081079,2008-03-04T01:33:44Z
18842299,2003-02-02T07:24:52Z
20609697,2002-06-15T09:32:10Z
22362810,2009-04-10T21:43:39Z
29146741,2010-10-10T23:50:00Z
31066443,2011-03-03T10:57:14Z
43980183,2004-12-07T02:02:54Z
55624938,2017-10-25T20:11:40Z
24032,2001-09-19T03:32:45Z
24080,2001-10-25T15:54:17Z
24731,2001-11-26T08:50:57Z
39291,2002-02-15T18:19:12Z
44596,2002-03-16T11:15:45Z
50406,2002-04-25T17:13:09Z
183673,2003-02-15T22:03:30Z
213354,2003-04-20T10:44:27Z
357672,2003-11-05T23:45:12Z
379967,2003-11-26T13:43:41Z
477808,2004-02-20T05:03:52Z
1131331,2004-11-04T10:35:22Z
1132416,2004-11-04T19:29:21Z
1345771,2004-12-31T00:58:33Z
1436843,2005-01-27T07:55:00Z
1504425,2005-02-14T12:31:45Z
2308823,2005-07-26T00:00:35Z
2831333,2005-10-04T11:30:08Z
3239191,2005-11-25T14:05:52Z
4063117,2001-06-08T16:12:16Z
4604821,2006-04-02T19:40:36Z
5102984,2006-05-11T14:14:15Z
8883608,2007-01-12T06:27:37Z
23776575,2009-07-28T17:01:56Z
35694460,2012-05-02T07:18:17Z
37914131,2012-12-13T01:47:27Z
48816196,2015-12-14T11:15:27Z
76712480,2024-04-23T08:38:40Z
23055,2001-03-23T15:39:30Z
64212,2002-07-25T04:28:30Z
159292,2002-12-18T16:01:54Z
224729,2003-05-10T19:41:56Z
235343,2003-05-28T01:54:44Z
238116,2003-06-01T01:03:45Z
238122,2003-06-01T01:24:22Z
250460,2003-06-21T02:17:34Z
302358,2003-08-22T17:33:36Z
483010,2004-02-22T23:00:03Z
627009,2004-04-30T14:17:19Z
917400,2004-08-21T12:17:09Z
1014366,2004-09-24T17:18:26Z
1024033,2004-09-28T04:44:00Z
1070053,2004-10-15T08:39:07Z
1177234,2004-11-16T21:52:32Z
2010867,2005-06-08T19:28:17Z
2044863,2005-06-14T15:28:09Z
2106024,2005-06-24T09:10:40Z
2172275,2005-07-05T07:53:26Z
2199410,2005-07-09T11:06:14Z
2597290,2005-09-02T10:29:41Z
2709565,2005-09-19T21:02:47Z
2853194,2005-10-07T08:50:44Z
2876360,2005-10-10T14:45:15Z
2883343,2005-10-11T13:52:58Z
3231565,2005-11-24T10:03:57Z
23197,2001-04-03T18:55:09Z
23316,2001-09-29T16:09:49Z
23703,2001-08-05T04:08:20Z
24236,2001-09-30T18:19:15Z
38822,2002-02-11T15:59:19Z
41568,2002-02-25T23:54:12Z
76084,2002-08-26T01:04:24Z
212141,2003-04-17T23:16:38Z
219042,2003-04-30T15:37:39Z
223356,2003-05-08T14:54:38Z
238420,2003-06-01T15:50:38Z
238695,2003-06-02T00:58:12Z
416007,2003-12-30T19:10:28Z
618077,2004-04-25T17:06:17Z
670376,2004-05-21T19:25:57Z
712617,2004-06-09T20:18:26Z
1001628,2004-09-20T13:13:49Z
1431342,2005-01-25T20:27:51Z
1480601,2005-02-08T07:02:44Z
1699425,2005-04-06T06:02:52Z
2082201,2005-06-20T23:19:26Z
2174083,2005-07-05T16:09:19Z
2659918,2005-09-11T11:18:09Z
3468701,2005-12-19T08:49:33Z
3484453,2005-12-20T22:52:27Z
5063539,2006-05-08T17:44:35Z
5837036,2006-07-05T09:21:39Z
7936939,2006-11-14T17:47:47Z
11524497,2007-05-31T18:13:10Z
17676837,2008-05-29T22:59:27Z
23617393,2009-07-15T18:48:52Z
37968361,2012-12-18T20:13:51Z
68911744,2021-10-06T23:51:24Z
23645,2001-07-28T18:31:38Z
24714,2001-11-24T01:35:22Z
25042,2002-01-09T03:55:03Z
39290,2002-02-15T18:18:21Z
40253,2002-02-25T15:43:11Z
50354,2002-04-25T05:00:37Z
57559,2002-06-16T10:55:53Z
66549,2002-08-01T08:37:19Z
144068,2002-11-04T21:29:32Z
180211,2003-02-07T06:07:25Z
226187,2003-05-13T06:16:32Z
256183,2003-07-01T17:40:49Z
285109,2003-07-31T06:22:00Z
286260,2003-08-02T01:03:35Z
286262,2003-08-02T01:05:07Z
536062,2004-03-18T23:49:19Z
725821,2004-06-14T20:32:56Z
924687,2004-08-24T01:34:58Z
1160100,2004-11-12T03:13:22Z
1251410,2004-12-07T03:35:11Z
1590904,2005-03-10T19:40:14Z
1983931,2005-06-03T17:00:49Z
2538775,2005-08-25T19:59:20Z
2912664,2005-10-15T14:30:31Z
3192911,2005-11-18T22:18:32Z
3899074,2005-02-06T16:33:40Z
4141563,2006-02-20T18:07:35Z
5557857,2006-06-14T12:46:10Z
5795637,2006-07-02T11:59:29Z
6232680,2006-08-02T19:37:36Z
9475633,2007-02-13T02:11:30Z
28737247,2003-01-17T12:06:46Z
30688232,2011-01-30T08:22:15Z
19951,2001-09-19T15:25:43Z
23619,2001-07-31T01:18:08Z
24862,2001-12-12T14:40:23Z
63218,2002-07-21T16:01:56Z
99494,2002-10-05T00:40:55Z
126688,2002-10-23T04:24:04Z
156259,2002-12-09T19:26:51Z
211295,2003-04-16T04:12:07Z
216353,2003-04-25T23:21:42Z
248950,2003-06-18T19:24:53Z
253786,2003-06-27T05:53:19Z
256487,2003-07-02T05:54:57Z
365283,2003-11-13T09:54:33Z
498022,2004-03-01T23:30:36Z
525890,2004-03-14T10:27:26Z
636219,2004-05-05T08:28:30Z
786064,2004-07-06T00:46:31Z
833499,2004-07-16T19:12:07Z
1032780,2004-10-01T22:35:50Z
1185519,2004-11-19T00:45:07Z
1187337,2004-11-19T14:59:05Z
1355939,2005-01-02T22:08:20Z
1396527,2005-01-14T19:54:10Z
1434699,2005-01-26T20:13:23Z
1434747,2005-01-26T20:25:39Z
1490155,2005-02-10T15:38:23Z
1771587,2005-04-20T23:10:52Z
2190913,2005-06-10T16:08:01Z
2909308,2005-10-15T01:01:39Z
3503453,2005-12-22T22:10:44Z
9396111,2007-02-09T01:48:04Z
14160969,2007-11-09T16:53:02Z
19251434,2008-09-09T20:53:42Z
23617071,2009-07-15T18:18:38Z
23617176,2009-07-15T18:28:51Z
24723843,2009-10-17T11:21:45Z
58528658,2018-09-19T19:39:21Z
5272,2001-03-17T06:42:56Z
22984,2001-10-03T18:48:05Z
23048,2001-03-21T23:52:07Z
23650,2002-02-25T15:43:11Z
23666,2001-10-11T22:46:31Z
23706,2001-08-05T15:36:38Z
24097,2001-02-02T01:06:03Z
24452,2001-10-23T05:07:12Z
24928,2001-12-20T22:07:51Z
25058,2002-02-25T15:51:15Z
65910,2001-11-02T11:03:48Z
74327,2002-08-21T12:28:01Z
76340,2002-08-26T15:28:48Z
160313,2002-12-21T21:11:06Z
239887,2003-06-04T07:42:05Z
333491,2003-10-03T02:04:41Z
350072,2003-10-26T07:11:46Z
532481,2004-03-17T09:40:39Z
532491,2004-03-17T09:53:18Z
637434,2004-05-05T21:50:52Z
680340,2004-05-25T23:29:35Z
730742,2004-06-16T18:27:01Z
1586228,2005-03-09T12:35:09Z
2924921,2005-10-17T04:37:16Z
3767684,2006-01-19T00:53:09Z
4183589,2006-02-24T16:11:41Z
6242061,2006-08-03T10:22:30Z
8494507,2006-12-18T08:00:21Z
11722032,2007-06-11T23:11:25Z
13994373,2007-10-30T23:09:48Z
21385832,2009-02-03T23:19:34Z
23617046,2009-07-15T18:16:59Z
32733237,2011-08-13T12:12:23Z
38761097,2013-03-09T13:25:17Z
47363421,2015-07-28T11:51:35Z
22934,2001-02-24T12:19:17Z
23538,2001-03-30T20:52:32Z
23539,2001-09-13T03:34:20Z
23542,2001-02-17T12:23:09Z
23543,2001-03-24T16:34:02Z
23801,2001-08-23T04:44:37Z
24485,2001-10-25T18:00:16Z
25009,2002-01-02T03:14:12Z
43325,2002-03-08T06:07:35Z
43487,2002-03-09T09:17:34Z
45178,2002-03-20T18:21:30Z
45437,2002-03-22T11:48:19Z
147767,2002-11-16T02:29:50Z
154725,2002-12-05T05:12:27Z
283007,2003-07-28T23:55:24Z
429425,2004-01-13T10:25:10Z
472877,2004-02-17T03:42:43Z
601958,2004-04-17T08:43:14Z
802895,2004-07-10T09:47:51Z
1139275,2004-11-06T20:29:27Z
1467948,2002-02-25T15:51:15Z
2075950,2005-06-20T00:27:57Z
2215623,2005-07-11T23:21:12Z
2556429,2005-08-27T22:14:15Z
3545648,2005-12-28T05:24:28Z
3644492,2006-01-07T05:27:29Z
4746880,2006-04-14T14:25:27Z
9499804,2007-02-14T10:43:02Z
13146525,2007-09-07T21:25:43Z
21391368,2009-02-04T07:53:11Z
28383010,2010-08-16T15:20:02Z
30431128,2011-01-12T02:40:57Z
37509820,2012-11-01T02:30:42Z
46597469,2015-05-03T16:06:05Z
23015,2001-11-09T18:15:13Z
23716,2001-08-29T00:06:11Z
24977,2001-12-27T19:13:46Z
24992,2002-02-25T15:51:15Z
66432,2002-08-01T03:39:55Z
156766,2002-12-11T07:48:43Z
161905,2002-12-27T01:59:13Z
170501,2003-01-18T03:24:58Z
240410,2003-06-05T06:39:27Z
241589,2003-06-07T04:57:25Z
377828,2003-11-24T18:38:28Z
397803,2003-12-11T20:16:59Z
424899,2004-01-09T00:09:58Z
486432,2004-02-24T13:36:03Z
540448,2004-03-21T00:48:38Z
603304,2004-04-18T03:31:33Z
727204,2004-06-15T10:02:49Z
733668,2004-06-18T00:31:33Z
999536,2004-09-19T19:58:10Z
1706577,2005-04-07T21:58:03Z
2028055,2005-06-12T02:49:16Z
2310080,2005-07-26T03:56:19Z
3157457,2005-11-14T11:20:18Z
3284517,2005-11-30T19:06:34Z
3433762,2005-12-15T22:12:26Z
8081587,2006-11-23T06:12:26Z
13228814,2007-09-12T10:03:17Z
14252702,2007-11-15T01:58:49Z
17020599,2008-04-20T13:36:57Z
19739736,2008-10-12T04:28:39Z
20776529,2008-12-20T00:38:52Z
19812,2001-09-24T15:58:57Z
23485,2001-06-04T20:06:01Z
23626,2001-08-27T08:16:19Z
23643,2001-07-28T01:55:50Z
23738,2001-08-31T16:55:20Z
24042,2001-09-26T18:29:21Z
38811,2002-02-25T15:43:11Z
52015,2002-05-13T23:08:38Z
144553,2002-11-06T02:29:17Z
183478,2003-02-15T06:56:09Z
189897,2003-03-01T10:37:58Z
243849,2003-06-11T06:34:34Z
265044,2003-07-11T06:06:53Z
301892,2003-08-22T00:43:09Z
316076,2003-09-11T17:06:19Z
370882,2003-11-18T04:39:52Z
373814,2003-11-20T22:41:55Z
496540,2004-03-01T04:59:07Z
882736,2004-08-07T02:52:15Z
1005701,2004-09-21T18:20:05Z
1221448,2004-11-29T06:11:48Z
1258607,2004-12-09T08:41:37Z
1275395,2004-12-14T04:05:55Z
2243695,2005-07-16T01:08:02Z
3572231,2005-12-30T20:36:11Z
3882218,2006-01-29T06:01:44Z
5352267,2006-05-30T17:34:51Z
5439284,2006-06-05T21:20:52Z
7661871,2006-10-28T11:52:23Z
8687911,2006-12-31T11:00:30Z
9170030,2007-01-28T17:17:38Z
11217970,2007-05-14T08:43:55Z
16598232,2008-03-26T21:09:28Z
17562503,2008-05-22T16:37:55Z
17680719,2008-05-30T04:02:34Z
19172225,2001-09-22T10:05:29Z
18154,2001-09-26T05:13:01Z
23634,2001-09-23T00:15:52Z
24553,2001-11-03T13:44:46Z
49023,2001-10-03T20:31:25Z
55172,2002-06-06T13:02:45Z
55924,2002-06-10T08:27:47Z
72750,2002-08-17T10:28:12Z
81094,2002-09-06T04:13:53Z
81863,2002-09-07T15:47:47Z
100406,2002-10-07T08:53:37Z
202353,2003-03-28T01:51:19Z
228900,2003-05-18T02:41:30Z
508376,2004-03-06T15:11:20Z
559297,2004-03-28T05:35:05Z
770725,2004-07-02T00:14:22Z
825748,2004-07-15T01:25:27Z
899223,2004-08-14T01:34:49Z
1950372,2005-05-27T18:38:40Z
2008687,2005-06-08T09:20:49Z
2438279,2005-08-12T15:50:56Z
3936671,2006-02-02T20:32:26Z
5179264,2006-05-17T13:59:49Z
5537399,2006-06-12T22:54:43Z
5617916,2006-06-18T23:56:08Z
8265328,2006-12-04T16:47:00Z
23317,2001-09-26T18:53:55Z
61003,2002-06-27T14:42:40Z
72718,2002-08-17T07:07:27Z
225761,2003-05-12T13:02:04Z
238646,2003-06-01T23:16:30Z
245432,2003-06-13T15:30:04Z
245586,2003-06-13T19:45:08Z
287555,2003-08-04T02:35:18Z
300181,2003-08-19T23:11:56Z
471376,2004-02-16T02:01:50Z
522130,2004-03-12T19:04:03Z
747328,2004-06-23T18:39:36Z
931859,2004-08-26T10:43:53Z
1789960,2005-04-24T12:33:58Z
2224814,2005-07-13T09:52:40Z
2578624,2005-08-30T22:16:16Z
3821879,2006-01-23T20:03:56Z
5178817,2006-05-17T13:10:55Z
5392113,2006-06-02T14:27:32Z
9606406,2007-02-20T07:23:47Z
9910593,2007-03-07T09:17:34Z
12146395,2007-07-08T09:54:43Z
13353612,2007-09-20T09:23:38Z
15489197,2002-06-11T21:05:25Z
17079066,2008-04-23T15:24:39Z
18521875,2008-07-21T07:10:34Z
18974246,2008-08-22T02:41:18Z
19179023,2001-05-03T01:10:41Z
19179678,2004-11-03T10:10:25Z
52888288,2017-01-16T07:15:05Z
22921,2001-11-06T02:05:30Z
23047,2001-11-03T12:58:04Z
23585,2001-07-24T20:25:41Z
24514,2001-10-31T00:44:21Z
24931,2001-12-21T01:30:42Z
24982,2001-12-28T20:49:01Z
25004,2002-02-25T15:43:11Z
43963,2002-03-11T23:47:46Z
45621,2002-03-23T13:22:42Z
52671,2002-05-20T20:45:55Z
58323,2002-06-19T23:34:32Z
166356,2003-01-07T10:50:28Z
221554,2003-05-04T22:12:13Z
229661,2003-05-19T05:29:18Z
331750,2003-09-30T11:09:42Z
475035,2004-02-18T15:56:59Z
552107,2004-03-25T19:41:29Z
766888,2004-06-30T14:31:54Z
846421,2004-07-21T04:10:17Z
929709,2004-08-25T17:02:17Z
989897,2004-09-16T03:49:36Z
1698426,2005-04-06T00:39:18Z
2516987,2005-08-23T02:02:09Z
3172258,2005-11-16T02:52:30Z
4916945,2006-04-27T14:46:11Z
4998418,2006-05-03T20:42:32Z
5005987,2006-05-04T10:50:38Z
6017083,2006-07-18T18:35:42Z
6828663,2006-09-03T19:37:50Z
7532615,2006-10-20T16:26:56Z
16276698,2005-08-07T11:46:46Z
18973869,2001-06-11T10:07:44Z
23617,2001-07-27T00:05:48Z
23682,2001-08-02T18:40:54Z
23889,2001-09-05T18:32:29Z
37841,2002-02-05T12:21:21Z
40247,2002-02-21T18:25:11Z
41600,2002-02-25T23:59:05Z
51256,2002-04-25T16:00:27Z
51630,2002-05-07T18:32:30Z
81242,2002-09-06T11:35:24Z
102359,2002-10-10T23:52:19Z
153324,2002-11-30T22:42:58Z
171136,2003-01-19T12:31:30Z
230364,2003-05-20T06:50:25Z
233071,2003-05-24T14:34:23Z
236747,2003-05-30T03:46:41Z
268515,2003-07-15T23:49:28Z
277021,2003-07-25T10:17:08Z
463734,2004-02-10T18:22:53Z
490105,2004-02-26T17:54:11Z
509921,2004-03-07T07:15:29Z
511115,2004-03-07T20:24:30Z
585383,2004-04-09T09:57:12Z
587618,2004-04-10T10:19:00Z
598465,2004-04-15T16:34:09Z
601365,2004-04-17T02:12:45Z
1227284,2004-11-30T18:22:22Z
1615818,2005-03-17T20:49:46Z
2648666,2005-09-09T19:25:29Z
10132497,2007-03-19T00:40:10Z
14828359,2007-12-21T19:34:28Z
17512802,2008-05-19T21:16:02Z
18532781,2005-01-28T00:14:48Z
18935551,2001-11-05T00:35:54Z
20015254,2008-10-31T16:34:18Z
24356432,2009-09-15T20:52:00Z
25428398,2009-12-14T05:23:43Z
25513330,2001-05-04T00:38:23Z
23652,2001-07-30T16:38:33Z
23653,2001-07-29T21:12:33Z
23863,2001-08-31T00:01:58Z
25217,2001-10-25T00:01:06Z
45756,2002-03-24T08:49:48Z
64489,2002-07-25T17:40:51Z
81666,2002-09-07T00:32:05Z
111194,2002-10-18T18:04:49Z
206520,2003-04-06T19:35:49Z
212698,2003-04-19T05:18:17Z
217149,2003-04-27T03:37:23Z
251478,2003-06-23T07:34:55Z
262252,2003-07-06T16:40:00Z
277237,2003-07-25T18:17:35Z
417762,2004-01-01T20:31:30Z
457210,2004-02-06T13:16:29Z
523674,2004-03-13T15:00:36Z
571755,2004-04-02T15:53:41Z
812095,2004-07-12T20:14:38Z
875372,2004-08-03T14:10:27Z
1009291,2004-09-22T22:16:55Z
1024323,2004-09-28T07:56:39Z
1179890,2004-11-17T16:02:00Z
1281850,2004-12-15T17:38:13Z
2165599,2005-07-04T05:01:28Z
2507339,2005-08-21T21:29:41Z
3165415,2005-11-15T09:43:23Z
3314539,2005-12-04T01:09:22Z
3938775,2006-02-02T23:38:15Z
10921599,2007-04-27T00:50:58Z
25182,2002-02-25T15:43:11Z
25184,2001-05-20T05:15:34Z
25211,2001-10-29T00:00:51Z
25220,2001-10-21T16:10:53Z
25264,2001-09-26T02:55:41Z
41613,2002-02-26T00:00:44Z
305224,2003-08-26T20:52:16Z
313779,2003-09-07T19:51:25Z
317018,2003-09-12T22:10:28Z
632489,2004-05-03T10:20:13Z
648326,2004-05-11T17:03:07Z
691277,2004-05-30T12:42:52Z
707404,2004-06-06T05:41:31Z
731287,2004-06-16T23:04:12Z
761731,2004-06-28T18:16:18Z
1013550,2004-09-24T08:35:36Z
1213566,2004-11-27T01:34:14Z
1334123,2004-12-27T22:14:33Z
1424521,2005-01-23T21:43:14Z
2798183,2005-09-30T04:29:52Z
2933361,2005-10-18T05:29:47Z
3573125,2005-12-30T22:24:28Z
5087450,2006-05-10T07:55:58Z
7235622,2006-10-01T07:15:30Z
9000484,2007-01-19T09:21:34Z
9349733,2007-02-06T17:51:12Z
10784887,2007-04-20T00:06:10Z
12088404,2007-07-04T19:21:54Z
12115455,2007-07-06T11:08:15Z
13473221,2007-09-28T07:28:18Z
13537626,2006-06-01T06:12:13Z
20646064,2003-09-12T22:03:56Z
24092190,2009-08-24T04:50:17Z
26960936,2010-04-15T02:19:03Z
29295573,2010-10-21T22:37:39Z
29490540,2010-11-05T23:12:53Z
43507260,2014-08-08T14:27:32Z
43507282,2014-08-08T14:29:58Z
73676635,2023-04-29T18:03:11Z
25202,2001-11-14T19:29:21Z
25267,2001-09-27T00:02:34Z
25268,2001-09-27T00:16:45Z
25274,2001-10-12T21:47:53Z
25312,2001-11-25T21:13:49Z
25336,2001-12-19T06:25:16Z
51910,2002-05-11T17:19:24Z
82728,2002-09-09T08:51:37Z
161253,2002-12-24T07:18:51Z
185732,2003-02-20T18:34:22Z
532405,2004-03-17T08:18:42Z
658955,2004-05-16T17:52:28Z
659094,2004-05-16T18:30:38Z
663426,2004-05-18T17:18:23Z
681895,2004-05-26T21:55:28Z
712450,2004-06-09T18:54:48Z
888587,2004-08-09T20:33:18Z
892803,2004-08-11T15:49:08Z
2137644,2005-06-29T17:01:31Z
2325953,2005-07-28T10:05:32Z
3449139,2005-12-17T08:06:24Z
3737445,2006-01-16T07:16:40Z
3975868,2006-02-06T05:13:54Z
4279149,2006-03-05T00:13:29Z
7850102,2003-08-16T18:04:30Z
7926008,2006-11-14T01:00:05Z
8978774,2007-01-18T01:17:00Z
14967282,2007-12-31T08:36:04Z
15269770,2008-01-17T04:15:31Z
24593105,2009-10-06T10:08:42Z
24593664,2009-10-06T11:50:36Z
25941505,2010-01-25T12:11:54Z
28676005,2010-09-02T15:17:35Z
30115086,2010-12-19T21:07:19Z
30876419,2003-07-25T14:19:41Z
36469390,2012-07-18T06:41:52Z
38602386,2013-02-22T07:23:54Z
41263617,2013-12-04T00:09:14Z
44108758,2014-10-14T12:19:40Z
54074489,2017-05-18T07:48:33Z
64281511,2020-06-15T12:04:36Z
66600012,2021-02-03T09:20:18Z
25170,2001-02-25T02:47:08Z
25179,2001-09-04T04:22:18Z
25198,2001-06-13T08:34:42Z
25233,2001-09-20T02:49:35Z
25239,2001-10-28T01:03:54Z
25265,2001-09-26T09:03:12Z
25280,2001-11-02T14:12:46Z
25297,2001-10-30T15:41:44Z
37386,2002-02-02T19:37:00Z
39137,2002-02-16T04:22:07Z
53457,2002-05-25T17:52:14Z
79792,2002-09-03T00:47:06Z
164318,2003-01-03T00:01:09Z
204228,2003-03-31T22:35:44Z
253849,2003-06-27T09:19:17Z
336312,2003-10-07T18:54:36Z
360030,2003-11-08T12:13:27Z
450636,2004-02-01T16:14:43Z
494528,2004-02-29T05:05:07Z
502038,2004-03-03T16:17:59Z
510581,2004-03-07T16:28:54Z
643769,2004-05-09T05:53:21Z
681579,2004-05-26T17:36:29Z
923872,2004-08-23T19:59:27Z
956483,2004-09-04T01:15:15Z
1528881,2005-02-20T13:02:03Z
1750961,2005-04-16T22:10:12Z
2673540,2005-09-13T19:48:10Z
3268249,2001-10-29T07:25:18Z
4031859,2006-02-10T23:40:34Z
6876861,2006-09-07T01:12:16Z
7883127,2006-11-11T06:21:54Z
10622186,2007-04-12T17:16:51Z
11864322,2007-06-20T10:13:56Z
15648814,2008-02-08T01:50:21Z
18605319,2004-08-23T05:38:57Z
25676,2001-08-04T16:52:34Z
25758,2001-10-11T16:55:28Z
25765,2001-07-28T21:37:35Z
25856,2001-09-03T16:21:45Z
26003,2001-09-27T19:35:35Z
26350,2001-12-08T13:57:52Z
143945,2002-11-04T13:56:08Z
201268,2003-03-25T10:19:58Z
207833,2003-04-09T12:51:06Z
228284,2003-05-17T03:17:51Z
263745,2003-07-09T05:20:50Z
264337,2003-07-10T02:37:28Z
467147,2004-02-13T12:13:11Z
477175,2004-02-19T21:43:23Z
532592,2004-03-17T11:59:22Z
690495,2004-05-30T04:24:35Z
740680,2004-06-21T10:36:44Z
2046950,2005-06-14T22:48:13Z
2310753,2005-07-26T06:56:24Z
2380918,2005-08-05T00:03:59Z
2712404,2005-09-20T05:14:30Z
3100521,2005-11-07T11:05:49Z
6164958,2006-07-29T02:16:48Z
8432961,2006-12-14T08:17:14Z
9651443,2007-02-22T18:35:31Z
12912799,2007-08-23T16:47:23Z
14758602,2007-12-18T04:44:41Z
15368428,2001-11-06T03:45:23Z
15682819,2008-02-10T07:51:13Z
16696141,2008-03-31T18:17:04Z
19916613,2003-05-27T18:57:47Z
21600868,2009-02-19T01:24:41Z
27174683,2002-06-24T15:55:36Z
43592664,2014-08-18T09:48:41Z
53072995,2017-02-03T03:18:12Z
25602,2001-09-15T20:48:58Z
25604,2001-05-17T14:44:42Z
26197,2001-11-17T14:35:40Z
26306,2001-11-28T21:27:37Z
37245,2002-02-14T13:17:36Z
42852,2002-03-04T19:35:35Z
46656,2002-03-29T19:38:09Z
82961,2002-09-09T22:26:28Z
98132,2002-10-02T13:03:07Z
150160,2002-11-23T12:31:41Z
152623,2002-11-28T08:55:43Z
153095,2002-11-29T23:17:59Z
169320,2003-01-15T12:42:04Z
172851,2003-01-22T20:30:45Z
173088,2003-01-23T03:54:08Z
197767,2003-03-17T18:18:26Z
216134,2003-04-25T17:44:39Z
218930,2003-04-30T09:22:44Z
220118,2003-05-02T11:47:42Z
361969,2003-11-10T00:23:24Z
585732,2004-04-09T15:12:42Z
701207,2004-06-03T14:47:59Z
1040853,2004-10-05T03:20:57Z
1659313,2005-03-28T12:22:31Z
1780815,2005-04-22T17:52:03Z
2035588,2005-06-13T09:52:07Z
3222160,2005-11-23T01:28:45Z
4463104,2006-03-21T04:36:05Z
10121426,2007-03-18T12:29:27Z
12772746,2007-08-14T23:24:51Z
13485805,2007-09-29T03:59:55Z
13540478,2006-05-17T01:58:02Z
25359331,2009-12-08T13:21:06Z
32817141,2011-08-21T06:09:54Z
25476,2001-06-10T15:14:02Z
25612,2001-05-20T05:26:28Z
25685,2001-02-23T17:52:16Z
26321,2001-12-03T21:44:03Z
50047,2002-04-22T06:48:39Z
65462,2002-07-28T13:03:49Z
68686,2002-08-07T08:02:07Z
95786,2002-09-29T20:23:17Z
157175,2002-12-12T06:59:32Z
235451,2003-05-28T05:58:05Z
426426,2004-01-10T15:18:32Z
496055,2004-02-29T23:37:59Z
697782,2004-06-02T00:50:51Z
1032545,2004-10-01T20:27:28Z
1363880,2005-01-05T04:27:10Z
1498759,2005-02-13T01:37:52Z
2269568,2005-07-20T01:15:27Z
2736939,2005-09-23T08:58:03Z
2931193,2005-10-17T23:36:46Z
2940730,2005-10-19T02:39:32Z
3637477,2006-01-06T16:42:00Z
3871014,2001-10-28T01:07:45Z
4701722,2006-04-11T03:53:30Z
5235231,2005-06-24T10:58:55Z
7804521,2006-11-06T14:22:23Z
8208376,2006-11-30T23:04:46Z
8269904,2006-12-04T21:57:57Z
18160997,2008-06-27T12:42:24Z
19009110,2002-01-20T15:42:43Z
21306150,2001-09-19T14:42:51Z
52831846,2017-01-10T21:48:08Z
54431035,2017-06-30T18:38:33Z
58103184,2018-08-09T12:22:24Z
25742,2001-09-24T21:57:24Z
25919,2001-09-13T21:00:04Z
26132,2001-10-24T05:56:34Z
27588,2001-02-25T02:16:01Z
38873,2002-02-12T03:45:15Z
44564,2002-03-16T04:17:56Z
65753,2002-07-29T15:33:50Z
87837,2002-09-19T21:24:42Z
145440,2002-11-09T14:03:19Z
163180,2002-12-31T01:29:39Z
189092,2003-02-27T10:55:04Z
219545,2003-05-01T11:24:13Z
239993,2003-06-04T13:54:35Z
258729,2003-07-03T05:45:33Z
332372,2003-10-01T05:28:09Z
361210,2003-11-09T11:02:31Z
400010,2003-12-13T15:50:50Z
495383,2004-02-29T18:15:20Z
643023,2004-05-08T21:21:18Z
660657,2004-05-17T10:04:00Z
730668,2004-06-16T17:53:51Z
877912,2004-08-04T18:03:56Z
1187268,2004-11-19T14:35:26Z
1427634,2005-01-24T18:48:27Z
1482394,2005-02-08T20:16:22Z
1531781,2005-02-21T06:35:27Z
1677334,2005-04-01T04:01:18Z
1884890,2005-05-14T05:57:49Z
2449393,2005-08-14T03:48:49Z
3316627,2005-12-04T05:21:04Z
4600808,2006-04-02T09:57:27Z
6033300,2006-07-19T20:44:27Z
19196523,2002-04-06T02:23:23Z
19727024,2001-03-29T15:41:30Z
30102676,2010-12-18T16:08:29Z
36968102,2003-07-15T17:47:25Z
53449209,2017-03-11T06:54:03Z
26478,2002-01-03T22:04:27Z
61032,2002-07-08T14:08:33Z
63753,2002-07-23T15:35:37Z
162017,2002-12-27T15:28:42Z
184897,2003-02-18T20:17:12Z
242006,2003-06-08T03:57:26Z
250130,2003-06-20T11:27:31Z
508602,2004-03-06T18:17:44Z
607530,2004-04-20T05:50:18Z
650995,2004-05-13T00:40:58Z
716969,2004-06-11T13:17:38Z
1027467,2004-09-29T16:14:38Z
1111581,2004-10-28T15:22:16Z
1268823,2004-12-12T08:43:37Z
1576696,2005-03-06T20:13:28Z
2014227,2005-06-09T11:22:11Z
2622142,2005-09-05T21:47:10Z
2960200,2005-10-21T08:52:52Z
3017559,2005-10-28T05:18:06Z
3364761,2005-12-09T02:03:40Z
4756732,2006-04-15T08:09:36Z
7252198,2006-10-02T10:37:53Z
9795740,2007-03-01T20:53:41Z
14339909,2007-11-21T01:34:30Z
20646438,2001-09-30T13:43:51Z
29815196,2004-03-06T15:07:49Z
57335546,2018-05-05T11:46:00Z
25382,2001-02-19T08:54:42Z
25407,2001-11-10T23:05:26Z
25767,2001-07-29T03:09:39Z
25995,2001-09-26T21:55:25Z
26123,2001-10-21T14:06:13Z
26446,2001-12-27T20:03:14Z
42446,2002-03-02T10:22:43Z
60569,2002-07-05T13:57:07Z
201487,2003-03-26T01:25:15Z
233180,2003-05-24T18:24:51Z
234417,2003-05-26T18:14:52Z
492295,2004-02-28T04:59:26Z
664488,2004-05-19T01:51:53Z
875336,2004-08-03T13:52:25Z
907866,2004-08-17T21:21:00Z
1018367,2004-09-26T02:36:32Z
1040953,2004-10-05T04:10:49Z
1046243,2004-10-07T04:00:24Z
1201556,2004-11-23T16:54:06Z
1706303,2005-04-07T20:49:29Z
1710687,2005-04-08T19:29:22Z
2398236,2005-08-07T09:44:39Z
2421650,2005-08-10T15:24:03Z
2667518,2005-09-12T19:06:49Z
2787639,2005-09-28T22:36:10Z
3042890,2005-10-31T05:32:00Z
3471089,2005-12-19T17:02:39Z
3794257,2006-01-21T08:31:36Z
8678873,2006-12-30T21:35:41Z
10386571,2007-03-31T10:30:11Z
19385671,2001-10-01T06:31:17Z
64719459,2020-08-02T15:19:59Z
79013463,2025-01-27T04:07:20Z
25825,2001-10-31T20:54:19Z
25880,2001-09-22T18:22:08Z
25948,2001-10-03T22:26:04Z
26262,2001-11-19T19:54:21Z
26490,2002-01-06T16:55:10Z
46238,2002-03-27T13:21:48Z
49198,2002-04-15T15:06:58Z
66313,2002-07-31T14:24:20Z
66984,2002-08-02T14:40:30Z
67158,2002-08-03T06:54:29Z
70157,2002-08-10T10:53:48Z
184881,2003-02-18T19:51:11Z
229292,2003-05-18T19:02:42Z
240844,2003-06-05T22:12:15Z
266861,2003-07-13T23:59:21Z
305992,2003-08-27T18:06:31Z
317969,2003-09-14T02:31:54Z
456728,2004-02-06T03:48:11Z
521267,2001-09-27T01:24:54Z
592486,2004-04-12T18:44:25Z
854081,2004-07-24T09:16:43Z
861928,2004-07-27T21:59:47Z
866988,2004-07-30T09:11:30Z
1047605,2004-10-07T18:38:29Z
1167455,2004-11-14T06:44:33Z
1275331,2004-12-14T03:47:32Z
1381812,2005-01-10T15:30:03Z
1953581,2005-05-28T10:59:56Z
2017338,2005-06-09T23:39:46Z
2234192,2005-07-14T18:47:21Z
2534487,2005-08-25T08:50:17Z
2584614,2005-08-31T16:48:42Z
2591408,2005-09-01T13:53:08Z
3337617,2005-12-06T10:57:44Z
4044867,2006-02-12T04:04:31Z
43705185,2014-08-31T12:55:41Z
25873,2001-10-27T22:15:19Z
26220,2001-11-09T20:49:34Z
26344,2002-02-25T15:51:15Z
37379,2002-02-02T19:07:29Z
38411,2002-02-25T15:51:15Z
50712,2002-04-28T11:27:44Z
54232,2002-05-30T17:32:21Z
55633,2002-06-09T07:30:54Z
66294,2002-07-31T13:24:55Z
153149,2002-11-30T04:03:06Z
166329,2003-01-07T08:23:08Z
204967,2003-04-02T20:14:36Z
213968,2003-04-21T14:01:32Z
291251,2003-08-07T18:21:50Z
485122,2004-02-23T21:14:04Z
553121,2004-03-26T00:09:46Z
826997,2004-07-15T14:59:25Z
1205131,2004-11-24T15:54:15Z
1464132,2005-02-04T00:43:26Z
2009061,2005-06-08T11:58:49Z
2371518,2005-08-03T18:04:59Z
2515784,2005-08-22T22:46:05Z
2525032,2005-08-24T02:47:40Z
3651324,2006-01-07T23:53:33Z
4534169,2006-03-27T16:48:06Z
4944810,2006-04-29T18:13:54Z
5212704,2006-05-19T23:51:41Z
5974662,2006-07-15T11:24:15Z
6390100,2006-08-11T11:19:35Z
7693358,2006-10-30T13:45:16Z
15935860,2008-02-24T21:37:12Z
16722187,2008-04-02T02:57:37Z
19855901,2008-10-20T07:18:07Z
22517558,2009-04-22T03:44:13Z
34077312,2011-12-16T13:35:54Z
63451675,2020-03-23T11:03:11Z
73200355,2023-03-04T01:18:12Z
6604,2001-09-29T15:55:57Z
25784,2001-07-31T18:58:09Z
26590,2002-01-24T16:48:48Z
155045,2002-12-06T08:34:20Z
195967,2003-03-13T23:19:02Z
226651,2003-05-13T22:55:57Z
228148,2003-05-16T20:24:51Z
264582,2003-07-10T13:43:27Z
291462,2003-08-08T00:54:15Z
299462,2003-08-19T02:05:51Z
342324,2003-10-16T18:17:23Z
502897,2004-03-03T22:21:03Z
586307,2004-04-09T20:46:19Z
885462,2004-08-08T13:07:00Z
984070,2004-09-14T05:20:27Z
1307221,2004-12-21T17:10:30Z
1451000,2005-01-31T07:10:20Z
1580594,2005-03-08T00:26:44Z
1650660,2005-03-26T07:46:49Z
1724836,2005-04-11T20:15:02Z
2021419,2004-10-25T11:12:16Z
2596545,2005-09-02T06:41:33Z
4946686,2006-04-29T21:16:53Z
5315359,2006-05-27T19:52:31Z
7373540,2006-10-10T00:55:58Z
9795530,2007-03-01T20:39:29Z
10053429,2007-03-14T17:31:06Z
19389837,2008-09-19T19:05:57Z
20991984,2009-01-07T16:28:18Z
25409,2001-08-10T18:12:32Z
25524,2001-05-10T14:58:53Z
25536,2001-10-30T17:07:10Z
25540,2001-05-16T10:33:50Z
26310,2001-11-30T16:52:55Z
41656,2002-02-26T00:07:31Z
47651,2002-04-04T15:33:30Z
233009,2003-05-24T10:57:02Z
522449,2004-03-12T22:11:05Z
530715,2004-03-16T15:04:56Z
544592,2004-03-22T19:31:35Z
863813,2004-07-28T19:49:50Z
874641,2004-08-03T03:52:51Z
981981,2004-09-13T12:43:28Z
982095,2004-09-13T13:37:29Z
986651,2004-09-15T02:15:52Z
1147690,2004-11-09T04:32:38Z
1405861,2005-01-17T22:48:30Z
1818326,2005-04-30T03:01:29Z
2083759,2005-06-21T05:20:12Z
2249718,2005-07-17T03:10:40Z
3292675,2005-12-01T15:36:13Z
3763850,2006-01-18T18:28:11Z
4705609,2006-04-11T13:09:20Z
5146476,2006-05-14T23:46:37Z
5988148,2006-07-16T16:06:01Z
6355948,2006-08-09T19:43:51Z
10306262,2007-03-27T16:53:29Z
10667750,2007-04-14T20:34:00Z
12223647,2007-07-12T18:54:49Z
12927068,2007-08-24T09:45:19Z
14566697,2007-12-05T04:21:38Z
15943873,2008-02-25T09:28:04Z
19378200,2008-09-16T18:30:07Z
20610136,2001-11-28T14:51:03Z
23799424,2009-07-30T11:24:30Z
26869030,2004-12-24T12:14:17Z
29043290,2010-10-03T19:34:17Z
33927556,2011-12-01T20:35:45Z
55867424,2017-11-23T06:14:45Z
59184147,2018-11-28T18:54:10Z
25754,2001-11-07T22:06:28Z
37835,2002-02-05T12:16:09Z
48334,2002-04-09T02:50:14Z
53847,2001-10-30T21:15:36Z
66723,2002-08-01T19:56:26Z
142535,2002-10-31T06:47:12Z
155961,2002-12-09T01:31:04Z
172566,2003-01-22T08:25:54Z
271046,2003-07-18T06:05:52Z
287885,2003-08-04T14:01:28Z
342649,2003-10-17T03:24:32Z
460235,2004-02-08T09:52:20Z
491962,2004-02-25T14:15:32Z
740618,2004-06-21T10:07:31Z
741836,2004-06-21T20:03:01Z
777072,2004-07-03T23:58:58Z
1207055,2004-11-25T02:51:16Z
1240961,2004-12-04T07:39:13Z
1531457,2005-02-21T04:28:48Z
2011912,2005-06-08T22:56:02Z
2650394,2005-09-10T01:17:35Z
2724082,2005-09-21T12:39:49Z
4481194,2006-03-22T22:37:42Z
4857139,2006-04-22T21:14:20Z
5071078,2006-05-09T04:07:51Z
7953419,2006-11-15T17:24:42Z
10368228,2007-03-30T10:48:30Z
14579135,2007-12-06T00:53:11Z
17941446,2008-06-14T17:26:55Z
18505995,2008-07-19T23:11:59Z
23424071,2009-06-29T00:09:41Z
32649239,2011-08-05T19:14:46Z
32845594,2011-08-23T20:32:33Z
40675045,2013-10-01T02:25:35Z
49542583,2016-02-25T11:42:42Z
53305266,2017-02-25T13:01:23Z
75229858,2023-11-05T13:19:20Z
25453,2001-08-11T01:04:16Z
25875,2001-08-27T17:13:09Z
41665,2002-02-26T00:08:40Z
44593,2002-03-16T11:06:28Z
54124,2002-05-29T20:28:04Z
57174,2002-06-15T03:01:37Z
59853,2002-06-27T22:26:19Z
175217,2003-01-27T15:24:53Z
209948,2003-04-13T17:38:26Z
247120,2003-06-16T03:57:34Z
250265,2003-06-20T16:06:34Z
298454,2003-08-17T16:09:02Z
412735,2003-12-24T03:45:30Z
520591,2004-03-11T22:49:51Z
528823,2004-03-15T18:22:03Z
534675,2004-03-18T11:54:09Z
625226,2004-04-29T18:11:15Z
1169924,2004-11-14T23:42:30Z
1318086,2004-12-23T20:30:17Z
1671672,2005-03-30T21:36:09Z
1717346,2005-04-10T05:01:34Z
1956359,2005-05-29T01:23:51Z
2262293,2005-07-19T02:08:35Z
2915538,2005-10-15T22:12:03Z
3031501,2005-10-30T00:01:12Z
4065672,2006-02-14T05:30:54Z
4604792,2006-04-02T19:38:32Z
7497490,2006-10-18T07:46:17Z
12440145,2007-07-25T12:41:44Z
14905844,2007-12-27T15:32:26Z
16589698,2008-03-26T11:34:05Z
18935488,2001-04-07T20:18:21Z
23868856,2002-06-16T05:20:29Z
23994165,2009-08-15T17:46:17Z
28193769,2010-07-29T17:54:04Z
34201932,2011-12-28T00:24:25Z
25766,2001-10-13T13:08:30Z
26073,2002-02-25T15:51:15Z
26463,2002-02-25T15:43:11Z
36979,2002-02-25T15:43:11Z
144652,2002-11-06T14:37:51Z
193130,2003-03-07T20:57:01Z
195243,2003-03-12T14:10:12Z
221536,2003-05-04T21:14:51Z
276582,2003-07-24T19:08:00Z
324305,2003-09-21T23:10:25Z
422228,2004-01-06T04:47:37Z
455769,2004-02-05T09:07:48Z
497007,2004-03-01T12:35:22Z
505791,2004-03-05T04:39:20Z
533365,2004-03-17T21:21:41Z
547220,2004-03-23T21:58:33Z
714908,2004-06-10T16:57:32Z
1252019,2004-12-07T08:39:54Z
1543903,2005-02-25T10:21:36Z
2924177,2005-10-17T02:21:15Z
4372011,2006-03-12T23:20:38Z
6068797,2006-07-22T12:49:02Z
9543027,2007-02-16T17:41:40Z
9889621,2007-03-06T06:24:36Z
24718,2001-11-24T20:14:04Z
25897,2001-09-06T09:22:06Z
26404,2001-12-16T15:35:23Z
48404,2001-10-09T17:15:20Z
90117,2002-09-23T23:45:31Z
102920,2002-10-12T22:49:36Z
166931,2003-01-08T17:56:59Z
177700,2003-02-02T00:52:47Z
219072,2003-04-30T17:08:25Z
250424,2003-06-20T22:21:16Z
539962,2004-03-20T21:02:45Z
584118,2004-04-08T17:27:45Z
909227,2004-08-18T09:56:23Z
921148,2004-08-22T20:28:08Z
977592,2004-09-11T21:53:18Z
2244316,2005-07-16T03:45:36Z
3345336,2003-01-18T19:28:04Z
3966984,2006-02-05T12:21:24Z
3984833,2002-02-25T15:43:11Z
5737907,2006-06-27T23:42:43Z
8173057,2006-11-29T01:55:48Z
9594699,2007-02-19T17:44:47Z
12583047,2007-08-02T20:00:28Z
18842395,2001-11-09T11:21:53Z
24462958,2002-02-25T15:43:11Z
25781,2001-10-03T10:19:59Z
61097,2002-07-09T00:48:03Z
175885,2003-01-28T23:05:37Z
623112,2004-04-28T13:09:38Z
1167036,2004-11-14T03:15:51Z
1318031,2004-12-23T20:21:55Z
1347601,2004-12-31T13:36:05Z
1657350,2005-03-27T23:52:11Z
2629669,2005-09-06T22:21:26Z
2713327,2005-09-20T07:21:57Z
2885691,2005-10-11T20:49:11Z
3206351,2005-11-20T18:32:44Z
3282143,2005-11-30T12:37:12Z
3750671,2006-01-17T14:57:52Z
3977472,2006-02-06T09:57:20Z
4055998,2006-02-13T00:55:57Z
8434470,2006-12-14T12:19:35Z
10366375,2007-03-30T07:40:22Z
10474719,2007-04-05T12:24:09Z
15513890,2008-01-31T07:24:54Z
20903754,2002-03-30T01:04:29Z
22944997,2009-05-25T10:58:01Z
26118,2001-10-18T19:15:58Z
26301,2001-11-28T00:09:13Z
52686,2001-08-17T14:28:45Z
56333,2002-06-12T10:44:51Z
234938,2003-05-27T15:39:47Z
240105,2003-06-04T18:44:37Z
252926,2003-06-25T20:10:26Z
262135,2003-07-06T13:10:31Z
514355,2004-03-09T02:25:26Z
558397,2004-03-27T22:24:54Z
569850,2004-04-01T19:30:44Z
676502,2004-05-24T07:37:56Z
39789,2002-02-19T11:01:21Z
66819,2002-08-02T05:40:50Z
93831,2002-09-28T14:17:22Z
172482,2003-01-22T04:08:42Z
231237,2003-05-21T18:52:13Z
334990,2001-10-31T19:45:32Z
344173,2003-10-18T19:49:38Z
432450,2004-01-16T04:58:34Z
434166,2004-01-18T01:12:46Z
438602,2004-01-22T04:35:27Z
459426,2004-02-07T21:29:16Z
531239,2002-04-10T11:43:13Z
701096,2004-06-03T12:49:30Z
741020,2004-06-21T14:39:18Z
741856,2004-06-21T20:20:21Z
1149802,2004-11-09T19:04:15Z
1466591,2005-02-04T19:40:34Z
1527574,2005-02-20T03:14:03Z
1634778,2005-03-22T10:45:45Z
2613688,2005-09-04T18:08:14Z
3096395,2005-11-06T22:08:33Z
5670189,2006-06-22T19:32:58Z
5839439,2006-07-05T14:33:09Z
6892610,2006-09-08T01:40:37Z
7145034,2006-09-25T05:22:52Z
7517878,2006-10-19T17:01:18Z
8796235,2007-01-07T00:37:37Z
9797479,2007-03-01T22:31:42Z
25599,2001-05-17T13:20:40Z
25748,2001-10-03T19:39:00Z
48043,2002-04-07T01:27:41Z
195353,2003-03-12T21:10:27Z
219794,2003-05-01T21:42:24Z
418151,2004-01-02T05:06:24Z
982231,2004-09-13T14:51:20Z
1705432,2005-04-07T17:11:18Z
1836311,2005-05-03T21:49:41Z
2228572,2005-07-13T21:56:27Z
2573268,2005-08-30T04:47:36Z
2633283,2005-09-07T11:02:38Z
2676793,2005-09-14T09:21:18Z
2917162,2005-10-16T03:06:03Z
3001409,2005-10-26T07:41:07Z
4038861,2006-02-11T17:18:56Z
4167400,2006-02-23T02:18:59Z
4243352,2006-03-01T23:09:40Z
25391,2001-10-31T13:02:12Z
25431,2001-09-29T15:19:47Z
26477,2002-01-03T21:05:48Z
26872,2001-09-18T10:04:25Z
62437,2002-07-17T03:13:39Z
165094,2003-01-04T05:48:31Z
246806,2003-06-15T17:18:18Z
252311,2003-06-24T19:21:49Z
432620,2004-01-16T09:34:24Z
449077,2004-01-31T13:26:55Z
925802,2004-08-24T12:23:35Z
1612844,2005-03-16T11:13:30Z
2701007,2005-09-18T11:26:39Z
3459279,2005-12-18T10:29:16Z
4136796,2006-02-20T06:41:12Z
4449147,2006-03-19T23:41:47Z
6392749,2006-08-11T15:30:31Z
8954400,2007-01-16T16:56:59Z
14834934,2007-12-22T07:26:31Z
19839947,2008-10-19T03:00:09Z
34119939,2011-12-19T10:11:19Z
35943195,2012-05-26T13:32:47Z
37154652,2012-09-28T18:57:45Z
44206598,2014-10-25T03:38:15Z
51997474,2016-10-14T22:27:44Z
57690020,2018-06-15T16:15:13Z
26932,2001-09-16T10:00:09Z
26985,2001-05-07T22:19:56Z
27558,2001-10-24T17:06:51Z
28143,2002-02-16T12:29:19Z
29004,2001-06-28T06:40:13Z
29278,2001-12-17T03:48:44Z
36984,2002-02-25T15:43:11Z
46178,2002-03-27T09:22:22Z
180251,2003-02-07T08:41:07Z
204420,2003-04-01T06:48:04Z
205479,2003-04-03T20:06:27Z
207336,2003-04-08T09:27:25Z
232244,2003-05-23T05:30:08Z
234796,2003-05-27T09:20:57Z
337353,2003-10-09T07:30:39Z
347411,2003-10-22T23:42:44Z
367399,2003-11-15T16:14:45Z
534490,2004-03-18T07:32:17Z
640249,2004-05-07T08:46:25Z
884723,2004-08-08T01:20:24Z
1342696,2004-12-30T01:46:59Z
2574343,2005-08-30T08:51:17Z
3132557,2005-11-11T07:12:30Z
3709962,2006-01-13T16:21:36Z
5611211,2006-06-18T11:28:31Z
6179053,2006-07-30T02:55:34Z
6373390,2006-08-10T17:44:40Z
6381951,2006-08-11T00:39:47Z
9809908,2007-03-02T16:10:00Z
11594091,2007-06-04T20:43:47Z
14503148,2007-11-30T22:08:24Z
18694635,2008-08-02T21:44:54Z
17692,2002-02-25T15:51:15Z
22958,2001-03-24T16:40:04Z
27121,2001-05-17T14:24:46Z
27683,2001-07-27T03:41:29Z
27698,2001-07-27T07:02:08Z
27772,2001-08-02T15:36:29Z
108139,2002-10-18T14:41:19Z
149336,2002-11-20T13:51:17Z
160361,2002-12-21T23:26:04Z
184729,2003-02-18T08:47:02Z
188863,2003-02-26T20:58:26Z
201605,2003-03-26T09:22:29Z
205562,2003-04-03T23:54:16Z
234146,2003-05-26T07:17:44Z
264937,2003-07-11T00:53:37Z
265062,2003-07-11T06:38:27Z
410530,2003-12-21T21:01:49Z
520670,2004-03-11T23:23:48Z
571325,2004-04-02T09:11:04Z
1776839,2005-04-21T21:46:29Z
1955561,2005-05-28T21:45:55Z
2023375,2005-06-11T02:53:53Z
2286508,2005-07-22T12:59:05Z
2674010,2005-09-13T21:26:51Z
3989781,2006-02-07T12:24:38Z
6975037,2006-09-13T12:54:25Z
8416361,2006-12-13T08:40:30Z
10005756,2007-03-12T02:58:39Z
13811803,2007-10-19T20:24:31Z
17540734,2008-05-21T10:45:53Z
26740,2001-03-05T18:43:13Z
27116,2001-05-17T13:03:24Z
44101,2002-03-13T00:42:22Z
44179,2002-03-13T10:20:09Z
44474,2001-11-05T01:14:39Z
49526,2002-04-18T00:01:00Z
65228,2002-07-27T16:17:17Z
67066,2002-08-02T21:36:40Z
70401,2002-08-11T07:47:57Z
164483,2003-01-03T08:06:17Z
198843,2003-03-19T23:57:45Z
211386,2003-04-16T07:56:55Z
244373,2003-06-12T03:02:55Z
285622,2003-07-31T23:47:14Z
297672,2003-08-16T14:32:36Z
387135,2003-12-04T06:53:56Z
412544,2003-12-23T22:50:22Z
555225,2004-03-26T21:26:17Z
769503,2004-07-01T16:33:55Z
922079,2004-08-23T02:36:15Z
1184557,2004-11-18T20:31:05Z
1371087,2005-01-07T13:33:55Z
1515653,2005-02-17T02:04:38Z
1573372,2005-03-05T21:57:28Z
1786805,2005-04-23T20:14:39Z
2159714,2005-07-03T02:52:02Z
2595223,2005-09-02T01:44:59Z
2719753,2005-09-20T22:38:20Z
2973295,2005-10-22T20:03:57Z
3588331,2006-01-01T18:18:55Z
3588425,2006-01-01T18:32:37Z
3976372,2006-02-06T06:29:54Z
16168699,2008-03-07T23:45:01Z
17800413,2008-06-06T02:11:22Z
26700,2001-10-15T17:23:57Z
26833,2001-10-15T03:48:25Z
27790,2001-10-31T00:05:41Z
27856,2001-08-15T00:27:00Z
28119,2001-09-27T00:39:32Z
29507,2002-01-11T17:52:28Z
39872,2002-02-20T01:57:02Z
43530,2002-03-09T20:16:51Z
59874,2001-09-28T17:43:38Z
165923,2003-01-06T05:07:14Z
201657,2003-03-26T20:18:00Z
217281,2003-04-27T07:39:58Z
227130,2003-05-14T20:06:30Z
229063,2003-05-18T10:58:25Z
234113,2003-05-26T06:00:15Z
234653,2003-05-27T02:02:07Z
244629,2003-06-12T14:08:08Z
326324,2003-09-24T20:24:30Z
338705,2003-10-11T09:32:00Z
339716,2003-10-12T22:00:41Z
364754,2003-11-12T19:03:57Z
379241,2003-11-25T21:07:05Z
411590,2003-12-23T01:03:47Z
419200,2004-01-03T15:02:43Z
423727,2004-01-07T19:55:44Z
1640288,2005-03-23T18:45:01Z
1972332,2005-06-01T15:32:10Z
3465896,2005-12-19T02:25:25Z
3469897,2005-12-19T13:43:58Z
4735110,2006-04-13T16:11:21Z
39963253,2013-07-14T17:39:36Z
26933,2001-09-09T20:12:16Z
26994,2001-10-01T21:24:34Z
26997,2001-05-14T22:58:38Z
28249,2001-10-30T21:44:03Z
59827,2002-06-27T20:23:17Z
62529,2002-07-17T14:07:50Z
167647,2003-01-10T18:12:35Z
204511,2003-04-01T11:54:05Z
230613,2003-05-20T17:29:29Z
233500,2003-05-25T06:55:05Z
270804,2003-07-17T20:41:38Z
291731,2003-08-08T09:40:02Z
343225,2003-10-17T20:10:32Z
450749,2004-02-01T18:49:29Z
487090,2004-02-24T22:06:20Z
712625,2004-06-09T20:21:02Z
826258,2004-07-15T05:03:02Z
845208,2004-07-20T17:31:09Z
899880,2004-08-14T10:49:09Z
1189275,2004-11-20T01:33:30Z
1212631,2004-11-26T19:18:32Z
1318037,2004-12-23T20:23:14Z
1471816,2005-02-06T05:06:11Z
1588451,2005-03-10T00:59:10Z
1599160,2005-03-12T23:19:54Z
2018420,2005-06-10T04:39:06Z
2048173,2005-06-15T02:53:34Z
3587830,2006-01-01T17:05:09Z
4878884,2006-04-24T15:23:11Z
9923096,2007-03-08T00:39:10Z
11220518,2007-05-14T13:07:48Z
17863375,2008-06-09T22:54:33Z
18841931,2002-05-30T10:37:34Z
14553,2001-02-19T10:18:40Z
26873,2001-07-27T08:02:47Z
28730,2001-10-31T10:30:55Z
37694,2002-02-04T15:11:18Z
41684,2002-02-26T00:11:25Z
44412,2002-03-14T18:32:19Z
60343,2002-07-03T23:48:23Z
133017,2002-10-24T19:45:24Z
182779,2003-02-13T18:38:24Z
227500,2003-05-15T18:44:39Z
255244,2003-06-30T02:36:55Z
423063,2004-01-07T01:24:37Z
464075,2004-02-10T22:58:19Z
554992,2004-03-26T19:59:35Z
606491,2004-04-19T19:00:20Z
649475,2004-05-12T06:06:15Z
851297,2004-07-23T05:06:07Z
938894,2004-08-29T01:53:23Z
1467336,2005-02-04T23:16:56Z
1736264,2005-04-13T22:51:24Z
2471540,2005-08-17T02:42:50Z
3285022,2005-11-30T20:10:40Z
3902813,2006-01-31T02:38:55Z
3907256,2006-01-31T12:50:03Z
6660237,2006-08-24T15:50:23Z
7579959,2006-10-23T08:59:38Z
11348614,2007-05-22T01:00:11Z
14856188,2007-12-23T23:26:27Z
18597983,2002-03-27T12:41:52Z
24873453,2001-04-26T02:00:08Z
24883009,2009-10-29T04:05:57Z
25792968,2010-01-13T15:36:45Z
29015809,2010-10-01T09:55:31Z
42081426,2014-03-01T13:28:52Z
77513510,2024-08-03T13:03:50Z
27117,2001-10-23T05:05:55Z
28935,2001-11-21T10:13:36Z
29109,2001-12-06T19:25:01Z
29123,2001-12-07T19:03:39Z
29352,2002-02-25T15:51:15Z
29549,2002-01-15T05:20:27Z
73161,2002-08-18T21:27:38Z
146075,2002-11-11T07:19:14Z
150497,2002-11-24T05:43:24Z
200646,2003-03-24T01:10:12Z
245926,2003-06-14T06:45:48Z
286947,2003-08-03T05:57:46Z
394392,2003-12-09T06:59:02Z
407234,2003-12-18T20:23:30Z
422247,2004-01-06T05:04:23Z
440906,2004-01-24T15:33:24Z
657145,2004-05-15T21:54:03Z
1800557,2005-04-26T16:50:43Z
2256058,2005-07-18T04:28:00Z
2256072,2005-07-18T04:31:43Z
2456297,2005-08-15T02:20:16Z
2565475,2005-08-29T03:22:29Z
2798935,2005-09-30T07:04:50Z
3526032,2005-12-25T22:30:15Z
4671574,2006-04-08T10:19:49Z
5296809,2006-05-26T06:17:05Z
16640926,2008-03-28T16:30:12Z
18931065,2008-08-19T11:13:34Z
23332738,2003-09-20T17:19:42Z
67902375,2021-06-09T10:49:58Z
27709,2001-07-27T15:35:39Z
27838,2001-08-31T01:02:54Z
27855,2001-08-14T23:41:03Z
40344,2002-02-22T17:31:59Z
164607,2003-01-03T16:04:46Z
217773,2003-04-28T02:59:14Z
235757,2003-05-28T15:57:31Z
292067,2003-08-08T22:07:30Z
379234,2003-11-25T21:00:15Z
458202,2004-02-07T04:33:56Z
769082,2008-09-20T18:05:54Z
782890,2004-07-05T16:25:10Z
1187487,2004-11-19T15:50:15Z
1461077,2005-02-03T01:04:42Z
2308124,2005-07-25T21:59:32Z
2534964,2005-08-25T10:53:09Z
2833933,2005-10-04T20:13:38Z
3480477,2005-12-20T14:52:02Z
3860688,2006-01-27T04:44:52Z
4273222,2006-03-04T12:56:58Z
4536125,2006-03-27T20:28:27Z
6286608,2006-08-06T04:13:08Z
13091426,2007-09-04T12:04:19Z
13329722,2007-09-18T19:30:32Z
13536810,2007-10-02T15:20:19Z
23409699,2001-11-04T20:28:09Z
23416874,2001-10-14T08:52:18Z
34880278,2004-11-13T23:49:06Z
37899191,2012-12-11T17:40:59Z
44626050,2014-12-07T10:07:12Z
62607005,2019-12-17T19:16:41Z
15287,2001-04-17T07:04:08Z
26691,2001-01-29T00:57:28Z
27162,2001-05-20T05:29:02Z
27553,2002-10-28T14:48:41Z
27730,2001-07-27T23:56:27Z
28555,2001-10-15T23:58:03Z
42116,2002-02-27T13:39:01Z
63551,2002-07-22T22:02:49Z
181586,2003-02-11T00:04:48Z
194114,2003-03-09T21:17:26Z
201127,2003-03-25T01:59:33Z
210315,2003-04-14T07:31:56Z
270770,2003-07-17T19:10:24Z
274635,2003-07-21T22:28:47Z
325496,2003-09-23T10:28:33Z
327487,2003-09-26T06:33:42Z
666924,2004-05-20T03:29:38Z
1152204,2004-11-10T11:00:32Z
1732930,2005-04-13T12:05:37Z
2023494,2005-06-11T03:31:14Z
2060863,2005-06-17T05:21:14Z
2229884,2005-07-14T02:44:25Z
3042572,2005-10-31T04:44:12Z
3042573,2005-10-31T04:44:57Z
3055133,2005-11-01T16:52:54Z
3509530,2005-12-23T15:50:10Z
3665974,2006-01-09T11:00:07Z
4692895,2006-04-10T12:54:08Z
7713778,2006-10-31T19:10:47Z
7970283,2006-11-16T18:28:04Z
8440094,2006-12-14T20:27:04Z
15532885,2008-02-01T08:24:13Z
18167156,2008-06-27T21:01:48Z
18889535,2008-08-16T10:01:46Z
20097070,2008-11-06T17:29:36Z
33566568,2011-10-29T09:19:32Z
54042070,2017-05-14T13:37:45Z
26805,2001-10-10T16:46:28Z
27546,2001-09-11T12:38:21Z
29252,2001-12-14T17:15:13Z
29369,2001-11-07T16:03:14Z
44211,2002-03-13T14:16:34Z
49414,2002-04-17T10:40:41Z
146081,2002-11-11T07:52:47Z
160402,2002-12-22T00:50:56Z
169191,2003-01-15T03:34:05Z
245466,2003-06-13T16:33:55Z
411851,2003-12-23T06:12:50Z
445914,2004-01-28T20:00:03Z
1055357,2004-10-10T19:30:10Z
1091113,2004-10-22T02:35:32Z
1207316,2004-11-25T04:40:48Z
2241482,2005-07-15T19:00:35Z
2645309,2005-09-09T05:47:05Z
2690983,2005-09-16T20:51:24Z
5039858,2006-05-07T01:11:30Z
5838030,2006-07-05T11:53:37Z
6232594,2006-08-02T19:32:10Z
7837152,2006-11-08T12:03:22Z
9157067,2007-01-28T02:03:29Z
9210865,2007-01-30T19:44:02Z
11593538,2007-06-04T20:14:04Z
16079692,2003-01-06T04:53:07Z
16425950,2008-03-20T08:19:56Z
20646704,2003-02-17T15:34:00Z
21304415,2001-11-30T16:52:22Z
31857185,2011-05-23T05:08:30Z
35278891,2012-03-31T00:38:08Z
36674491,2012-08-09T14:48:36Z
41565739,2014-01-06T17:25:45Z
61653069,2019-08-31T22:17:41Z
61777682,2019-09-14T16:20:54Z
66914990,2021-02-26T19:24:07Z
27008,2001-11-04T02:20:10Z
27739,2001-07-29T01:00:56Z
51668,2002-05-08T04:13:14Z
55037,2002-06-05T17:45:44Z
146253,2002-11-12T06:02:04Z
207348,2003-04-08T10:18:05Z
217119,2003-04-27T02:25:59Z
218596,2003-04-29T18:32:33Z
235898,2003-05-28T20:05:08Z
264502,2003-07-10T08:52:08Z
295148,2003-08-12T23:25:17Z
319168,2003-09-15T17:34:46Z
337004,2003-10-08T21:21:43Z
356718,2003-11-04T16:44:58Z
437619,2004-01-21T12:18:26Z
600368,2004-04-16T15:10:25Z
769055,2004-07-01T13:06:59Z
827736,2004-07-15T21:01:37Z
1051985,2004-10-09T09:20:36Z
1059378,2004-10-12T01:39:19Z
1575447,2005-03-06T12:16:51Z
1586075,2005-03-09T11:02:12Z
1982853,2005-06-03T12:28:25Z
2025989,2005-06-11T18:17:08Z
2190008,2005-07-07T22:30:55Z
2467163,2005-08-16T15:57:08Z
3232268,2005-11-24T13:01:47Z
4692441,2006-04-10T11:48:47Z
7139621,2006-09-24T20:45:48Z
9620077,2007-02-21T02:18:36Z
10004409,2007-03-12T01:40:42Z
10675964,2007-04-15T05:28:50Z
11443297,2007-05-26T23:35:34Z
11811193,2007-06-17T05:10:34Z
17158563,2002-02-25T15:43:11Z
20545778,2008-12-04T18:55:03Z
22162602,2009-03-27T17:23:44Z
28944,2001-11-21T21:43:54Z
41985,2002-02-26T15:45:58Z
48837,2002-04-12T14:29:30Z
57484,2002-06-15T23:34:03Z
61708,2002-07-12T21:11:39Z
87210,2002-09-18T12:31:19Z
200033,2003-03-22T20:52:24Z
246027,2003-06-14T11:35:19Z
307875,2003-08-30T13:27:28Z
408201,2003-12-19T18:58:13Z
650522,2004-05-12T20:04:43Z
875418,2004-08-03T14:31:09Z
1035915,2004-10-03T05:49:08Z
1040920,2004-10-05T03:56:57Z
1152896,2004-11-10T14:05:33Z
1717012,2005-04-10T03:04:22Z
2208839,2005-07-10T22:50:10Z
2364729,2005-08-02T21:43:11Z
2412780,2005-08-09T10:04:43Z
2641081,2005-09-08T15:02:18Z
2662420,2005-09-11T20:36:08Z
2953464,2005-10-20T14:35:35Z
3674400,2006-01-10T07:24:12Z
4404009,2006-03-15T21:15:42Z
5500144,2006-06-10T01:29:50Z
7102636,2006-09-22T02:52:06Z
7651709,2006-10-27T19:28:37Z
8529117,2006-12-20T13:52:14Z
11978657,2007-06-27T17:42:07Z
15572513,2008-02-03T17:12:43Z
19341812,2008-09-16T09:55:05Z
31109470,2003-02-01T13:19:22Z
37478174,2009-03-13T11:34:24Z
40385399,2013-08-29T03:41:05Z
42998728,2014-06-08T10:13:07Z
62714703,2020-01-01T18:25:47Z
26976,2001-05-03T23:08:35Z
27114,2001-05-17T12:52:44Z
28857,2001-11-11T08:37:09Z
29324,2002-02-25T15:51:15Z
36891,2002-01-28T14:38:12Z
41703,2002-02-26T00:13:57Z
41706,2002-02-26T00:14:22Z
51510,2002-05-06T02:59:40Z
170406,2003-01-17T23:09:15Z
188972,2003-02-27T01:26:37Z
225256,2003-05-11T18:15:56Z
246507,2003-06-15T02:17:41Z
275871,2003-07-23T16:56:23Z
319515,2003-09-16T05:23:01Z
419250,2004-01-03T17:20:35Z
496360,2004-03-01T02:17:25Z
938602,2004-08-28T23:03:08Z
965373,2004-09-07T09:11:01Z
1085174,2004-10-20T03:18:57Z
3246948,2005-11-26T17:18:44Z
3319766,2005-12-04T15:15:48Z
3328072,2005-12-05T11:11:55Z
4113782,2006-02-18T07:10:26Z
4602956,2006-04-02T15:59:32Z
4665849,2006-04-07T22:13:32Z
4665958,2006-04-07T22:25:02Z
4666045,2006-04-07T22:37:28Z
4984674,2006-05-02T19:43:16Z
5988682,2006-07-16T17:02:47Z
7951270,2006-11-15T14:09:35Z
8435509,2006-12-14T14:28:38Z
15175696,2008-01-12T06:49:35Z
22262277,2009-04-03T03:12:30Z
28002,2001-09-05T16:07:27Z
28437,2001-10-03T22:49:11Z
43444,2002-03-09T04:13:32Z
46096,2001-12-01T10:29:49Z
172244,2003-01-21T16:20:19Z
227100,2003-05-14T19:01:31Z
250436,2003-06-20T23:15:10Z
324749,2003-09-22T09:52:31Z
449669,2004-01-31T21:55:24Z
488812,2004-02-25T12:43:31Z
763951,2004-06-29T15:45:11Z
1031149,2004-10-01T03:17:52Z
1044787,2004-10-06T17:22:59Z
1151599,2004-11-10T04:32:11Z
2041176,2005-06-14T03:20:15Z
2172106,2005-07-05T06:53:43Z
2269070,2005-07-19T23:53:36Z
2593771,2005-09-01T21:04:24Z
3139931,2005-11-12T05:04:34Z
3306795,2005-12-03T02:52:31Z
4171738,2006-02-23T13:05:53Z
4662815,2006-04-07T17:16:37Z
4665611,2006-04-07T21:51:43Z
4666319,2006-04-07T23:05:17Z
4666370,2006-04-07T23:10:50Z
7779171,2006-11-04T22:52:18Z
27609,2001-07-04T17:26:32Z
27978,2001-09-03T11:19:49Z
28212,2001-09-23T02:34:59Z
28489,2001-10-09T07:51:24Z
29048,2001-12-02T18:18:11Z
29398,2001-12-31T06:44:52Z
57409,2002-06-15T17:49:45Z
65041,2002-07-26T21:56:34Z
145020,2002-11-07T23:27:10Z
185713,2003-02-20T18:08:34Z
227049,2003-05-14T16:40:28Z
261642,2003-07-05T17:01:46Z
380541,2003-11-27T03:28:08Z
381798,2003-11-28T11:20:16Z
459163,2004-02-07T18:45:10Z
471607,2004-02-16T05:32:31Z
505187,2004-03-04T22:15:00Z
581763,2004-04-07T10:13:40Z
625232,2004-04-29T18:15:02Z
682001,2004-05-26T22:44:40Z
779683,2004-07-04T14:54:12Z
1268839,2004-12-12T08:55:06Z
1390921,2005-01-12T22:04:45Z
2256109,2005-07-18T04:40:53Z
3112173,2005-11-08T22:03:11Z
3480112,2005-12-20T13:55:58Z
4535185,2005-04-28T00:58:12Z
7586825,2006-10-23T19:38:07Z
9403552,2007-02-09T12:19:57Z
25111257,2009-11-17T14:41:02Z
26086272,2010-02-06T01:41:09Z
26207504,2008-02-03T17:19:01Z
33604595,2011-11-01T16:22:33Z
34431856,2012-01-20T12:19:31Z
49946142,2016-03-25T21:32:01Z
26757,2001-10-17T21:55:15Z
27834,2001-08-10T23:06:29Z
28422,2001-10-16T09:32:26Z
28743,2001-10-30T11:45:38Z
29368,2002-01-10T20:48:15Z
29485,2002-01-10T06:22:32Z
41720,2002-02-26T00:16:18Z
44214,2002-03-13T14:26:55Z
55076,2002-05-10T02:57:58Z
168859,2003-01-14T02:35:07Z
195193,2003-03-12T07:55:33Z
198813,2003-03-19T21:55:29Z
250438,2003-06-20T23:18:31Z
257916,2003-07-03T02:10:44Z
262712,2003-07-07T10:20:45Z
316061,2003-09-11T15:55:45Z
334639,2003-10-04T18:28:27Z
371255,2003-11-18T13:12:51Z
481056,2004-02-21T22:47:54Z
499822,2004-03-02T19:22:45Z
627008,2004-04-30T14:16:54Z
746497,2004-06-23T10:59:35Z
759690,2004-06-28T01:24:06Z
1274305,2004-12-13T23:11:37Z
9491546,2007-02-14T00:07:34Z
9690068,2007-02-24T15:32:58Z
12045340,2007-07-02T01:36:39Z
12253897,2007-07-14T21:06:33Z
13244212,2007-09-13T09:09:15Z
27000,2001-05-10T12:40:03Z
27001,2001-05-10T12:44:05Z
28191,2001-09-20T11:11:02Z
29354,2001-12-25T00:53:32Z
42964,2001-09-20T09:02:22Z
64861,2002-07-26T10:10:40Z
99610,2002-10-05T10:29:49Z
167079,2003-01-09T02:17:25Z
205363,2003-04-03T12:56:21Z
300381,2003-08-20T04:45:45Z
492249,2004-02-28T04:05:32Z
735603,2004-06-18T21:09:57Z
796765,2004-07-08T08:55:42Z
975110,2004-09-10T22:13:46Z
1353537,2005-01-02T05:19:56Z
1375425,2005-01-08T21:27:02Z
1408000,2003-08-09T00:32:06Z
1731760,2005-04-13T04:10:29Z
2290836,2005-07-23T01:52:33Z
2319202,2005-07-27T12:36:02Z
2418412,2005-08-10T02:54:45Z
2426926,2005-08-11T04:55:14Z
2599511,2005-09-02T18:05:57Z
2765707,2005-09-26T06:50:59Z
2830028,2005-10-04T05:49:06Z
3078795,2005-11-04T16:05:39Z
3869419,2006-01-28T00:40:03Z
4446652,2006-03-19T19:39:15Z
5594272,2006-06-17T01:17:20Z
5615727,2006-06-18T20:26:15Z
6661422,2006-08-24T16:34:23Z
7804943,2006-11-06T15:01:00Z
11201108,2007-05-13T07:39:09Z
13201685,2007-09-10T18:29:03Z
23607823,2003-05-09T05:18:45Z
32435597,2011-07-16T18:27:36Z
35122793,2012-03-18T13:28:42Z
57733835,2018-06-21T15:07:38Z
26781,2001-01-28T00:23:41Z
26826,2001-09-15T20:42:00Z
27919,2001-08-24T07:00:50Z
29082,2002-02-25T15:51:15Z
37235,2002-02-01T05:48:43Z
155725,2002-12-08T10:27:35Z
217104,2003-04-27T02:03:45Z
222034,2003-05-05T19:41:32Z
285943,2003-08-01T14:31:20Z
420088,2004-01-04T09:15:20Z
509500,2004-03-07T02:36:35Z
611964,2004-04-22T13:41:37Z
901291,2004-08-15T03:32:16Z
1144848,2004-11-08T14:06:37Z
1145374,2004-11-08T17:01:10Z
1416993,2005-01-21T12:33:49Z
1448322,2005-01-30T15:37:40Z
1488243,2005-02-10T03:55:08Z
1571390,2005-03-05T08:04:20Z
1745670,2005-04-15T20:09:26Z
1967733,2005-05-31T15:01:54Z
2094862,2005-06-22T19:57:05Z
2597108,2005-09-02T09:52:22Z
2853188,2005-10-07T08:49:03Z
4251626,2006-03-02T17:01:16Z
4735888,2006-04-13T17:10:58Z
5781408,2006-07-01T04:34:36Z
10977439,2007-04-30T03:54:44Z
12739514,2007-08-12T17:56:32Z
19287564,2004-03-25T19:08:04Z
23476797,2002-04-11T20:57:58Z
52778,2002-05-21T11:29:02Z
57877,2002-06-17T22:03:25Z
80207,2002-09-03T21:54:27Z
155726,2002-12-08T10:27:51Z
200310,2003-03-23T12:21:41Z
209959,2003-04-13T18:03:38Z
407615,2003-12-19T02:59:48Z
521877,2004-03-12T15:58:57Z
794439,2004-07-07T17:34:29Z
976723,2004-09-11T15:32:12Z
1224339,2004-11-29T23:37:01Z
1305835,2004-12-21T09:59:47Z
1378708,2005-01-09T19:25:15Z
1397202,2005-01-14T22:57:43Z
1906074,2005-05-18T20:35:05Z
2010826,2005-06-08T19:23:25Z
2010836,2005-06-08T19:24:53Z
2011471,2005-06-08T21:33:03Z
2102274,2005-06-23T20:18:40Z
2172265,2005-07-05T07:51:06Z
2702964,2005-09-18T20:11:07Z
2851992,2005-10-07T04:21:27Z
2852014,2005-10-07T04:25:10Z
2869867,2005-10-09T15:47:57Z
3428100,2005-12-15T11:27:58Z
3482079,2005-12-20T18:39:19Z
4006161,2006-02-08T21:21:14Z
4694080,2006-04-10T15:24:54Z
4715314,2006-04-12T04:54:47Z
5309,2001-10-18T13:51:09Z
27010,2001-11-14T18:21:53Z
27488,2001-06-05T06:18:17Z
29090,2001-12-05T13:57:33Z
37085,2002-01-30T18:31:01Z
37738,2002-02-05T07:43:26Z
48364,2002-04-09T07:40:58Z
165180,2003-01-04T14:40:55Z
223325,2003-05-08T13:45:37Z
248932,2003-06-18T18:57:50Z
288209,2003-08-04T23:31:37Z
297999,2003-08-17T00:13:30Z
300558,2003-08-20T11:17:51Z
430106,2004-01-14T02:14:12Z
665989,2004-05-19T20:37:34Z
699718,2004-06-02T22:56:29Z
768211,2004-07-01T02:17:02Z
780960,2004-07-05T00:42:51Z
1090852,2004-10-22T00:35:07Z
1301906,2004-12-20T10:13:31Z
1478707,2005-02-07T22:35:22Z
1843409,2005-05-05T03:49:00Z
3323271,2005-12-04T22:41:25Z
4016710,2006-02-09T18:37:59Z
4156794,2006-02-22T03:16:26Z
4410074,2006-03-16T10:08:53Z
4686654,2006-04-09T17:58:26Z
4715070,2006-04-12T04:22:44Z
6152185,2006-07-28T05:07:42Z
6587377,2006-08-21T07:02:02Z
9570763,2007-02-18T06:19:52Z
10768456,2007-04-19T04:03:32Z
14743352,2007-12-17T06:47:56Z
23407868,2001-06-05T06:06:38Z
28336398,2010-08-11T22:19:05Z
29580127,2005-04-22T14:18:51Z
33408418,2011-10-14T14:45:13Z
44627019,2014-12-07T13:09:09Z
50647426,2016-05-26T21:28:22Z
56462624,2018-01-31T21:43:21Z
26903,2001-11-07T04:24:51Z
27743,2001-07-29T20:22:35Z
28538,2001-10-14T05:16:00Z
29420,2002-01-02T06:04:36Z
54648,2002-06-02T01:30:56Z
59413,2002-06-25T15:34:51Z
59416,2002-04-17T05:31:22Z
64599,2002-07-25T21:46:55Z
106001,2002-10-16T22:11:02Z
143047,2002-11-01T19:20:23Z
172987,2003-01-23T00:43:37Z
303350,2003-08-24T02:31:52Z
436208,2004-01-20T09:06:41Z
528155,2004-03-15T09:33:01Z
865545,2004-07-29T15:50:02Z
991054,2004-09-16T16:16:15Z
1029711,2004-09-30T15:46:47Z
1238447,2004-12-03T16:44:40Z
1251925,2004-12-07T07:44:44Z
1276437,2004-12-14T12:08:23Z
1414419,2005-01-20T16:10:43Z
1522331,2005-02-18T20:48:19Z
1704228,2005-04-07T10:47:05Z
1748563,2005-04-16T07:55:06Z
2187245,2005-07-07T15:30:59Z
2352910,2001-12-27T03:37:03Z
3507365,2005-12-23T08:12:55Z
4654025,2006-04-06T22:38:11Z
5024887,2001-10-18T16:41:15Z
5119092,2006-05-12T19:37:39Z
12516292,2007-07-29T19:39:56Z
13153591,2007-09-08T10:59:23Z
13690575,2007-10-12T08:02:02Z
25067088,2001-07-27T17:22:19Z
75363350,2023-11-20T16:48:25Z
75561967,2023-12-14T09:07:41Z
78275803,2024-11-03T14:47:15Z
28729,2001-10-31T10:19:45Z
29438,2002-01-03T09:51:53Z
37431,2002-02-04T17:30:06Z
42752,2002-03-04T12:00:53Z
44041,2002-03-12T11:31:36Z
59497,2002-06-25T23:22:47Z
59529,2002-06-26T02:36:27Z
66315,2002-07-31T14:33:30Z
94102,2002-09-28T18:48:50Z
102847,2002-10-12T18:00:40Z
179919,2003-02-06T13:38:28Z
329400,2003-09-27T21:28:43Z
396000,2003-12-10T12:51:02Z
399123,2003-12-12T21:49:34Z
457579,2003-12-03T21:42:12Z
458866,2004-02-07T16:28:34Z
481852,2004-02-22T11:07:08Z
507960,2004-03-06T08:11:26Z
522723,2004-03-13T00:19:38Z
571414,2004-04-02T10:58:38Z
668326,2004-05-20T21:06:01Z
1827716,2005-05-02T00:00:38Z
1913978,2005-05-20T08:33:37Z
2221187,2005-07-12T20:35:49Z
2226410,2005-07-13T16:12:45Z
2270895,2005-07-20T06:18:05Z
2527405,2005-08-24T12:11:39Z
2852946,2005-10-07T07:45:11Z
3173180,2005-11-16T05:38:41Z
4459356,2006-03-20T22:04:53Z
4519721,2006-03-26T07:58:10Z
8292324,2006-12-06T04:02:10Z
11455999,2007-05-27T20:31:36Z
18993816,2001-07-27T19:44:21Z
22830413,2009-05-17T05:10:33Z
24177780,2009-08-31T16:21:45Z
26769,2001-03-07T22:04:40Z
26819,2001-09-11T09:37:56Z
27661,2001-09-27T20:48:16Z
27667,2001-10-03T21:11:13Z
28189,2001-10-09T19:26:25Z
28442,2001-11-08T21:56:57Z
28741,2001-10-31T22:56:03Z
28791,2001-11-05T13:28:35Z
46223,2002-03-27T12:44:22Z
62784,2002-07-19T17:54:05Z
77173,2002-08-28T13:27:50Z
144656,2002-11-06T14:57:23Z
166072,2003-01-06T18:25:36Z
179553,2003-02-05T18:46:10Z
256109,2003-07-01T15:12:36Z
261273,2003-07-05T02:13:31Z
385319,2003-12-02T11:26:01Z
495884,2004-02-29T22:47:58Z
530798,2004-03-16T16:14:08Z
616350,2004-04-24T19:40:46Z
679937,2004-05-25T19:38:28Z
812724,2004-07-12T22:10:48Z
1636042,2005-03-22T18:21:29Z
5308894,2005-01-25T12:21:42Z
6784042,2006-08-31T17:33:53Z
7396036,2006-10-11T15:22:01Z
11420440,2007-05-25T21:13:35Z
11961148,2007-06-26T14:54:03Z
17416221,2001-09-29T17:01:54Z
28431,2001-03-17T17:31:55Z
28506,2001-09-25T05:49:40Z
28758,2001-11-04T06:31:26Z
29006,2001-11-30T04:02:49Z
29192,2001-12-12T04:04:59Z
29253,2001-12-14T18:25:53Z
37910,2002-02-05T19:55:29Z
38458,2002-02-09T15:26:04Z
39375,2002-02-25T15:43:11Z
40375,2002-02-16T18:00:30Z
50896,2002-01-27T11:09:53Z
77178,2002-08-28T13:44:47Z
266344,2003-07-13T08:18:39Z
338946,2003-10-11T21:48:20Z
341015,2003-10-15T04:37:03Z
455201,2004-02-05T00:03:23Z
514191,2004-03-09T01:30:39Z
524582,2004-03-13T22:56:55Z
677899,2004-05-24T22:24:17Z
1059613,2004-10-12T02:53:00Z
2076857,2005-06-20T03:29:43Z
2078601,2005-06-20T12:13:41Z
2230989,2005-07-14T07:00:47Z
3190431,2005-11-18T14:40:02Z
5224564,2006-05-20T23:53:53Z
6817421,2006-09-02T23:29:14Z
7075785,2006-09-20T09:45:23Z
11888344,2007-06-21T20:34:56Z
12521638,2007-07-30T01:50:37Z
19798519,2008-10-16T04:12:38Z
28544909,2010-08-25T19:09:06Z
26962,2001-09-26T20:34:38Z
27752,2001-11-11T19:12:53Z
28420,2001-10-02T20:01:54Z
28448,2001-10-04T11:48:42Z
29000,2001-11-29T20:12:31Z
29329,2001-12-22T13:23:13Z
40250,2002-02-25T15:51:15Z
144823,2002-11-07T10:17:40Z
173997,2003-01-24T21:49:06Z
177320,2003-01-31T22:17:43Z
235623,2003-05-28T12:38:07Z
313416,2003-09-07T07:50:10Z
506713,2004-03-05T17:56:07Z
534914,2004-03-18T14:55:04Z
543215,2004-03-22T03:26:06Z
679297,2004-05-25T09:05:05Z
1060920,2004-10-12T14:15:57Z
1078027,2004-10-18T00:01:00Z
1271019,2004-12-13T01:20:10Z
1643266,2005-03-24T13:00:14Z
2083906,2005-06-21T06:01:03Z
2961628,2005-10-21T13:37:17Z
2961833,2005-10-21T14:15:22Z
3037867,2005-10-30T18:26:55Z
11222203,2007-05-14T15:41:40Z
12940851,2007-08-25T07:09:09Z
13070117,2007-09-03T01:32:54Z
14657447,2007-12-11T11:23:51Z
16990545,2008-04-18T10:08:01Z
20635289,2008-12-10T23:46:49Z
21780446,2001-10-26T17:56:32Z
50765485,2016-06-09T12:32:00Z
64073069,2020-05-26T10:25:16Z
27859,2001-08-16T22:41:54Z
28387,2001-10-08T17:37:52Z
28736,2001-10-31T17:30:40Z
28748,2001-11-01T17:15:27Z
29181,2001-12-10T05:02:33Z
82365,2002-09-08T18:00:05Z
147853,2002-11-16T05:51:42Z
149504,2002-11-20T23:52:01Z
169734,2003-01-16T12:45:22Z
174026,2003-01-24T22:35:08Z
198730,2003-03-19T18:46:48Z
207620,2003-04-09T00:44:42Z
214102,2003-04-21T19:36:10Z
240462,2003-06-05T09:21:14Z
297180,2003-08-15T19:08:51Z
311501,2003-09-04T15:27:44Z
352353,2003-10-29T15:18:36Z
393061,2003-12-08T11:38:25Z
412531,2003-12-23T22:34:30Z
650405,2004-05-12T18:48:31Z
1077261,2004-10-17T20:15:01Z
1618989,2005-03-18T16:00:13Z
2039039,2005-06-13T20:15:58Z
2231005,2005-07-14T07:06:23Z
2324040,2005-07-28T02:22:20Z
3017092,2005-10-28T03:31:14Z
4866481,2006-04-23T16:40:21Z
5646829,2006-06-21T02:15:29Z
10159567,2007-03-20T12:09:11Z
11718498,2007-06-11T19:52:53Z
12563101,2007-08-01T13:03:13Z
19593829,2001-11-20T05:58:31Z
19883453,2008-10-22T03:05:37Z
21294842,2002-01-30T07:23:41Z
33607453,2011-11-01T20:44:04Z
27686,2001-07-26T22:15:11Z
29208,2001-12-12T02:02:07Z
42567,2002-03-02T20:55:55Z
51472,2002-05-05T20:55:11Z
74366,2002-08-21T14:47:45Z
88945,2002-09-21T20:07:50Z
150135,2002-11-23T10:30:33Z
244389,2003-06-12T03:51:58Z
246976,2003-06-15T22:32:44Z
297466,2003-08-16T04:16:46Z
314652,2003-09-08T20:57:33Z
316532,2003-09-12T04:32:03Z
316612,2003-09-12T07:18:55Z
316617,2003-09-12T07:30:13Z
318915,2003-09-15T08:10:31Z
331560,2003-09-30T04:58:50Z
449794,2004-02-01T00:29:31Z
466277,2004-02-12T19:38:51Z
501478,2004-03-03T08:19:55Z
545607,2004-03-23T03:35:05Z
659942,2004-05-17T01:17:09Z
1365637,2005-01-05T20:29:28Z
1785252,2005-04-23T15:26:16Z
1798975,2005-04-26T07:21:06Z
2590442,2005-09-01T10:11:57Z
2676138,2005-09-14T06:02:42Z
2918338,2005-10-16T07:35:18Z
3655251,2006-01-08T08:47:24Z
5493795,2006-06-09T16:06:22Z
5565308,2006-06-14T22:45:01Z
9353706,2007-02-06T21:41:08Z
10097070,2007-03-17T00:33:13Z
10111947,2007-03-17T22:15:56Z
11059653,2007-05-04T21:22:37Z
11938485,2007-06-25T01:59:56Z
16465514,2008-03-21T21:32:28Z
23611006,2009-07-15T03:46:34Z
33067333,2011-09-12T22:57:57Z
48188462,2015-10-12T12:38:06Z
27065,2001-09-13T23:20:47Z
27590,2001-03-07T03:25:14Z
27745,2001-07-30T02:44:46Z
41891,2002-02-26T03:15:33Z
47641,2002-04-04T13:57:29Z
81511,2002-09-06T19:53:53Z
220067,2003-05-02T09:46:56Z
221722,2003-05-05T04:20:28Z
256537,2003-07-02T07:13:27Z
273993,2001-12-04T09:19:17Z
273997,2003-07-20T23:25:39Z
312453,2003-09-05T23:47:31Z
341420,2003-10-15T17:17:43Z
552520,2004-03-25T21:02:04Z
566959,2004-03-31T16:52:27Z
655358,2004-05-15T04:26:44Z
985467,2004-09-14T19:00:36Z
1408745,2005-01-18T21:06:49Z
1792799,2005-04-25T01:15:59Z
2057699,2005-06-16T17:11:43Z
2215177,2005-07-11T21:58:55Z
2215288,2005-07-11T22:19:39Z
2221541,2005-07-12T21:29:51Z
2532789,2005-08-25T02:17:26Z
2639694,2005-09-08T08:56:44Z
2953344,2005-10-20T14:14:43Z
4413048,2006-03-16T17:26:57Z
5894781,2006-07-09T16:16:02Z
10356246,2007-03-29T21:27:58Z
23213003,2009-06-14T05:09:01Z
37216173,2012-10-04T14:21:35Z
40588530,2013-09-20T22:05:08Z
44978878,2015-01-08T12:54:41Z
71642695,2022-08-31T09:19:32Z
26808,2001-09-24T22:19:15Z
28151,2001-10-30T12:31:02Z
28232,2001-09-24T20:00:50Z
28603,2001-10-21T22:19:19Z
37461,2002-02-25T15:51:15Z
41741,2002-02-26T00:19:32Z
41742,2002-02-26T00:19:40Z
43948,2002-03-11T21:25:26Z
82957,2002-09-09T22:24:09Z
200136,2003-03-23T01:12:59Z
240963,2003-06-06T02:37:40Z
275945,2003-07-23T19:45:12Z
285512,2003-07-31T20:23:41Z
418513,2004-01-02T16:30:24Z
428584,2004-01-12T17:56:38Z
755405,2004-06-26T14:35:14Z
938656,2004-08-28T23:40:27Z
1261170,2004-12-10T02:20:22Z
1304315,2004-12-21T02:03:00Z
1425130,2005-01-24T00:55:13Z
3285313,2005-11-30T20:43:30Z
3871234,2006-01-28T04:22:18Z
10584297,2007-04-10T22:48:36Z
13285876,2007-09-16T02:37:50Z
19341622,2008-09-16T09:22:37Z
34608273,2012-02-05T08:19:54Z
47850038,2003-12-07T16:54:28Z
52658069,2016-12-22T00:50:07Z
73917950,2023-05-30T10:14:11Z
26685,2001-02-22T11:02:15Z
26703,2001-06-30T07:57:37Z
27576,2001-03-17T23:38:12Z
27577,2001-03-02T12:16:34Z
27579,2001-03-12T12:54:58Z
27585,2001-03-02T12:20:14Z
28481,2001-10-08T05:15:48Z
28767,2001-11-03T21:20:11Z
160995,2002-12-23T13:46:16Z
231303,2003-05-21T20:33:43Z
247315,2003-06-16T11:44:04Z
329898,2003-09-28T04:55:03Z
413291,2003-12-24T18:41:55Z
533072,2004-03-17T18:13:00Z
593680,2004-04-13T07:38:22Z
693209,2004-05-31T05:20:23Z
759368,2004-06-27T23:44:19Z
1053303,2004-10-09T22:10:29Z
1525365,2005-02-19T16:05:25Z
1579244,2005-03-07T11:38:05Z
4930033,2006-04-28T14:57:58Z
5187620,2006-05-18T01:56:41Z
10851027,2007-04-23T12:43:24Z
11194583,2007-05-12T21:06:49Z
15934463,2008-02-24T20:27:22Z
19667111,2008-10-08T13:32:05Z
23773247,2001-02-25T02:32:49Z
33217657,2011-09-26T15:11:28Z
36408395,2012-07-12T21:49:51Z
7839,2002-01-24T01:41:25Z
27058,2001-09-10T22:36:54Z
27783,2001-10-07T04:45:34Z
27980,2001-09-22T22:08:06Z
28299,2002-02-25T15:43:11Z
28733,2001-10-31T16:33:32Z
28756,2001-11-02T05:43:14Z
28927,2001-11-20T06:33:20Z
53031,2002-05-23T01:23:41Z
54048,2002-05-29T14:14:27Z
170215,2003-01-17T16:10:49Z
202661,2003-03-28T19:49:14Z
264373,2003-07-10T04:42:34Z
338511,2003-10-11T01:53:22Z
456270,2004-02-05T20:14:59Z
535458,2004-03-18T18:41:15Z
545863,2004-03-23T05:37:32Z
977649,2004-09-11T22:10:10Z
1035742,2004-10-03T03:59:29Z
1326107,2004-12-25T17:45:53Z
1517620,2005-02-17T17:24:26Z
7540912,2006-10-21T03:55:36Z
11887250,2007-06-21T19:13:05Z
18525884,2008-07-21T13:37:33Z
31716306,2008-03-08T13:14:23Z
37280933,2012-10-10T06:57:09Z
38815769,2013-03-14T21:49:11Z
46946805,2015-06-10T23:59:35Z
47871380,2015-09-19T14:12:35Z
26741,2001-08-29T08:59:52Z
28650,2001-10-26T01:31:19Z
28714,2001-10-30T12:06:44Z
47895,2002-04-06T07:24:28Z
52328,2002-05-18T06:43:36Z
90910,2002-09-25T02:23:07Z
141922,2002-10-29T08:57:37Z
186919,2003-02-22T22:54:37Z
216841,2003-04-26T19:45:41Z
228001,2003-05-16T15:34:40Z
292222,2003-08-09T03:40:59Z
360869,2003-11-09T02:24:43Z
475008,2004-02-18T15:39:29Z
569399,2004-04-01T14:48:29Z
888140,2004-08-09T16:44:03Z
962171,2004-09-06T07:13:40Z
1170852,2004-11-15T04:26:31Z
1180641,2004-11-17T19:05:49Z
1361454,2005-01-04T15:00:40Z
1363368,2005-01-05T01:24:53Z
1369770,2005-01-07T02:38:43Z
1430910,2005-01-25T17:38:32Z
1911199,2005-05-19T20:54:46Z
3042429,2005-10-31T04:20:43Z
7325543,2006-10-06T21:21:21Z
8979437,2007-01-18T02:02:24Z
9875692,2007-03-05T15:48:47Z
17333662,2004-07-29T05:53:37Z
18956166,2002-08-18T22:03:35Z
22037813,2009-03-18T18:28:31Z
25441497,2009-12-15T08:37:08Z
26269089,2010-02-20T11:09:01Z
27596,2001-02-21T03:17:57Z
39747,2002-02-19T05:18:55Z
105340,2002-10-15T18:52:14Z
182783,2003-02-13T18:47:08Z
192021,2003-03-05T05:20:48Z
312449,2003-09-05T23:32:17Z
413204,2003-12-24T17:15:16Z
426205,2004-01-10T07:31:51Z
449744,2004-01-31T23:16:15Z
730658,2005-02-18T21:34:33Z
865107,2004-07-29T10:44:41Z
1015425,2004-09-25T01:39:39Z
1034106,2004-10-02T15:27:02Z
1045015,2004-10-06T19:04:18Z
1082175,2004-10-19T05:28:06Z
1421312,2005-01-22T22:39:17Z
1434441,2005-01-26T18:44:11Z
2108303,2005-06-24T17:41:53Z
2383721,2005-08-05T09:52:03Z
3146611,2005-11-13T02:37:23Z
4796073,2006-04-18T13:20:53Z
12645144,2007-08-06T17:42:56Z
14260678,2007-11-15T17:47:31Z
15327229,2008-01-20T13:15:42Z
15766073,2008-02-15T07:39:23Z
20029374,2008-11-01T19:25:06Z
22348122,2009-04-09T19:47:35Z
22707107,2009-05-06T19:41:48Z
33686526,2003-05-15T17:17:38Z
36252755,2012-06-26T11:32:24Z
38065412,2012-12-30T10:28:25Z
44405593,2006-07-15T02:24:31Z
27701,2001-07-27T08:19:06Z
28305,2001-10-02T09:17:01Z
46594,2002-03-29T14:47:07Z
47454,2002-04-03T19:38:24Z
70671,2002-08-12T05:27:58Z
162404,2002-12-28T22:18:48Z
166086,2003-01-06T19:07:10Z
166745,2003-01-08T06:09:52Z
200161,2003-03-23T02:47:01Z
218091,2003-04-28T21:31:19Z
228107,2003-05-16T19:18:33Z
234577,2003-05-26T23:23:21Z
240568,2003-06-05T13:32:37Z
277641,2003-07-26T08:38:47Z
542396,2004-03-21T19:55:03Z
554469,2004-03-26T15:48:04Z
592198,2004-04-12T15:50:46Z
605851,2004-04-19T11:59:08Z
625404,2001-04-16T23:03:35Z
986029,2004-09-14T21:56:27Z
1591617,2005-03-10T22:31:08Z
1827303,2005-05-01T22:10:26Z
2547532,2005-08-26T21:34:59Z
2761533,2005-09-25T22:07:37Z
2828566,2005-10-04T01:09:07Z
3511290,2005-12-23T19:40:24Z
4687085,2006-04-09T18:34:40Z
4715223,2006-04-12T04:43:28Z
9409943,2007-02-09T20:06:40Z
11072934,2007-05-05T19:09:57Z
17185274,2008-04-29T22:08:33Z
17953693,2008-06-15T14:22:00Z
18842308,2002-08-10T08:01:52Z
21681203,2009-02-24T01:56:14Z
32721658,2011-08-12T09:34:26Z
38525725,2013-02-15T01:25:26Z
27118,2001-05-17T13:22:56Z
27637,2001-07-17T11:10:00Z
27969,2002-02-03T04:52:58Z
27984,2001-10-04T07:26:56Z
29400,2002-02-25T15:51:15Z
45829,2002-03-24T18:00:34Z
191985,2003-03-05T04:00:29Z
299790,2003-08-19T13:13:53Z
306543,2003-08-28T13:09:51Z
992538,2004-09-17T04:39:02Z
1411074,2005-01-19T15:04:48Z
1441686,2005-01-28T18:02:54Z
2007748,2005-06-08T04:10:49Z
2515807,2005-08-22T22:50:30Z
2616890,2005-09-05T03:52:41Z
3069503,2005-11-03T11:18:59Z
3605859,2006-01-03T11:47:20Z
3633309,2006-01-06T04:38:53Z
3647754,2006-01-07T16:37:59Z
3730357,2006-01-15T16:48:30Z
3922822,2006-02-01T17:39:50Z
5799154,2006-07-02T17:31:32Z
5809688,2006-07-03T10:30:04Z
8324182,2006-12-08T01:26:28Z
10393872,2007-03-31T21:02:04Z
13649932,2007-10-09T18:42:03Z
14528980,2007-12-02T20:24:48Z
14645303,2007-12-10T17:33:49Z
19186225,2008-09-05T10:32:34Z
36337411,2012-07-05T20:09:10Z
37325129,2012-10-15T01:35:58Z
38331414,2013-01-26T00:08:44Z
39676247,2013-06-14T17:51:23Z
41165083,2013-11-23T04:33:57Z
52821408,2017-01-09T20:47:22Z
54040276,2017-05-14T07:48:17Z
28825,2001-11-09T18:16:30Z
93545,2002-09-28T01:31:11Z
145813,2002-11-10T12:18:10Z
212490,2003-04-18T19:21:50Z
295054,2003-08-12T21:22:19Z
316058,2003-09-11T15:40:49Z
361933,2003-11-09T23:39:34Z
477661,2001-10-26T15:59:58Z
536080,2004-03-18T23:55:41Z
646067,2004-05-10T12:24:34Z
860895,2004-07-27T12:42:37Z
928273,2004-08-25T05:46:29Z
1015320,2004-09-25T00:53:08Z
1065865,2004-10-13T21:54:58Z
1247550,2004-12-06T02:11:06Z
1604592,2005-03-14T06:23:06Z
1958462,2005-05-29T13:04:31Z
2088221,2005-06-21T20:50:07Z
2971085,2005-10-22T16:22:17Z
3145000,2005-11-12T22:25:00Z
4025793,2006-02-10T13:43:13Z
4028479,2006-02-10T18:29:27Z
4055928,2006-02-13T00:49:22Z
6834050,2006-09-04T03:42:21Z
6954902,2005-02-03T12:09:09Z
6985342,2006-09-14T03:40:07Z
7696546,2006-10-30T18:10:33Z
23083731,2009-06-03T16:31:50Z
23610187,2009-07-15T02:03:50Z
33702525,2003-01-02T15:49:37Z
27127,2001-07-30T19:23:04Z
27631,2001-07-12T21:52:52Z
27712,2001-08-09T21:35:00Z
36811,2002-01-27T23:45:52Z
50563,2002-04-27T09:48:36Z
50958,2002-04-30T22:49:27Z
74141,2002-08-20T21:29:41Z
83552,2002-09-10T22:52:04Z
84726,2002-09-13T06:43:52Z
97039,2002-09-30T19:41:28Z
100194,2002-10-06T22:06:09Z
140841,2002-10-27T23:46:03Z
215682,2003-04-24T21:16:25Z
292444,2003-08-09T12:51:07Z
370022,2003-11-17T10:42:01Z
395965,2003-12-10T11:58:14Z
411391,2003-12-22T21:25:44Z
421981,2004-01-06T01:09:54Z
457036,2004-02-06T09:25:12Z
469730,2004-02-15T01:17:56Z
482869,2004-02-22T21:14:58Z
624981,2004-04-29T15:29:09Z
977244,2004-09-11T19:42:00Z
1065449,2004-10-13T19:36:38Z
1208560,2004-11-25T12:16:15Z
2696560,2005-09-17T18:47:18Z
3940496,2006-02-03T02:25:04Z
4761306,2006-04-15T18:43:22Z
5642037,2006-06-20T19:03:05Z
6308661,2006-08-07T07:51:09Z
8526433,2006-12-20T07:35:34Z
10241472,2007-03-24T19:13:04Z
11186659,2007-05-12T10:14:14Z
12663532,2007-08-07T16:28:26Z
13313000,2007-09-17T19:57:40Z
13873779,2002-06-11T13:11:45Z
23765719,2009-07-27T19:33:12Z
26751,2001-11-11T20:19:55Z
26884,2001-10-13T23:01:52Z
27616,2001-10-14T05:01:49Z
27979,2001-09-03T11:33:19Z
28142,2001-09-15T02:46:30Z
29247,2001-12-14T14:28:35Z
29392,2001-12-30T05:12:21Z
37153,2002-01-31T02:29:52Z
50521,2002-04-27T05:48:17Z
65677,2002-07-29T10:43:08Z
231141,2003-05-21T14:48:56Z
244362,2003-06-12T02:36:45Z
285534,2003-07-31T21:02:30Z
580936,2004-04-06T23:09:06Z
751489,2004-06-24T23:02:08Z
874105,2004-08-02T22:39:12Z
1445789,2005-01-29T21:17:13Z
1889482,2005-05-15T08:29:40Z
2122367,2005-06-27T02:39:46Z
2297321,2005-07-24T04:04:47Z
2415390,2005-08-09T18:41:24Z
2682431,2005-09-15T10:01:53Z
3071999,2005-11-03T19:53:16Z
3091780,2005-11-06T06:03:29Z
5455049,2006-06-06T20:56:58Z
10215842,2007-03-23T09:08:36Z
15285066,2008-01-17T21:55:18Z
20617690,2008-12-09T23:18:02Z
20926,2002-01-08T05:43:27Z
27865,2001-10-11T14:30:27Z
29664,2002-01-24T21:43:20Z
63337,2002-07-22T04:48:48Z
65309,2002-07-27T19:18:10Z
92447,2002-09-26T17:37:57Z
153499,2002-12-01T06:17:56Z
174607,2003-01-26T07:32:36Z
186493,2003-02-22T04:44:32Z
215706,2003-04-24T21:44:56Z
242140,2003-06-08T11:39:47Z
323737,2003-09-21T11:50:44Z
432630,2004-01-16T09:56:10Z
432632,2004-01-16T10:00:21Z
475362,2004-02-18T20:03:52Z
679192,2004-05-25T06:37:23Z
695319,2004-06-01T01:06:46Z
726659,2004-06-15T03:33:49Z
1007062,2004-09-22T03:12:36Z
1041812,2004-10-05T15:04:49Z
1048518,2004-10-08T01:31:57Z
1196186,2004-11-22T02:55:45Z
1201321,2004-11-23T15:06:38Z
1301678,2004-12-20T08:06:58Z
2173745,2005-07-05T15:05:05Z
2616612,2005-09-05T02:53:31Z
4165181,2006-02-22T22:33:07Z
4279602,2006-03-05T01:11:28Z
4297706,2006-03-06T17:26:18Z
4780977,2006-04-17T11:10:28Z
18865642,2008-08-14T20:21:21Z
27578,2001-02-14T21:48:39Z
27725,2001-08-09T19:03:58Z
45599,2002-03-23T09:51:17Z
47607,2002-04-04T09:55:40Z
59392,2002-06-25T09:51:40Z
60891,2002-07-07T10:07:35Z
68513,2002-08-07T07:10:55Z
73218,2002-08-19T04:22:23Z
113302,2002-10-19T18:49:51Z
133176,2002-10-24T21:08:08Z
216143,2003-04-25T18:24:45Z
272134,2003-07-19T06:46:22Z
329549,2003-09-27T23:24:18Z
354618,2003-11-01T23:38:25Z
419259,2004-01-03T17:36:43Z
627964,2004-05-01T02:43:42Z
1168304,2004-11-14T15:22:44Z
1720933,2005-04-10T23:32:32Z
1745325,2005-04-15T18:48:18Z
2704720,2005-09-19T03:15:12Z
4400374,2004-06-08T23:22:17Z
5961115,2006-07-14T11:48:30Z
6822551,2006-09-03T09:20:59Z
7206827,2006-09-29T15:01:55Z
7907848,2006-07-14T04:27:26Z
8001055,2006-11-18T16:39:41Z
9104734,2007-01-25T07:35:59Z
11717197,2004-06-08T21:57:37Z
13437523,2007-09-25T22:40:58Z
14467558,2007-11-28T13:45:52Z
15186222,2008-01-12T22:34:04Z
17945609,2008-06-14T23:38:03Z
17950725,2008-06-15T09:07:16Z
17996959,2008-06-17T23:36:43Z
30876757,2004-01-20T00:53:01Z
41356740,2013-12-13T15:34:19Z
64524803,2020-07-11T21:11:22Z
26820,2001-09-18T13:53:23Z
28186,2001-09-20T04:30:17Z
28284,2001-09-26T19:58:37Z
29501,2002-01-08T12:29:43Z
37673,2002-02-25T15:43:11Z
39626,2002-02-18T13:11:32Z
44296,2002-03-14T08:48:53Z
45943,2002-03-25T16:01:42Z
86359,2002-09-16T14:10:30Z
193753,2003-03-09T01:12:06Z
223407,2003-05-08T16:34:54Z
339417,2003-10-12T12:23:16Z
762988,2004-06-29T04:06:57Z
1002744,2004-09-20T21:24:53Z
1046760,2004-10-07T11:25:06Z
1055890,2004-10-10T23:18:51Z
1078447,2004-10-18T02:47:23Z
1264197,2004-12-11T00:12:19Z
1381306,2005-01-10T10:27:04Z
1460183,2005-02-02T19:55:27Z
1561900,2005-03-02T21:01:10Z
1868834,2005-05-10T22:53:58Z
1986263,2005-06-03T23:28:18Z
8227451,2006-12-02T03:08:06Z
14932215,2007-12-29T06:30:01Z
16085979,2008-03-04T10:45:05Z
18624923,2008-07-29T00:20:34Z
19879858,2008-10-21T22:11:12Z
24028642,2009-08-18T09:45:18Z
25550398,2009-12-24T23:54:15Z
39284103,2013-05-02T20:48:58Z
39580830,2013-06-05T00:38:37Z
28356,2001-09-30T10:13:34Z
41770,2002-02-26T00:23:53Z
100563,2002-10-07T18:15:50Z
173977,2003-01-24T21:19:42Z
264540,2003-07-10T11:49:40Z
267484,2003-07-14T16:38:28Z
270081,2003-07-17T08:41:40Z
274358,2003-07-21T14:15:00Z
277102,2003-07-25T13:03:52Z
294298,2003-08-11T21:56:39Z
300696,2003-08-20T15:55:11Z
332358,2003-10-01T05:13:43Z
487226,2004-02-24T23:38:02Z
519987,2004-03-11T17:44:53Z
552466,2004-03-25T20:53:08Z
557619,2004-03-27T17:55:47Z
596277,2004-04-14T16:32:14Z
741842,2004-06-21T20:11:40Z
841429,2004-07-19T00:26:51Z
1146946,2004-11-09T00:06:13Z
1590295,2005-03-10T16:29:36Z
1627129,2005-03-20T15:38:23Z
1728365,2005-04-12T15:03:13Z
1738731,2005-04-14T09:51:02Z
1944887,2005-05-26T16:53:09Z
2548050,2005-08-26T22:42:29Z
2720320,2005-09-20T23:38:42Z
2833970,2005-10-04T20:17:47Z
3206060,2005-11-20T17:36:06Z
3869427,2006-01-28T00:41:06Z
5654027,2006-06-21T16:43:34Z
7672872,2006-10-29T03:17:32Z
8286675,2002-02-26T03:53:47Z
11254565,2007-05-16T12:58:57Z
11891512,2007-06-22T00:59:21Z
66658400,2021-02-07T16:46:38Z
27764,2001-11-08T21:27:52Z
27813,2002-02-25T15:43:11Z
29238,2001-12-13T19:58:03Z
45002,2002-03-19T13:11:53Z
170417,2003-01-17T23:44:06Z
189021,2003-02-27T04:34:30Z
233487,2003-05-25T05:58:17Z
242360,2003-06-08T20:58:58Z
267801,2003-07-15T01:51:56Z
285903,2003-08-01T12:56:56Z
337862,2003-10-10T07:13:12Z
379736,2003-11-26T06:04:04Z
432615,2004-01-16T09:20:09Z
467899,2004-02-14T00:09:22Z
573528,2004-04-03T10:52:22Z
762064,2004-06-28T20:51:51Z
864021,2004-07-28T21:25:26Z
2333474,2005-07-29T12:17:44Z
2545455,2005-08-26T15:57:28Z
2726769,2005-09-21T21:19:07Z
2994579,2005-10-25T12:37:18Z
3253299,2005-11-27T08:10:36Z
3403318,2005-12-13T03:50:00Z
3859080,2006-01-27T01:53:40Z
4025205,2006-02-10T12:05:14Z
4883003,2006-04-24T21:48:52Z
5325318,2006-05-28T17:21:24Z
18693770,2008-08-02T20:28:49Z
19332604,2008-09-15T18:35:15Z
21775229,2009-03-02T15:35:53Z
23277896,2009-06-19T14:23:14Z
25204309,2009-11-25T21:20:28Z
57673779,2018-06-13T16:04:41Z
76526800,2024-04-04T01:24:24Z
30365,2001-10-20T00:11:43Z
31296,2001-12-13T03:37:27Z
31302,2002-02-25T15:43:11Z
31422,2002-02-25T15:43:11Z
31482,2002-01-10T18:44:14Z
55551,2002-06-08T17:02:23Z
61983,2002-07-14T02:26:28Z
74235,2002-08-21T06:12:19Z
86848,2002-09-17T11:59:21Z
165096,2003-01-04T05:49:52Z
211794,2003-04-17T05:39:53Z
212396,2003-04-18T13:10:07Z
223496,2003-05-08T19:24:19Z
239918,2003-06-04T10:23:16Z
442079,2004-01-25T19:10:19Z
469762,2004-02-15T01:36:05Z
547564,2004-03-24T00:19:58Z
610813,2004-04-21T22:53:34Z
692997,2004-05-31T03:18:59Z
1178712,2004-11-17T06:30:04Z
1320241,2004-12-24T03:32:11Z
1565634,2005-03-03T19:28:03Z
1605738,2005-03-14T15:04:34Z
1634911,2005-03-22T11:34:16Z
2448199,2005-08-13T23:45:27Z
2452837,2005-08-14T16:34:26Z
2521923,2005-08-23T18:59:14Z
2699581,2005-09-18T04:43:51Z
2953573,2005-10-20T14:50:04Z
29969,2001-09-26T00:52:41Z
30463,2001-08-10T02:00:11Z
31256,2001-12-07T04:25:38Z
54245,2002-05-30T18:41:06Z
54952,2002-06-04T12:18:41Z
61162,2002-07-09T14:35:30Z
76992,2002-02-25T15:51:15Z
112577,2002-10-18T19:16:02Z
116732,2002-10-20T23:50:54Z
165093,2003-01-04T05:44:17Z
171878,2003-01-20T20:47:23Z
199556,2003-03-21T18:38:30Z
299493,2003-08-19T02:48:02Z
301076,2003-08-21T01:21:17Z
593171,2004-04-13T01:55:47Z
607593,2004-04-20T06:45:09Z
782824,2004-07-05T15:58:43Z
1544179,2005-02-25T13:21:49Z
1605798,2005-03-14T15:28:43Z
1655191,2005-03-27T11:29:05Z
5283757,2006-05-25T06:56:01Z
8924388,2007-01-14T20:45:42Z
9468070,2007-02-12T19:58:49Z
11890889,2007-06-22T00:00:31Z
14644243,2007-12-10T16:07:45Z
18934904,2001-11-01T13:40:51Z
20612397,2008-12-09T16:55:12Z
21282070,2002-04-02T18:13:04Z
36675611,2012-08-09T17:32:45Z
39293214,2013-05-03T20:32:12Z
39293245,2013-05-03T20:38:44Z
40763284,2013-10-11T00:56:43Z
42554474,2014-04-22T13:47:54Z
29816,2001-11-08T19:05:33Z
29831,2001-11-04T10:02:38Z
29923,2001-03-21T17:53:29Z
30003,2001-09-30T13:27:05Z
46256,2002-03-27T15:09:36Z
46545,2002-03-29T12:58:24Z
211183,2003-04-15T23:02:47Z
275128,2003-07-22T14:14:39Z
305100,2003-08-26T15:46:07Z
435760,2004-01-19T22:16:43Z
621887,2004-04-27T18:05:40Z
946963,2004-08-31T14:36:19Z
1947526,2005-05-27T03:15:33Z
2263175,2005-07-19T05:42:05Z
2263246,2005-07-19T06:02:37Z
2798981,2005-09-30T07:16:12Z
4175177,2006-02-23T20:27:02Z
5161169,2004-06-22T06:08:06Z
5464288,2006-06-07T14:14:28Z
5854084,2006-07-06T14:30:34Z
6027168,2006-07-19T11:20:30Z
7070301,2001-02-07T18:05:04Z
8774050,2007-01-05T19:34:18Z
12152911,2007-07-08T19:54:30Z
15831300,2008-02-18T21:53:58Z
18743251,2008-08-06T14:02:53Z
25688257,2001-11-01T20:17:41Z
32040137,2011-06-10T13:39:32Z
32253448,2011-06-29T18:24:07Z
33094374,2001-11-04T14:28:22Z
51188560,2016-07-28T11:47:31Z
73500135,2023-04-08T20:11:30Z
29965,2001-10-03T16:54:53Z
30844,2001-10-03T08:25:46Z
144865,2002-11-07T13:00:45Z
223011,2003-05-07T19:40:50Z
303437,2003-08-24T04:52:57Z
314197,2003-09-08T08:52:35Z
362348,2003-11-10T10:26:47Z
363628,2003-11-11T17:11:10Z
434543,2004-01-18T09:47:32Z
585415,2004-04-09T10:31:43Z
947383,2004-08-31T17:38:39Z
1209759,2004-11-25T20:41:25Z
1436845,2005-01-27T07:56:37Z
1446490,2005-01-30T01:46:35Z
1546827,2005-02-26T10:29:05Z
1601611,2005-03-13T15:40:42Z
2173331,2005-07-05T13:39:36Z
2407628,2005-08-08T18:28:40Z
2840007,2005-10-05T17:14:14Z
2973393,2005-10-22T20:19:18Z
3042699,2005-10-31T05:02:39Z
3117585,2005-11-09T15:20:34Z
3473088,2005-12-19T21:11:00Z
3879598,2006-01-29T00:50:57Z
20490055,2008-11-30T23:13:51Z
20647050,2001-11-21T14:42:27Z
23866686,2009-08-04T21:44:49Z
28345476,2010-08-12T19:35:21Z
28863594,2010-09-18T01:13:36Z
33238388,2011-09-28T10:41:36Z
48508507,2015-11-09T20:04:20Z
30983,2001-10-24T19:35:33Z
39113,2002-02-14T03:47:22Z
53540,2002-05-26T15:57:15Z
60560,2002-07-02T02:47:41Z
60920,2002-07-07T15:53:32Z
67193,2002-08-03T07:57:41Z
87945,2002-09-20T00:18:27Z
146181,2002-11-11T17:34:53Z
214242,2003-04-21T23:59:08Z
240988,2003-06-06T03:36:43Z
256662,2003-07-02T12:51:22Z
321671,2003-09-19T09:24:02Z
380509,2003-11-27T02:33:13Z
496983,2004-03-01T12:03:16Z
586839,2004-04-10T02:04:41Z
700417,2004-06-03T04:31:29Z
935979,2002-06-03T11:02:19Z
1034540,2004-10-02T18:37:58Z
1147005,2004-11-09T00:27:52Z
1416975,2005-01-21T12:22:06Z
1584125,2005-03-08T23:08:52Z
2345028,2005-07-31T01:44:22Z
2679845,2005-09-14T23:14:49Z
2691668,2005-09-16T22:28:45Z
2835989,2005-10-05T01:55:19Z
2882473,2005-10-11T10:16:05Z
4232812,2006-03-01T02:17:54Z
4268863,2006-03-04T01:59:13Z
5638919,2006-06-20T14:53:40Z
6217058,2006-08-01T19:17:58Z
19492220,2008-09-27T10:08:42Z
25125003,2009-11-18T19:38:37Z
36613267,2012-08-02T08:36:19Z
40633025,2013-09-26T00:31:55Z
41808229,2014-02-01T10:05:18Z
43065875,2014-06-16T06:15:58Z
45445834,2015-02-19T12:10:02Z
59719655,2019-01-20T10:28:33Z
30269,2001-06-13T12:17:51Z
30776,2001-11-19T16:06:58Z
51892,2002-04-09T05:48:08Z
53887,2002-05-28T01:58:52Z
78227,2002-08-31T07:25:31Z
102451,2002-10-11T11:09:11Z
149743,2002-11-22T00:06:45Z
208356,2003-04-10T17:49:25Z
744639,2004-06-22T22:09:03Z
989676,2004-09-16T02:14:34Z
2549825,2005-08-27T03:36:53Z
5003097,2006-05-04T03:36:52Z
5301842,2006-05-26T17:20:21Z
5301878,2006-05-26T17:23:59Z
5301995,2006-05-26T17:33:43Z
17101980,2008-04-24T20:15:55Z
17990988,2008-06-17T16:26:04Z
23309349,2009-06-21T19:15:07Z
24257705,2009-09-07T15:31:58Z
38006816,2012-12-23T08:33:26Z
49336189,2016-02-05T20:22:01Z
30001,2001-09-29T18:10:43Z
30402,2001-07-30T15:40:51Z
30436,2001-10-06T18:51:43Z
30746,2001-09-26T13:03:33Z
30977,2001-10-24T01:40:08Z
31128,2001-11-13T06:12:54Z
31491,2002-01-11T15:29:08Z
62996,2002-07-20T21:52:47Z
189779,2003-03-01T03:26:38Z
248860,2003-06-18T17:16:15Z
259082,2003-07-03T19:45:20Z
323392,2003-09-21T02:20:16Z
486492,2004-02-24T14:42:22Z
528543,2004-03-15T15:15:12Z
1337683,2004-12-28T20:24:34Z
1488111,2005-02-10T03:18:19Z
2039133,2005-06-13T20:33:18Z
2666054,2005-09-12T12:11:27Z
3231426,2005-11-24T09:32:14Z
8660922,2006-12-29T18:20:32Z
8803556,2007-01-07T09:58:29Z
11092324,2007-05-06T23:15:46Z
19594028,2003-09-21T15:11:11Z
29952,2001-03-31T14:47:16Z
30369,2001-07-27T03:50:09Z
30990,2001-10-25T18:30:06Z
30992,2001-10-25T19:18:33Z
30993,2001-10-25T19:23:00Z
39221,2002-02-15T08:14:32Z
41789,2002-02-26T00:26:36Z
47463,2002-04-03T20:19:11Z
67046,2002-08-02T20:08:40Z
72536,2002-08-16T13:20:17Z
185239,2003-02-19T16:51:25Z
215226,2003-04-24T02:32:12Z
255446,2003-06-30T12:12:03Z
265822,2003-07-12T14:57:34Z
265823,2003-07-12T14:59:02Z
354370,2003-11-01T14:16:44Z
378661,2003-11-25T08:35:57Z
383876,2003-11-30T21:19:48Z
387457,2003-12-04T16:34:52Z
425850,2004-01-10T00:12:03Z
448321,2003-04-02T19:57:33Z
466192,2004-02-12T18:40:24Z
467047,2004-02-13T09:57:47Z
619980,2004-04-26T15:01:50Z
1569600,2005-03-04T20:22:42Z
1593644,2005-03-11T12:20:24Z
2202301,2005-07-09T21:20:15Z
2350918,2005-08-01T00:13:19Z
2436999,2005-08-12T11:47:10Z
2747182,2005-09-24T16:01:03Z
3044148,2005-10-31T10:04:39Z
3285197,2005-11-30T20:30:23Z
4024093,2006-02-10T08:31:50Z
4262587,2006-03-03T15:07:41Z
6838711,2006-09-04T13:47:06Z
8838269,2007-01-09T12:12:40Z
30334,2001-07-20T21:29:10Z
30500,2001-08-20T19:12:03Z
81628,2002-09-06T23:16:01Z
225617,2003-05-12T07:40:15Z
234101,2003-05-26T05:44:34Z
262601,2003-07-07T05:57:09Z
321567,2003-09-19T05:41:34Z
338963,2003-10-11T22:15:08Z
449745,2004-01-31T23:19:46Z
1016017,2004-09-25T07:57:46Z
2572060,2005-08-30T00:44:18Z
2682417,2005-09-15T09:58:08Z
3897924,2006-01-30T18:56:49Z
4693311,2006-04-10T13:55:03Z
5759935,2006-06-29T15:42:56Z
30078,2001-05-22T12:59:28Z
37892,2002-02-05T15:37:28Z
38829,2002-02-25T15:51:15Z
56265,2002-06-12T01:18:06Z
58550,2002-06-21T03:42:04Z
60136,2001-02-05T21:45:17Z
63553,2002-07-22T22:03:59Z
70807,2002-08-12T13:17:35Z
72726,2002-08-17T08:25:17Z
90655,2002-09-24T19:28:44Z
94858,2002-09-29T00:27:17Z
144893,2002-11-07T15:31:24Z
172273,2003-01-21T18:28:22Z
181174,2003-02-09T16:18:46Z
183048,2003-02-14T07:37:56Z
194538,2003-03-10T19:41:13Z
226864,2003-05-14T08:38:42Z
244517,2003-06-12T08:44:40Z
489750,2004-02-26T10:17:40Z
1121399,2004-10-31T20:32:44Z
1204260,2004-11-24T09:41:15Z
1422246,2005-01-23T04:46:58Z
1743994,2005-04-15T12:12:51Z
2020477,2005-06-10T15:50:21Z
2104580,2005-06-24T03:27:12Z
2196957,2005-07-09T00:07:43Z
3054853,2005-11-01T16:10:08Z
3154336,2005-11-14T01:32:53Z
5051958,2006-05-07T22:12:31Z
6287514,2006-08-06T05:12:51Z
18163078,2008-06-27T15:47:22Z
21438307,2009-02-07T18:31:47Z
28029221,2010-07-14T00:25:25Z
28090107,2010-07-20T00:54:45Z
48076041,2015-10-06T05:52:53Z
68513514,2021-08-19T14:44:40Z
30012,2001-10-31T18:09:59Z
30647,2001-10-28T00:25:04Z
30718,2001-09-25T11:05:56Z
30719,2001-09-24T17:02:00Z
30890,2001-10-12T16:05:24Z
44545,2002-03-16T01:32:17Z
46191,2002-03-27T10:07:36Z
60162,2002-07-02T22:13:41Z
77892,2002-08-30T09:46:24Z
156278,2002-12-09T20:18:34Z
165259,2003-01-04T19:20:49Z
173419,2003-01-23T18:32:57Z
253980,2003-06-27T16:26:03Z
276174,2003-07-24T03:47:22Z
325060,2003-09-22T21:55:50Z
383208,2003-11-30T02:16:40Z
405944,2003-12-17T21:05:15Z
406624,2002-04-03T19:05:39Z
554905,2004-03-26T19:11:10Z
699422,2004-06-02T20:28:26Z
724926,2004-06-14T10:42:32Z
916571,2004-08-21T03:37:46Z
1003199,2004-09-20T23:59:19Z
1291319,2004-12-17T20:22:20Z
1291342,2004-12-17T20:30:20Z
1338096,2004-12-28T22:11:38Z
1783069,2005-04-23T02:41:58Z
3895284,2006-01-30T13:40:41Z
5787426,2006-07-01T18:53:42Z
14564162,2007-12-05T01:23:18Z
19595664,2004-02-14T22:25:10Z
22828701,2009-05-17T01:22:34Z
24878341,2009-10-28T20:36:41Z
30042,2001-05-24T13:51:57Z
31091,2001-11-07T13:21:14Z
47402,2002-04-03T12:41:22Z
58956,2002-06-23T06:03:39Z
103915,2002-10-14T07:31:45Z
184307,2003-02-17T11:17:29Z
184308,2003-02-17T11:20:26Z
219713,2003-05-01T19:06:18Z
305721,2003-08-27T10:30:20Z
307065,2003-08-29T09:00:17Z
368995,2003-11-16T18:48:17Z
404741,2003-12-16T21:01:31Z
994800,2004-09-18T01:33:49Z
1329322,2004-12-26T21:24:44Z
2020855,2005-06-10T17:21:13Z
2251116,2005-07-17T08:49:45Z
2367828,2005-08-03T05:30:44Z
2549701,2005-08-27T03:19:53Z
2721825,2005-09-21T03:18:04Z
3653071,2006-01-08T03:31:21Z
5302186,2006-05-26T17:50:38Z
5302310,2006-05-26T17:58:45Z
5483579,2006-06-08T21:50:27Z
6000466,2006-07-17T14:30:56Z
29954,2001-10-14T08:49:22Z
30450,2001-08-07T17:42:15Z
30699,2001-09-22T05:24:39Z
30942,2001-10-17T21:32:26Z
31185,2001-11-27T03:31:11Z
31260,2001-12-07T23:55:15Z
31273,2001-12-10T01:21:06Z
45752,2002-03-24T07:46:08Z
55999,2002-06-10T16:23:02Z
70713,2002-08-12T08:14:17Z
79239,2002-09-01T20:35:58Z
79726,2002-09-02T18:34:06Z
211397,2003-04-16T09:10:15Z
241029,2003-06-06T06:06:23Z
270899,2003-07-17T22:33:56Z
546406,2004-03-23T14:41:34Z
751115,2004-06-24T20:55:22Z
833690,2004-07-16T20:47:40Z
967506,2004-09-08T01:37:47Z
1082645,2004-10-19T10:19:34Z
1631772,2005-03-21T17:11:20Z
1668482,2005-03-30T06:39:11Z
1862443,2005-05-09T09:15:13Z
1883878,2005-05-13T23:53:57Z
2912468,2005-10-15T13:36:54Z
3423179,2005-12-15T00:28:58Z
4701565,2006-04-11T03:41:00Z
9421187,2007-02-10T11:15:55Z
12101896,2007-07-05T17:27:06Z
17633579,2008-05-27T07:28:14Z
18203720,2008-06-30T06:49:11Z
64224034,2020-06-09T16:51:03Z
30330,2001-08-21T10:44:30Z
30366,2001-07-27T01:00:16Z
30400,2001-07-30T09:30:47Z
31373,2001-12-22T15:15:12Z
41802,2002-02-26T00:33:21Z
56483,2002-06-13T04:33:57Z
144869,2002-11-07T13:16:59Z
275591,2003-07-23T05:25:45Z
275606,2003-07-23T06:00:59Z
377734,2003-11-24T16:31:52Z
525538,2004-03-14T05:35:15Z
587271,2004-04-10T05:36:19Z
636806,2004-05-05T16:11:38Z
667206,2004-05-20T07:49:51Z
674207,2004-05-23T09:47:02Z
684489,2004-05-28T08:19:46Z
783563,2004-07-05T18:15:19Z
896811,2004-08-13T01:12:01Z
1203089,2004-11-24T00:54:45Z
1900879,2005-05-17T18:00:35Z
1979961,2005-06-02T21:57:09Z
2346875,2005-07-31T08:59:12Z
3039253,2005-10-30T21:17:39Z
3399064,2005-12-12T20:36:17Z
3860430,2006-01-27T04:14:33Z
7633546,2006-10-26T16:57:18Z
7890332,2006-11-11T20:12:37Z
9915610,2007-03-07T17:11:13Z
10081283,2007-03-16T03:09:10Z
11132202,2007-05-09T05:40:28Z
14610300,2007-12-08T04:17:40Z
14973218,2007-12-31T17:35:53Z
14973487,2007-12-31T17:49:39Z
18430782,2008-07-14T11:22:21Z
31627160,2011-04-29T06:33:18Z
38077315,2012-12-31T17:48:21Z
42571226,2014-04-24T07:07:45Z
5992,2001-07-31T00:13:53Z
23740,2001-10-31T11:06:55Z
29678,2001-09-23T02:44:10Z
29960,2001-08-17T14:31:55Z
30531,2001-10-08T18:05:21Z
30802,2001-09-30T00:55:03Z
30855,2001-10-02T12:14:44Z
31441,2002-01-04T00:15:31Z
44434,2002-03-15T00:01:31Z
52911,2002-05-22T09:39:06Z
66728,2002-08-01T20:27:21Z
70289,2002-08-10T19:41:10Z
81439,2002-09-06T17:50:09Z
152692,2002-11-28T15:46:51Z
170567,2003-01-18T05:32:57Z
199033,2003-03-20T09:18:50Z
214505,2003-04-22T08:26:47Z
234226,2003-05-26T10:28:06Z
235175,2003-05-27T20:35:03Z
267139,2003-07-14T08:02:56Z
285236,2003-07-31T10:50:03Z
367492,2003-11-15T17:55:27Z
406213,2003-12-18T00:19:37Z
457857,2004-02-06T22:41:16Z
1081613,2004-10-19T01:37:46Z
1129368,2004-11-03T17:02:51Z
1347787,2004-12-31T14:57:30Z
1514392,2005-02-16T20:20:27Z
1552050,2005-02-27T22:12:37Z
1675998,2005-03-31T21:40:27Z
30011,2001-07-26T22:39:22Z
30299,2001-07-04T06:13:31Z
30325,2001-09-08T21:38:08Z
30364,2001-09-22T04:17:45Z
30549,2001-08-26T12:41:14Z
30906,2001-10-12T17:25:38Z
31146,2001-11-18T20:31:55Z
41805,2002-02-26T00:34:15Z
42734,2002-03-04T09:59:06Z
145297,2002-11-08T22:18:49Z
178788,2003-02-03T13:58:10Z
200115,2003-03-23T00:13:29Z
200463,2003-03-23T18:40:12Z
212409,2003-04-18T13:56:29Z
242666,2003-06-09T11:13:58Z
254606,2003-06-28T21:09:00Z
262401,2003-07-06T22:58:10Z
467685,2004-02-13T21:40:17Z
473774,2004-02-17T19:36:43Z
564810,2004-03-30T19:07:06Z
632093,2004-05-03T03:38:27Z
632331,2004-05-03T07:07:17Z
635926,2004-05-05T02:58:01Z
849376,2004-07-22T11:43:10Z
971889,2004-09-09T17:35:03Z
1157698,2004-11-11T14:45:07Z
1645923,2005-03-25T02:59:01Z
2159805,2005-07-03T03:17:47Z
3920550,2006-02-01T13:32:07Z
4006429,2006-02-08T21:44:08Z
4622312,2006-04-04T05:27:21Z
18630637,2001-11-06T16:02:39Z
22752001,2009-05-10T14:36:09Z
44430287,2011-01-29T15:04:16Z
53650506,2017-03-31T14:47:27Z
41811,2002-02-26T00:35:39Z
41812,2002-02-26T00:35:55Z
41821,2002-02-26T00:37:08Z
48560,2002-04-10T09:09:33Z
50571,2002-04-14T08:36:39Z
51114,2002-05-02T14:44:25Z
61164,2002-07-09T14:38:10Z
76408,2002-08-26T23:45:50Z
201826,2003-03-27T00:51:15Z
204682,2003-04-01T22:28:06Z
235248,2003-05-27T22:08:53Z
245181,2003-06-13T07:11:22Z
247737,2003-06-17T02:05:09Z
351077,2003-10-27T18:34:34Z
463469,2004-02-10T13:02:44Z
473167,2004-02-17T08:16:14Z
529578,2004-03-15T23:55:24Z
535623,2004-03-18T20:00:17Z
597584,2004-04-15T05:28:25Z
827692,2004-07-15T20:40:00Z
1072572,2004-10-16T06:11:25Z
1251566,2004-12-07T04:38:37Z
2279794,2005-07-21T14:10:48Z
4472911,2006-03-22T03:38:17Z
9710174,2007-02-25T10:40:27Z
10855775,2007-04-23T18:16:41Z
17420591,2008-05-14T10:44:03Z
18955875,2001-09-04T12:42:37Z
22641228,2009-05-01T15:02:28Z
25716052,2010-01-07T16:34:16Z
30865215,2005-05-31T13:12:03Z
40674864,2013-10-01T01:54:04Z
49556969,2016-02-26T21:20:47Z
30367,2001-01-23T03:41:20Z
30654,2001-09-15T00:05:13Z
44370,2002-03-14T14:49:03Z
52151,2002-05-16T09:18:40Z
61836,2002-07-13T11:49:07Z
68937,2002-08-07T16:27:03Z
72465,2002-08-16T11:03:57Z
102695,2002-10-12T02:17:07Z
243325,2003-06-10T06:44:36Z
245733,2003-06-13T23:17:33Z
467048,2004-02-13T09:58:42Z
489228,2004-02-26T00:53:24Z
591568,2004-04-12T06:11:59Z
604612,2004-04-18T20:29:10Z
637902,2004-05-06T02:41:51Z
801323,2004-07-09T20:37:37Z
1034397,2004-10-02T17:54:40Z
1620404,2005-03-18T23:13:07Z
1735600,2005-04-13T21:21:56Z
1773782,2005-04-21T05:57:27Z
2164556,2005-07-04T00:11:56Z
2240717,2005-07-15T17:13:51Z
2575412,2005-08-30T13:20:31Z
2655103,2005-09-10T19:18:24Z
2959177,2005-10-21T03:50:06Z
5260175,2006-05-23T14:40:45Z
9888821,2007-03-06T05:01:40Z
12221449,2007-07-12T16:05:04Z
18238940,2008-07-02T01:04:31Z
18506510,2008-07-20T00:02:59Z
18717261,2001-09-08T00:12:15Z
20969787,2009-01-06T01:18:22Z
29026890,2010-10-02T12:19:34Z
37357343,2012-10-17T14:28:07Z
50691950,2016-06-01T04:10:07Z
66143499,2020-12-19T04:24:00Z
30462,2001-08-10T01:11:48Z
31036,2001-10-30T10:13:47Z
41822,2002-02-26T00:37:16Z
54416,2002-05-31T18:25:32Z
58671,2002-06-21T14:22:44Z
66577,2002-08-01T11:01:30Z
66676,2002-08-01T18:22:41Z
66680,2002-08-01T18:27:47Z
140615,2002-10-27T05:50:57Z
187505,2003-02-23T22:18:59Z
309620,2003-09-02T00:19:19Z
449938,2004-02-01T03:39:08Z
534057,2004-03-18T03:31:10Z
683065,2004-05-27T17:45:27Z
867041,2004-07-30T10:06:08Z
1038144,2004-10-04T02:34:19Z
1072877,2004-10-16T08:03:15Z
1104398,2004-10-26T04:35:03Z
1262296,2004-12-10T10:49:01Z
1533133,2005-02-21T17:47:46Z
1693123,2005-04-04T20:57:27Z
1798259,2005-04-26T03:00:31Z
2585489,2005-08-31T19:18:03Z
3466552,2005-12-19T03:25:41Z
3892336,2006-01-30T05:03:38Z
7108409,2006-09-22T15:15:07Z
7195284,2006-09-28T18:21:34Z
7793847,2006-11-05T20:00:23Z
8282374,2002-01-09T02:30:27Z
11327079,2007-05-20T20:38:39Z
11724761,2007-06-12T02:11:24Z
15382920,2008-01-23T17:49:47Z
24135908,2009-08-27T22:03:16Z
24405894,2009-09-20T04:48:06Z
25453345,2001-10-23T21:13:34Z
28760070,2010-09-09T13:36:24Z
28937128,2010-09-24T15:13:26Z
39190148,2013-04-22T21:56:28Z
40677560,2013-10-01T11:53:43Z
50986522,2016-07-03T16:57:47Z
29920,2001-02-02T03:56:44Z
30268,2001-06-12T14:36:28Z
30653,2001-09-29T21:43:27Z
30684,2001-09-20T11:21:42Z
31161,2001-11-20T20:53:57Z
31456,2002-01-07T02:06:01Z
44481,2002-03-15T10:12:52Z
58358,2002-06-18T21:42:32Z
143471,2002-11-03T04:36:30Z
161711,2002-12-26T01:24:03Z
371516,2003-11-18T19:24:37Z
397263,2003-12-11T10:26:53Z
430588,2004-01-14T15:10:16Z
453085,2004-02-03T10:31:43Z
580511,2004-04-06T19:42:22Z
594303,2004-04-13T16:23:27Z
596833,2004-04-14T22:35:17Z
746462,2004-06-23T10:21:54Z
772517,2004-07-02T18:06:32Z
896753,2004-08-13T00:44:30Z
897906,2004-08-13T14:04:04Z
969603,2004-09-08T19:27:41Z
2309682,2005-07-26T02:39:30Z
3666492,2006-01-09T12:31:55Z
5276486,2006-05-24T19:10:37Z
5439261,2006-06-05T21:18:41Z
9366097,2007-02-07T14:45:30Z
20768715,2005-10-07T18:09:05Z
30876878,2004-01-31T16:21:15Z
37384221,2012-10-19T13:47:21Z
52428089,2016-11-30T01:21:51Z
57855710,2018-07-08T14:44:54Z
57855810,2018-07-08T15:05:25Z
61280169,2019-07-14T14:41:56Z
30403,2001-08-20T17:13:46Z
30848,2001-10-03T21:30:10Z
31198,2001-11-29T02:38:31Z
31440,2002-01-03T22:04:44Z
72821,2002-08-17T16:27:11Z
80506,2002-09-04T16:06:27Z
132729,2002-01-24T14:06:15Z
154664,2002-12-05T01:00:53Z
277468,2003-07-26T01:29:28Z
335634,2003-10-06T18:46:04Z
526237,2004-03-14T16:35:36Z
764405,2004-06-29T18:44:10Z
911953,2004-08-19T13:39:50Z
1047944,2004-10-07T20:49:20Z
1763424,2005-04-19T12:14:28Z
1999139,2005-06-06T05:09:33Z
3561922,2005-12-29T21:12:08Z
4297226,2006-03-06T16:41:34Z
4387889,2006-03-14T10:10:56Z
5235111,2006-05-21T20:15:24Z
5439344,2006-06-05T21:25:32Z
5439408,2006-06-05T21:29:52Z
5439545,2006-06-05T21:38:42Z
5439627,2006-06-05T21:43:22Z
11480549,2007-05-29T05:07:25Z
14711458,2007-12-15T02:30:29Z
18674875,2008-08-01T07:31:24Z
20809708,2008-12-22T20:23:12Z
27661959,2010-06-09T22:54:35Z
30061,2001-05-19T17:21:32Z
31349,2001-12-18T10:40:23Z
31871,2001-06-22T15:39:49Z
40282,2002-02-22T09:49:02Z
178258,2003-02-02T19:09:25Z
199701,2003-03-22T01:34:17Z
279693,2003-07-27T11:29:07Z
432624,2004-01-16T09:41:10Z
516921,2004-03-10T04:55:30Z
608002,2004-04-20T13:42:54Z
672291,2004-05-22T16:15:31Z
672358,2004-05-22T16:37:57Z
1068627,2004-10-14T21:14:53Z
1301093,2004-12-20T04:12:28Z
1502985,2005-02-14T02:02:15Z
2015316,2005-06-09T16:24:39Z
2704176,2005-09-19T00:04:36Z
2983685,2005-10-24T01:31:13Z
3092190,2005-11-06T07:17:12Z
5657877,2006-06-21T21:49:16Z
5731588,2006-06-27T14:55:27Z
11733967,2007-06-12T17:46:41Z
11920944,2007-06-23T21:49:38Z
14716135,2007-12-15T14:30:56Z
16811057,2008-04-07T16:11:04Z
16818862,2008-04-08T00:55:28Z
24969173,2009-11-05T05:01:01Z
33467432,2011-10-19T23:01:08Z
37667343,2012-11-17T06:57:24Z
31780,2001-05-10T19:56:09Z
31883,2001-09-02T15:45:13Z
31990,2001-11-14T02:00:44Z
51795,2002-05-10T00:36:00Z
63531,2002-07-22T21:34:48Z
63778,2002-07-23T17:51:27Z
71020,2002-08-13T05:36:47Z
102318,2002-10-10T21:14:46Z
173523,2003-01-24T00:20:18Z
184527,2003-02-17T22:56:51Z
210294,2003-04-14T06:29:15Z
214124,2003-04-21T20:49:55Z
233253,2003-05-24T21:03:30Z
237207,2003-05-30T21:48:13Z
240914,2003-06-06T00:26:20Z
285948,2003-08-01T14:49:46Z
318784,2003-09-15T03:47:03Z
326462,2003-09-25T00:03:28Z
365845,2003-11-14T03:02:19Z
390906,2003-12-06T19:40:05Z
430976,2004-01-15T00:14:38Z
536079,2004-03-18T23:54:54Z
627476,2004-04-30T21:26:42Z
801679,2004-07-09T22:10:21Z
1011231,2004-09-23T15:47:08Z
1724891,2005-04-11T20:28:14Z
2147511,2005-07-01T01:58:04Z
2324679,2005-07-28T04:27:03Z
2380936,2005-08-05T00:07:22Z
2397690,2005-08-07T07:15:48Z
5987648,2006-07-16T15:07:53Z
7504825,2006-10-18T19:39:57Z
76615493,2024-04-15T00:04:30Z
31717,2001-11-02T17:36:50Z
31742,2001-10-07T02:48:24Z
31814,2001-10-07T03:02:17Z
31975,2001-09-14T00:37:46Z
32090,2001-10-13T07:59:18Z
32146,2002-02-25T15:43:11Z
32169,2001-11-12T00:46:34Z
32211,2001-11-30T12:56:46Z
31880,2001-10-01T19:21:41Z
32308,2002-01-09T13:47:51Z
45200,2002-03-21T01:27:36Z
58900,2002-06-22T19:00:27Z
76174,2002-08-26T08:37:02Z
92025,2002-09-25T22:24:02Z
233497,2003-05-25T06:42:27Z
241026,2003-06-06T06:06:04Z
408290,2003-12-19T20:32:50Z
2253116,2005-07-17T18:05:31Z
2751096,2005-09-25T00:48:09Z
4782123,2006-04-17T13:27:13Z
17428898,2008-05-14T21:09:54Z
18075548,2008-06-22T16:01:14Z
18543448,2008-07-22T19:15:07Z
18679245,2008-08-01T16:39:29Z
20169599,2008-11-11T20:09:45Z
28310828,2010-08-09T19:20:30Z
32819303,2005-09-11T19:30:29Z
31743,2001-05-17T13:53:38Z
32236,2001-12-06T02:06:31Z
39354,2002-02-18T00:00:31Z
44475,2001-11-05T01:15:01Z
47902,2002-03-01T02:55:53Z
295670,2003-08-13T15:01:50Z
341029,2003-10-15T05:27:53Z
374388,2003-11-21T12:07:26Z
448850,2004-01-31T08:34:06Z
450257,2004-02-01T09:20:45Z
674200,2004-05-23T09:32:59Z
1315510,2004-12-23T07:02:03Z
2030181,2005-06-12T12:26:49Z
2152848,2005-07-01T23:09:23Z
2470504,2005-08-17T00:06:11Z
2593019,2005-09-01T19:11:23Z
3467050,2005-12-19T04:19:46Z
3668182,2006-01-09T17:55:43Z
3755288,2006-01-17T22:47:03Z
3865797,2006-01-27T18:16:29Z
3867349,2006-01-27T21:14:38Z
3997849,2006-02-08T02:50:05Z
4240766,2006-03-01T19:42:48Z
4354619,2006-03-11T15:45:05Z
4392706,2006-03-14T21:00:24Z
4746264,2006-04-14T13:39:18Z
14157979,2007-11-09T11:58:41Z
36164426,2012-06-17T03:37:44Z
36164451,2012-06-17T03:45:18Z
36173853,2012-06-18T06:44:44Z
68250445,2021-07-16T13:02:17Z
69023655,2021-10-14T22:24:19Z
31716,2001-10-11T22:55:21Z
31734,2001-03-10T17:00:26Z
31792,2001-11-23T20:03:19Z
31863,2001-06-08T17:46:58Z
32055,2001-10-01T06:57:51Z
32133,2001-10-28T00:52:16Z
45249,2002-03-21T08:51:25Z
45479,2002-03-22T16:23:42Z
55927,2002-06-10T08:34:26Z
159421,2002-12-19T00:22:03Z
188325,2003-02-25T18:04:24Z
278159,2003-07-26T21:45:18Z
288276,2003-08-05T00:49:01Z
300006,2003-08-19T18:56:58Z
416448,2003-12-31T08:01:38Z
488815,2004-02-25T20:43:04Z
504357,2004-03-04T15:23:17Z
534487,2004-03-18T07:31:26Z
596485,2004-04-14T18:25:48Z
655311,2004-05-15T03:55:56Z
1018347,2004-09-26T02:21:06Z
1241442,2004-12-04T12:38:15Z
1256791,2004-12-08T21:00:21Z
1324296,2004-12-24T23:59:16Z
1462876,2005-02-03T17:21:47Z
1615045,2005-03-17T17:35:27Z
2261519,2005-07-18T23:33:10Z
3059114,2005-11-02T02:20:59Z
3649722,2006-01-07T20:39:54Z
3938382,2006-02-02T23:06:12Z
5962773,2006-07-14T14:19:43Z
11526369,2007-05-31T19:59:09Z
14098910,2003-02-02T15:10:18Z
16301990,2005-06-15T19:35:44Z
18363322,2008-07-09T14:09:20Z
21306775,2009-01-29T05:13:31Z
22228816,2009-03-31T23:17:01Z
32347,2001-10-13T13:23:07Z
32416,2001-05-04T01:38:59Z
32476,2001-11-08T00:25:58Z
32496,2001-10-30T10:17:21Z
32502,2001-07-27T00:53:59Z
32653,2001-10-26T07:32:42Z
63554,2002-07-22T22:04:50Z
143689,2002-11-03T18:20:48Z
239140,2003-06-02T22:12:58Z
296060,2003-08-14T03:24:05Z
338331,2003-10-10T20:11:31Z
568674,2004-04-01T04:37:07Z
735965,2004-06-19T01:14:13Z
1065730,2004-10-13T21:01:39Z
1117979,2004-10-30T15:40:55Z
1256194,2004-12-08T16:00:08Z
1393189,2005-01-13T16:56:13Z
1491601,2005-02-10T23:22:51Z
1645042,2005-03-24T22:57:43Z
2338399,2005-07-30T02:28:15Z
4095147,2006-02-16T18:06:30Z
4095185,2006-02-16T18:10:49Z
4602964,2005-08-31T11:05:24Z
9619738,2007-02-21T01:59:30Z
10857373,2007-04-23T19:46:05Z
21304742,2001-02-02T01:28:21Z
30694795,2011-01-30T22:10:02Z
46325124,2015-04-05T21:43:01Z
32344,2001-02-25T02:09:56Z
32505,2002-02-25T15:43:11Z
32754,2001-12-13T20:13:13Z
40197,2002-02-21T09:18:22Z
52642,2002-03-16T08:36:29Z
63025,2002-07-20T23:57:45Z
70657,2002-08-12T04:03:42Z
142257,2002-10-30T06:57:26Z
146086,2002-11-11T08:35:59Z
204762,2003-04-02T03:09:45Z
206064,2003-04-04T22:40:17Z
231506,2003-05-22T03:58:34Z
349470,2003-10-25T15:20:49Z
370768,2003-11-18T02:08:56Z
730824,2004-06-16T19:13:57Z
1001608,2004-09-20T13:04:55Z
1277289,2004-12-14T18:24:12Z
1845708,2005-05-05T18:00:13Z
2532889,2005-08-25T02:37:02Z
2549117,2005-08-27T01:41:13Z
3728109,2006-01-15T09:48:17Z
4481904,2006-03-22T23:45:07Z
4742670,2006-04-14T04:21:40Z
5035455,2006-05-06T19:25:04Z
5036759,2006-05-06T21:18:01Z
5048115,2006-05-07T17:05:03Z
5048141,2006-05-07T17:07:57Z
5439870,2006-06-05T21:58:31Z
12617694,2007-08-04T23:24:23Z
13665900,2007-10-10T18:34:11Z
15915853,2008-02-23T19:24:29Z
19792997,2008-10-15T20:48:33Z
21013211,2009-01-09T02:18:44Z
40237498,2013-08-14T07:19:15Z
40805725,2013-10-16T00:40:37Z
52177473,2002-09-08T00:37:22Z
62078649,2019-10-16T17:15:12Z
32370,2001-10-21T00:55:57Z
32410,2001-05-03T21:54:49Z
32434,2001-05-20T03:06:42Z
32640,2001-08-17T03:00:17Z
47805,2002-04-05T23:20:07Z
53227,2002-05-24T03:18:32Z
62641,2002-07-18T11:08:21Z
66966,2002-08-02T14:11:50Z
276524,2003-07-24T17:49:34Z
332989,2003-10-02T02:45:02Z
389689,2003-12-05T16:19:33Z
410999,2003-12-22T07:22:38Z
479413,2004-02-21T02:04:58Z
585708,2004-04-09T14:56:18Z
649711,2004-05-12T10:29:09Z
674274,2004-05-23T11:06:12Z
947217,2004-08-31T16:27:11Z
1370831,2005-01-07T10:56:03Z
2008322,2005-06-08T07:26:00Z
2399016,2005-08-07T13:28:54Z
2711505,2005-09-20T02:11:13Z
3009040,2005-10-27T04:32:16Z
3042854,2005-10-31T05:26:45Z
3042861,2005-10-31T05:27:29Z
3094833,2005-11-06T17:24:15Z
3464580,2005-12-18T23:44:27Z
5071866,2006-05-09T06:17:10Z
5791492,2002-02-04T04:05:50Z
8040039,2004-02-06T00:21:50Z
20491903,2001-09-06T23:35:35Z
23218956,2009-06-14T18:39:02Z
23874520,2009-08-05T14:07:16Z
32745,2001-12-10T18:59:51Z
36856,2002-02-25T15:43:11Z
49016,2002-01-07T20:20:25Z
151965,2002-11-26T12:47:11Z
170578,2003-01-18T06:12:17Z
211191,2003-04-15T23:24:25Z
213788,2003-04-21T07:27:21Z
226985,2003-05-14T13:42:21Z
262572,2003-07-07T04:35:43Z
276465,2003-07-24T16:41:43Z
593255,2004-04-13T02:55:00Z
619442,2004-04-26T05:25:40Z
638899,2004-05-06T17:56:10Z
657384,2004-05-16T00:28:58Z
1015782,2004-09-25T04:47:50Z
1941545,2005-05-25T23:22:13Z
2240066,2005-07-15T15:17:16Z
3555585,2005-12-29T05:10:04Z
5423397,2006-06-04T20:00:09Z
7443253,2006-10-14T19:27:02Z
8354104,2006-12-09T20:27:45Z
11308417,2007-05-19T17:09:29Z
12082615,2007-07-04T09:54:12Z
13012982,2007-08-30T02:56:39Z
13029322,2007-08-31T05:43:31Z
13804732,2007-10-19T10:55:57Z
24644075,2009-10-10T17:18:51Z
27258428,2010-05-06T17:52:13Z
33899852,2004-10-24T01:24:11Z
47066830,2015-06-24T10:20:22Z
80037495,2025-05-23T14:37:41Z
5363,2001-03-31T07:44:09Z
32407,2001-09-09T20:07:54Z
32572,2002-02-25T15:43:11Z
32654,2002-02-25T15:51:15Z
32823,2001-07-27T22:35:57Z
53509,2002-05-26T12:07:41Z
143874,2002-11-04T07:40:46Z
151648,2002-11-25T14:12:48Z
167276,2003-01-09T20:37:46Z
214067,2003-04-21T18:37:01Z
223999,2003-05-09T06:01:35Z
301888,2003-08-22T00:40:35Z
308981,2003-09-01T03:38:27Z
348029,2003-10-23T18:04:11Z
472645,2004-02-17T00:12:22Z
516757,2004-03-10T03:27:55Z
1070105,2004-10-15T09:26:50Z
1167062,2004-11-14T03:23:55Z
1552505,2005-02-28T00:51:11Z
1554448,2005-02-28T16:42:18Z
1884416,2005-05-14T02:44:56Z
2031942,2005-06-12T18:30:26Z
2874515,2005-10-10T08:34:54Z
4449103,2006-03-19T23:38:06Z
6446282,2006-08-14T04:05:38Z
6587247,2006-08-21T06:47:34Z
7449188,2006-10-15T02:48:24Z
7854229,2006-11-09T14:13:54Z
32353,2001-09-29T22:41:07Z
32528,2001-08-09T16:09:44Z
32612,2001-10-03T21:57:44Z
32664,2001-10-29T19:11:32Z
32698,2001-11-18T20:21:08Z
32772,2002-02-25T15:43:11Z
41464,2002-02-25T15:51:15Z
42896,2002-03-05T04:23:58Z
177434,2003-02-01T05:27:24Z
192316,2003-03-06T01:05:40Z
198716,2003-03-19T18:12:00Z
406929,2003-12-18T14:37:24Z
648954,2004-05-11T22:43:00Z
660850,2004-05-17T13:02:55Z
669120,2004-05-21T05:08:45Z
711288,2004-06-09T04:59:02Z
907075,2004-08-17T15:21:18Z
953369,2004-09-03T01:01:03Z
999909,2004-09-19T22:32:46Z
1796418,2005-04-25T20:43:34Z
2250081,2005-07-17T04:20:15Z
2265543,2005-07-19T13:35:00Z
2307338,2005-07-25T19:48:25Z
2776501,2005-09-27T15:56:31Z
2892491,2005-10-12T20:17:02Z
3101395,2005-11-07T13:52:36Z
4624167,2006-04-04T10:34:39Z
5031967,2006-05-06T13:25:40Z
11112693,2007-05-08T02:15:32Z
18315951,2008-07-06T18:39:46Z
18963754,2002-02-24T11:13:55Z
19167679,2001-06-22T10:05:05Z
19327123,2008-09-15T10:25:51Z
21280496,2003-06-07T10:06:13Z
30256312,2010-12-31T09:12:08Z
37196385,2012-10-02T19:30:41Z
43798139,2014-09-11T13:53:42Z
47581074,2015-08-20T21:47:19Z
50228744,2016-04-18T23:53:56Z
50234312,2016-04-19T12:10:47Z
68212199,2021-07-11T18:52:09Z
32549,2001-08-28T14:33:42Z
32559,2001-09-07T16:46:20Z
32567,2001-09-16T04:19:15Z
32571,2001-10-09T17:18:43Z
81256,2002-09-06T12:23:34Z
186142,2003-02-21T12:17:03Z
191445,2003-03-03T23:10:57Z
238112,2003-06-01T00:48:58Z
256572,2003-07-02T08:29:16Z
328850,2003-09-27T15:27:08Z
328853,2003-09-27T15:32:06Z
393519,2003-12-08T18:38:02Z
513591,2004-03-08T21:28:57Z
598329,2004-04-15T15:28:11Z
1014518,2004-09-24T18:27:39Z
1258615,2004-12-09T08:47:12Z
1572073,2005-03-05T15:36:27Z
1933407,2005-05-24T11:00:44Z
2500759,2005-08-20T23:04:21Z
2528589,2005-08-24T15:35:39Z
8921015,2007-01-14T16:30:47Z
9446968,2007-02-11T18:53:44Z
14538619,2002-05-29T18:49:55Z
15553696,2008-02-02T14:05:26Z
21018941,2009-01-09T14:43:54Z
24998247,2002-05-29T18:47:46Z
27380659,2010-05-17T07:30:58Z
30861018,2005-09-28T03:46:12Z
37576693,2012-11-08T08:55:35Z
47863556,2003-03-19T21:54:32Z
32498,2001-07-26T17:24:48Z
32566,2001-09-16T03:08:53Z
32743,2001-12-10T15:38:24Z
49396,2002-04-17T07:27:25Z
147966,2002-11-16T18:50:30Z
154665,2002-12-05T01:05:32Z
166010,2003-01-06T15:10:08Z
203314,2003-03-30T01:16:29Z
237744,2003-05-31T14:25:46Z
314758,2003-09-09T09:37:52Z
319613,2003-09-16T08:05:02Z
405532,2001-10-03T19:47:07Z
418403,2004-01-02T12:21:31Z
501040,2004-03-03T02:46:08Z
624231,2004-04-29T03:13:30Z
675364,2004-05-23T20:52:11Z
700154,2004-06-03T02:00:56Z
1023624,2004-09-28T01:11:39Z
1091136,2004-10-22T02:46:56Z
1281696,2004-12-15T16:44:03Z
1624490,2005-03-19T23:00:49Z
1686418,2005-04-03T07:58:12Z
4791570,2006-04-18T04:13:39Z
8055514,2006-11-21T21:11:41Z
8284237,2006-12-05T19:09:58Z
10395974,2007-03-31T23:34:38Z
21897741,2009-03-10T02:54:18Z
22468364,2009-04-18T18:37:27Z
25439126,2001-06-12T23:28:10Z
26276609,2010-02-21T00:51:35Z
26898094,2010-04-10T00:37:39Z
39512109,2013-05-28T19:24:59Z
33509,2001-08-19T18:46:26Z
33883,2002-02-25T15:43:11Z
34049,2002-02-25T15:43:11Z
39007,2002-02-13T07:18:23Z
53706,2002-05-27T08:29:51Z
196508,2003-03-15T01:49:44Z
393632,2003-12-08T20:14:44Z
568664,2004-04-01T04:31:56Z
668035,2004-05-20T18:44:40Z
693202,2004-05-31T05:16:30Z
740734,2004-06-21T11:17:35Z
918643,2004-08-21T23:05:00Z
1278471,2004-12-14T23:15:26Z
1533268,2005-02-21T19:11:15Z
1600352,2005-03-13T05:00:49Z
1650227,2005-03-26T05:00:09Z
2581277,2005-08-31T05:58:46Z
3343584,2005-12-06T23:48:31Z
3686788,2006-01-11T14:34:12Z
5163454,2006-05-16T06:19:00Z
6654258,2006-08-24T09:57:25Z
33306,2001-07-27T10:33:07Z
33980,2002-02-25T15:51:15Z
34053,2001-12-27T07:25:29Z
58708,2002-06-21T20:14:04Z
69442,2002-08-08T18:29:23Z
89547,2002-09-23T01:53:01Z
150248,2002-11-23T18:32:09Z
157835,2002-12-14T08:24:47Z
200167,2003-03-23T03:19:36Z
210555,2003-04-14T18:31:12Z
214701,2003-04-22T18:06:21Z
239926,2003-06-04T10:45:27Z
306773,2003-08-28T21:09:15Z
312266,2003-09-05T18:13:43Z
460253,2004-02-08T10:22:55Z
588001,2004-04-10T15:45:54Z
588004,2004-04-10T15:46:51Z
604671,2004-04-18T21:10:39Z
974761,2004-09-10T20:02:04Z
1249541,2004-12-06T17:10:24Z
1388325,2005-01-12T03:29:49Z
1902712,2005-05-18T01:20:33Z
5149747,2006-05-15T06:03:22Z
6169303,2006-07-29T12:45:12Z
7852580,2006-11-09T10:42:25Z
12585208,2007-08-02T22:33:52Z
15380061,2008-01-23T14:04:58Z
18581463,2003-01-01T21:27:51Z
21161137,2009-01-19T13:17:32Z
30320168,2011-01-05T12:46:58Z
15112,2001-10-08T15:28:47Z
33125,2001-10-10T20:31:37Z
33426,2001-10-28T20:05:53Z
33516,2001-10-22T20:09:54Z
33629,2001-09-03T19:05:33Z
33691,2001-10-04T01:59:08Z
33721,2001-10-16T00:26:14Z
33978,2001-12-11T17:03:32Z
47592,2002-04-04T06:50:39Z
50903,2002-04-30T13:48:05Z
58256,2002-06-19T17:02:08Z
71138,2002-08-13T10:50:29Z
145343,2002-11-09T00:30:56Z
150243,2002-11-23T18:15:00Z
164570,2003-01-03T14:59:07Z
174851,2003-01-26T20:40:31Z
181557,2003-02-10T22:34:08Z
262270,2003-07-06T17:33:11Z
342729,2003-10-17T06:07:08Z
348349,2003-10-24T03:32:29Z
366023,2003-11-14T07:13:26Z
487315,2004-02-25T00:27:00Z
706884,2004-06-06T01:27:44Z
1057897,2004-10-11T16:47:13Z
1484541,2005-02-09T06:46:02Z
1789206,2005-04-24T06:28:39Z
1854161,2005-05-07T17:02:41Z
2099543,2005-06-23T11:56:06Z
2702570,2005-09-18T19:02:21Z
8619843,2006-12-26T23:34:22Z
10240001,2007-03-24T17:29:15Z
10389335,2007-03-31T15:33:55Z
18802919,2008-08-10T23:50:26Z
21347693,2002-02-07T03:17:48Z
26298663,2010-02-22T18:54:03Z
41556706,2014-01-05T17:43:09Z
54133326,2017-05-24T14:12:24Z
33120,2001-04-27T04:55:28Z
33173,2001-11-02T05:14:50Z
33274,2001-03-03T23:41:44Z
33455,2001-08-08T16:30:09Z
33914,2002-02-25T15:51:15Z
33931,2001-12-03T03:42:22Z
72585,2002-08-16T16:53:26Z
154877,2002-12-05T21:22:14Z
206018,2003-04-04T20:59:08Z
216354,2003-04-25T23:22:14Z
245523,2003-06-13T17:44:23Z
246674,2003-06-15T08:32:30Z
264727,2003-07-10T17:59:41Z
265307,2003-07-11T16:52:37Z
288311,2003-08-05T01:28:31Z
307263,2003-08-29T17:34:58Z
418456,2004-01-02T14:52:18Z
477037,2004-02-19T20:21:23Z
675776,2004-05-24T00:34:38Z
714710,2004-06-10T15:54:39Z
964428,2004-09-07T01:18:29Z
1149933,2004-11-09T19:37:04Z
1247165,2004-12-06T00:16:16Z
1555022,2005-02-28T20:17:31Z
1952367,2005-05-28T03:13:49Z
1959487,2005-05-29T18:31:29Z
2188689,2005-07-07T19:22:57Z
2822557,2005-10-03T06:12:46Z
3234359,2005-11-24T20:28:59Z
4075466,2006-02-15T02:11:48Z
4181328,2006-02-24T09:36:56Z
4213165,2006-02-27T05:45:01Z
8561200,2006-12-22T10:29:03Z
18603506,2001-11-05T15:11:04Z
19653902,2001-09-24T09:40:15Z
21076839,2001-12-30T14:30:33Z
30766730,2011-02-06T07:54:37Z
32171811,2011-06-22T14:37:47Z
38492648,2013-02-12T02:34:20Z
44049750,2014-10-07T17:58:10Z
72544879,2022-12-21T18:46:32Z
76129712,2024-02-18T20:01:59Z
33545,2001-09-30T05:10:56Z
33555,2001-09-05T09:02:43Z
36858,2002-02-25T15:43:11Z
61026,2002-07-08T13:40:35Z
73162,2002-08-18T21:33:51Z
102024,2001-09-05T17:01:38Z
108699,2002-10-18T15:13:02Z
311354,2003-09-04T10:52:20Z
313646,2003-09-07T15:55:38Z
438566,2004-01-22T03:22:48Z
526664,2004-03-14T20:24:14Z
540571,2004-03-21T01:42:59Z
576869,2004-04-05T01:59:18Z
1214697,2004-11-27T12:48:07Z
1228152,2004-11-30T22:57:39Z
1238173,2004-12-03T15:00:29Z
3656757,2006-01-08T13:46:50Z
3916626,2006-02-01T03:29:03Z
5653017,2006-06-21T15:11:18Z
8924055,2007-01-14T20:23:40Z
14577799,2007-12-05T23:15:10Z
15105978,2003-03-08T09:18:49Z
33234,2001-06-03T14:36:09Z
33501,2001-07-27T08:23:06Z
38140,2002-02-08T13:12:41Z
42607,2002-03-03T09:11:17Z
63973,2002-07-24T13:46:18Z
71119,2002-08-13T10:14:39Z
149984,2002-11-22T21:40:19Z
156658,2002-12-10T23:26:06Z
186468,2003-02-22T02:57:51Z
234482,2003-05-26T20:55:37Z
396275,2003-12-10T17:29:11Z
1199462,2004-11-23T00:50:14Z
1216721,2004-11-27T23:57:13Z
33537,2001-08-30T21:15:54Z
38247,2002-02-16T03:31:27Z
43490,2002-03-09T09:55:56Z
60138,2002-07-02T23:07:58Z
100439,2002-10-07T12:29:19Z
154910,2002-12-05T22:11:26Z
165198,2003-01-04T15:59:23Z
166760,2003-01-08T06:25:15Z
223992,2003-05-09T05:53:31Z
276852,2003-07-25T01:53:25Z
277289,2003-07-25T19:05:35Z
338965,2003-10-11T22:17:45Z
373172,2003-11-20T10:33:42Z
454209,2004-02-04T06:03:20Z
710251,2004-06-08T20:54:11Z
795651,2004-07-07T22:38:44Z
860924,2004-07-27T13:16:18Z
1170314,2004-11-15T01:29:34Z
1264450,2004-12-11T01:58:14Z
1654164,2005-03-27T04:23:42Z
4743248,2006-04-14T05:39:03Z
4860340,2006-04-23T02:28:57Z
7221435,2006-09-30T16:39:32Z
7958909,2006-11-15T23:33:39Z
9463925,2007-02-12T15:29:50Z
15240207,2008-01-15T23:15:36Z
15440316,2001-10-02T12:22:02Z
33143,2001-05-15T13:10:19Z
33172,2001-05-19T16:35:25Z
33498,2001-09-10T04:40:01Z
33550,2001-09-03T14:56:13Z
33882,2001-09-13T13:04:07Z
34061,2001-12-30T05:16:59Z
38431,2002-02-25T15:43:11Z
113079,2002-10-18T23:06:31Z
149861,2002-11-22T10:53:02Z
185520,2003-02-20T03:54:14Z
244878,2003-06-12T23:08:20Z
295971,2003-08-14T00:21:41Z
481484,2004-02-22T04:27:49Z
544476,2004-03-22T18:30:27Z
875533,2004-08-03T15:39:29Z
1076662,2004-10-17T16:45:07Z
1083301,2004-10-19T15:32:26Z
1510857,2005-02-15T23:12:14Z
1613344,2005-03-16T15:24:03Z
2016081,2005-06-09T19:21:02Z
2114535,2005-06-25T18:48:04Z
3183582,2005-11-17T14:36:58Z
8094068,2006-11-24T02:30:47Z
18268072,2008-07-03T17:21:04Z
37841387,2012-12-05T16:56:24Z
43561218,2014-08-14T10:44:37Z
46418619,2015-04-15T15:03:50Z
47527969,2015-08-14T22:22:48Z
57307464,2018-05-03T00:51:23Z
33139,2001-11-01T14:10:12Z
33912,2001-11-21T21:42:36Z
34151,2001-08-04T17:12:50Z
34197,2001-10-20T20:27:41Z
38714,2002-02-11T00:35:12Z
44062,2001-09-03T00:17:11Z
53954,2002-05-28T19:30:05Z
68181,2002-08-06T03:01:58Z
70847,2002-08-12T14:43:28Z
72048,2002-08-15T09:47:24Z
156962,2002-12-11T20:08:18Z
208144,2003-04-10T05:36:51Z
233654,2003-05-25T14:10:12Z
234901,2003-05-27T14:12:51Z
295677,2003-08-13T15:21:27Z
418604,2004-01-02T21:10:09Z
425443,2004-01-09T13:13:55Z
491939,2004-02-27T22:51:26Z
553950,2004-03-26T08:52:55Z
651278,2004-05-13T02:53:03Z
771916,2004-07-02T13:31:13Z
1590842,2005-03-10T19:21:28Z
1799104,2005-04-26T08:21:49Z
34138,2001-09-27T18:25:49Z
34139,2001-05-17T13:35:21Z
46675,2002-03-30T02:46:05Z
52432,2002-05-19T08:56:03Z
220432,2003-05-03T02:16:01Z
230271,2003-05-20T02:54:38Z
231984,2003-05-22T19:57:22Z
246891,2003-06-15T20:05:16Z
268145,2003-07-15T15:12:45Z
301373,2003-08-21T10:58:31Z
433118,2004-01-16T21:53:40Z
489157,2004-02-26T00:14:00Z
545531,2004-03-23T03:03:42Z
589503,2004-04-11T04:55:52Z
591756,2004-04-12T10:13:30Z
1085819,2004-10-20T11:32:10Z
1265269,2004-12-11T06:35:02Z
1290093,2004-12-17T14:41:07Z
2339955,2005-07-30T09:26:00Z
2339966,2005-07-30T09:30:41Z
3720810,2006-01-14T17:08:26Z
3801543,2006-01-22T00:08:43Z
4364040,2006-03-12T09:13:43Z
4733324,2006-04-13T12:48:28Z
5481852,2006-06-08T19:43:25Z
18952530,2002-03-08T15:47:09Z
18984580,2001-09-04T12:54:40Z
34254,2001-06-12T18:00:45Z
34341,2001-10-25T15:49:37Z
34368,2001-12-05T14:37:32Z
50820,2002-04-29T05:26:56Z
54957,2002-06-04T14:38:43Z
65755,2002-07-29T15:43:51Z
144804,2002-11-07T06:56:04Z
228108,2003-05-16T19:22:56Z
462853,2004-02-10T01:35:05Z
472293,2004-02-16T19:42:08Z
506498,2004-03-05T16:30:40Z
719984,2004-06-12T19:10:06Z
794328,2004-07-07T17:11:44Z
1458081,2005-02-02T01:01:00Z
2069306,2005-06-18T19:31:20Z
3004866,2005-10-26T19:04:42Z
3391336,2005-12-12T01:20:41Z
5080071,2006-05-09T21:28:06Z
5080163,2006-05-09T21:35:59Z
5080269,2006-05-09T21:44:55Z
13735412,2007-10-15T06:09:47Z
20373503,2001-05-17T13:25:55Z
40234577,2013-08-14T01:22:02Z
57337910,2018-05-05T16:49:29Z
72622754,2022-12-31T14:03:41Z
73299105,2023-03-15T20:35:00Z
73463968,2023-04-04T14:40:40Z
73470619,2023-04-05T08:35:00Z
34417,2001-04-14T05:03:16Z
34420,2001-05-15T12:44:07Z
34541,2002-02-25T15:43:11Z
48909,2002-04-13T00:20:10Z
55906,2002-02-25T15:43:11Z
81746,2002-09-07T03:49:29Z
84400,2002-09-12T14:11:19Z
92389,2002-09-26T14:41:03Z
97835,2002-10-02T02:13:41Z
118649,2002-10-21T13:50:58Z
171589,2003-01-20T07:42:37Z
176399,2003-01-29T20:54:43Z
262861,2003-07-07T18:45:26Z
332213,2003-09-30T23:41:58Z
567723,2004-03-31T21:41:52Z
1189687,2004-11-20T04:16:11Z
1241344,2004-12-04T11:46:09Z
1255961,2004-12-08T13:36:54Z
3189335,2005-11-18T10:12:29Z
3431092,2005-12-15T18:33:22Z
4859028,2006-04-22T23:58:13Z
5322143,2006-05-28T10:07:49Z
24831215,2009-10-25T21:51:24Z
30511485,2011-01-17T23:34:54Z
40466783,2013-09-07T01:40:50Z
43558540,2014-08-14T06:01:37Z
52409804,2016-11-28T14:29:48Z
54311087,2017-06-15T18:38:07Z
56642315,2018-02-20T19:51:28Z
34411,2001-10-20T08:28:31Z
34422,2001-05-17T13:26:22Z
34527,2002-02-25T15:51:15Z
50582,2002-04-27T11:48:20Z
154750,2002-12-05T08:33:42Z
351466,2003-10-28T08:02:14Z
499532,2004-03-02T17:59:38Z
729998,2004-06-16T10:56:24Z
740926,2004-06-21T13:49:34Z
752048,2004-06-25T03:05:14Z
2116237,2005-06-26T01:08:53Z
2524890,2005-08-24T02:16:05Z
2826888,2005-10-03T20:40:53Z
3164011,2005-11-15T05:03:15Z
3514267,2005-12-24T02:53:11Z
4595631,2006-04-01T22:39:43Z
5064761,2006-05-08T19:28:17Z
5065997,2006-05-08T21:00:02Z
5066226,2006-05-08T21:21:10Z
5066313,2006-05-08T21:27:00Z
5066497,2006-05-08T21:38:35Z
5066661,2006-05-08T21:49:45Z
5066828,2006-05-08T22:00:36Z
5079429,2006-05-09T20:43:44Z
5079513,2006-05-09T20:49:42Z
5119797,2006-05-12T20:40:10Z
5437798,2006-06-05T19:27:09Z
5438016,2006-06-05T19:46:03Z
5438215,2006-06-05T20:03:17Z
5438757,2006-06-05T20:47:13Z
9912921,2007-03-07T13:30:55Z
20860786,2008-12-28T02:07:31Z
21201943,2009-01-22T02:15:34Z
24215517,2009-09-03T23:26:40Z
17322,2001-11-27T11:13:55Z
34413,2001-03-24T17:50:59Z
34439,2001-06-22T19:59:35Z
34441,2001-07-05T18:03:23Z
34522,2001-12-21T18:36:31Z
36860,2002-02-25T15:43:11Z
50558,2002-04-27T09:01:05Z
56313,2002-06-12T08:43:12Z
171396,2003-01-19T23:59:04Z
290204,2003-08-06T06:18:26Z
442996,2004-01-26T10:40:55Z
616814,2004-04-25T00:41:38Z
1722157,2005-04-11T04:45:16Z
1750882,2005-04-16T21:43:54Z
14529239,2001-12-02T13:40:27Z
315949,2003-09-11T10:48:48Z
3290115,2005-12-01T06:21:51Z
297058,2003-08-15T15:22:35Z
690512,2004-05-30T04:36:00Z
23434659,2009-06-29T19:05:42Z
18940550,2001-12-24T00:23:12Z
825996,2004-07-15T03:30:30Z
1023378,2004-09-27T23:26:58Z
8302089,2006-12-06T19:38:23Z
43173137,2008-10-15T16:35:56Z
375130,2003-11-22T01:44:53Z
423506,2004-01-07T12:34:07Z
3106080,2005-11-08T03:22:58Z
49104078,2016-01-15T00:34:33Z
31763367,2011-05-13T12:18:12Z
78281575,2024-11-04T07:52:36Z
21347303,2003-05-27T15:59:13Z
25139025,2009-11-19T23:50:39Z
70966696,2022-06-07T23:16:45Z
19827221,2001-03-27T08:31:42Z
68665578,2021-09-07T08:05:16Z
28326718,2010-08-11T01:13:19Z
73026681,2023-02-14T03:49:27Z
22685026,2004-09-08T19:10:33Z
40678189,2013-10-01T13:44:23Z
45231593,2015-01-27T19:37:13Z
20903424,2002-09-17T19:34:48Z
5179946,2006-05-17T15:02:11Z
4833231,2006-04-21T01:24:00Z
63425559,2020-03-20T09:25:06Z
32584904,2011-07-30T20:50:06Z
65766654,2020-11-05T15:52:43Z
25188032,2009-11-24T14:07:40Z
80560180,2025-07-28T20:04:13Z
77289309,2024-07-05T03:40:17Z
59759248,2019-01-24T18:38:46Z
5994167,2006-07-17T01:40:00Z
52443041,2016-12-01T13:25:46Z
10799487,2003-10-10T05:40:31Z
5985739,2002-03-29T11:09:11Z
19698012,2008-10-09T21:25:35Z
532996,2004-03-17T17:17:15Z
5865836,2006-07-07T08:52:17Z
72752788,2023-01-15T01:08:13Z
67006592,2021-03-05T11:19:13Z
1170166,2004-11-15T00:51:29Z
1170169,2004-11-15T00:52:11Z
1112620,2004-10-28T21:16:29Z
78817856,2025-01-06T14:16:31Z
61443482,2019-08-05T04:06:22Z
61366668,2019-07-26T11:45:37Z
71652983,2022-09-01T14:42:31Z
76555802,2024-04-08T04:20:58Z
42985608,2014-06-06T21:11:11Z
42581062,2014-04-25T12:24:58Z
42381912,2014-04-02T18:03:34Z
39711745,2002-10-01T15:12:52Z
25778520,2001-12-07T00:04:09Z
76762780,2024-04-29T05:18:16Z
78118609,2024-10-14T18:32:34Z
10304194,2007-03-27T15:13:51Z
15331801,2008-01-20T20:04:43Z
34076480,2011-12-16T11:02:27Z
11506679,2007-05-30T17:40:01Z
47547340,2015-08-17T07:02:26Z
8741245,2007-01-03T20:12:05Z
12899577,2007-08-23T00:06:11Z
24998792,2002-06-10T13:34:03Z
7684340,2006-10-29T22:36:47Z
10127312,2007-03-18T19:45:19Z
10932739,2007-04-27T16:44:43Z
26332696,2010-02-25T05:24:51Z
20611356,2001-10-08T12:46:22Z
42884381,2014-05-28T06:42:20Z
26707415,2010-03-26T14:31:56Z
66241271,2020-12-30T17:52:36Z
47234583,2015-07-14T06:27:03Z
44281046,2014-11-02T20:15:57Z
27141248,2010-04-28T17:13:28Z
13659583,2007-10-10T08:24:29Z
27773360,2010-06-20T16:01:33Z
14101419,2007-11-06T10:27:33Z
2726743,2005-09-21T21:15:02Z
2733421,2005-09-22T21:21:09Z
1362656,2005-01-04T21:05:58Z
24536543,2001-08-15T05:35:24Z
30445494,2011-01-12T22:29:39Z
2064935,2005-06-17T23:01:56Z
4489853,2006-03-23T17:19:37Z
16812637,2003-09-26T12:21:45Z
64010910,2020-05-20T04:11:51Z
71226254,2022-07-04T22:00:30Z
1263271,2004-12-10T19:33:56Z
23090487,2009-06-04T03:18:10Z
81857489,2025-12-16T19:37:36Z
60992857,2019-06-08T15:37:57Z
23820303,2009-08-01T05:40:58Z
459289,2004-02-07T20:05:19Z
459195,2004-02-07T18:51:31Z
459299,2004-02-07T20:11:02Z
2060018,2005-06-17T01:36:04Z
459319,2004-02-07T20:24:10Z
459338,2004-02-07T20:31:52Z
15301370,2008-01-18T22:40:04Z
2877358,2005-10-10T17:54:44Z
11288200,2007-05-18T10:26:36Z
71738237,2022-09-12T15:49:03Z
1101547,2004-10-25T10:34:52Z
31456567,2011-04-10T16:23:51Z
4839019,2006-04-21T11:44:41Z
1984024,2005-06-03T17:24:08Z
3744279,2006-01-16T23:21:51Z
15537745,2008-02-01T16:56:37Z
62557527,2003-01-10T04:57:29Z
19628443,2008-10-06T00:47:17Z
21188370,2001-08-12T09:59:33Z
36974123,2012-09-10T14:36:03Z
68456032,2021-08-11T21:13:30Z
66045029,2020-12-08T01:07:46Z
72861474,2023-01-27T07:57:23Z
79713195,2025-04-15T06:06:15Z
79346616,2025-02-28T02:54:17Z
34143810,2011-12-21T05:45:21Z
34143799,2011-12-21T05:43:10Z
35756266,2012-05-08T14:10:59Z
36993401,2012-09-12T10:39:06Z
8011279,2006-11-19T05:54:13Z
23624228,2004-02-12T13:45:59Z
9006336,2007-01-19T19:05:02Z
16228010,2008-03-11T00:33:59Z
5138823,2006-05-14T08:17:21Z
65005031,2020-08-20T07:07:03Z
67242981,2021-03-29T10:00:52Z
27988307,2010-07-09T18:41:28Z
31705913,2011-05-07T17:09:32Z
6391703,2006-08-11T14:02:51Z
6042831,2006-07-20T14:45:34Z
56797070,2018-03-09T22:13:41Z
75480756,2023-12-04T08:56:30Z
11493669,2007-05-29T22:56:52Z
2588077,2005-09-01T01:10:45Z
7257476,2006-10-02T19:18:33Z
17729643,2008-06-02T08:10:23Z
68551049,2021-08-24T07:42:25Z
11076344,2007-05-05T23:19:39Z
13766990,2007-10-17T02:59:51Z
5747450,2006-06-28T17:23:13Z
23364086,2002-02-25T15:51:15Z
46399149,2001-03-08T06:34:25Z
3880564,2006-01-29T02:35:45Z
29029594,2010-10-02T19:15:46Z
61622385,2019-08-28T00:42:39Z
73429960,2023-03-31T15:31:40Z
76470886,2024-03-29T17:21:15Z
10980601,2007-04-30T10:06:05Z
23535218,2001-07-27T14:29:30Z
46186906,2015-03-21T12:18:59Z
64218162,2020-06-09T03:05:09Z
53009095,2017-01-28T05:00:03Z
21862537,2009-03-07T20:10:33Z
40736402,2013-10-08T02:19:09Z
20888255,2001-12-21T15:51:48Z
19600416,2001-06-26T01:46:02Z
43550721,2014-08-13T18:23:36Z
50701203,2016-06-02T06:03:51Z
4741089,2006-04-14T01:19:48Z
50185,2002-04-23T20:21:37Z
1638146,2005-03-23T04:45:46Z
2266706,2005-07-19T17:05:41Z
24339475,2009-04-13T20:46:39Z
2789237,2005-09-29T01:17:46Z
977139,2004-09-11T19:01:24Z
35615250,2012-04-25T14:19:41Z
57223837,2018-04-24T18:56:03Z
446712,2004-01-29T11:21:00Z
604798,2004-04-18T22:20:07Z
9122579,2007-01-26T08:13:33Z
15388253,2008-01-23T23:40:34Z
2468974,2005-08-16T20:35:51Z
37371270,2012-10-18T16:46:59Z
4345835,2006-03-10T20:00:28Z
4656458,2006-04-07T03:02:20Z
8663793,2006-12-29T21:44:09Z
23909629,2002-08-16T10:44:22Z
1110917,2004-10-28T09:55:39Z
310008,2003-09-02T12:55:41Z
13332395,2007-09-18T22:45:08Z
22690254,2009-05-05T13:01:53Z
41205460,2013-11-27T08:56:05Z
13825072,2007-10-20T17:06:57Z
1441581,2005-01-28T17:11:40Z
19593121,2001-08-14T21:18:00Z
567946,2004-03-31T23:40:22Z
695523,2004-06-01T02:58:40Z
7287830,2006-10-04T16:55:53Z
52658542,2016-12-22T02:28:58Z
18352021,2008-07-08T21:33:51Z
10624594,2001-11-09T02:38:31Z
8372175,2006-12-10T20:08:02Z
42727389,2014-05-11T17:57:52Z
2993692,2005-10-25T09:03:42Z
53710118,2017-04-07T00:21:28Z
12665704,2007-08-07T18:51:51Z
4265190,2006-03-03T19:55:09Z
8606325,2006-12-25T20:26:51Z
25764879,2010-01-11T08:35:15Z
25227555,2009-11-28T04:17:56Z
73248112,2023-03-09T15:43:17Z
25074066,2009-11-14T01:32:55Z
51127636,2016-07-21T09:52:27Z
73917302,2023-05-30T07:58:43Z
79484239,2025-03-17T12:23:38Z
8941842,2007-01-15T21:41:29Z
2138217,2005-06-29T18:27:31Z
11571153,2007-06-03T15:21:08Z
4798586,2006-04-18T17:07:11Z
18861826,2008-08-14T14:50:15Z
8110246,2006-11-25T05:56:54Z
75795581,2024-01-13T00:59:27Z
35489063,2012-04-14T02:53:58Z
2139849,2005-06-29T22:28:10Z
3957360,2006-02-04T16:42:25Z
7338308,2006-10-07T18:56:35Z
43819148,2014-09-14T02:41:21Z
26941829,2010-04-13T15:36:25Z
19451763,2008-09-24T09:28:25Z
78497066,2024-12-02T03:01:59Z
38608114,2009-07-18T20:32:25Z
21393077,2001-09-14T16:00:15Z
45515504,2015-02-26T16:23:26Z
27412585,2010-05-20T00:17:20Z
42565317,2014-04-23T17:38:20Z
2589714,2001-09-15T23:16:52Z
38716437,2013-03-05T10:06:08Z
3995598,2006-02-07T23:06:53Z
1720307,2005-04-10T21:01:34Z
10552354,2007-04-09T13:10:08Z
19284338,2002-07-23T17:05:19Z
1902224,2005-05-17T23:18:47Z
8119544,2006-11-25T21:29:58Z
11273128,2007-05-17T14:21:20Z
7615996,2006-10-25T14:46:35Z
3754390,2006-01-17T21:37:00Z
1112960,2004-10-28T23:07:37Z
40528449,2013-09-14T09:47:09Z
1501608,2005-02-13T20:08:37Z
2616636,2005-09-05T02:57:40Z
2630285,2005-09-07T00:13:04Z
10616414,2007-04-12T10:53:59Z
929147,2004-08-25T13:36:18Z
52756362,2017-01-02T17:36:09Z
553383,2004-03-26T01:38:55Z
76016053,2024-02-06T17:10:01Z
20556798,2002-07-07T23:38:32Z
29174999,2001-05-03T22:46:21Z
45259842,2015-01-30T18:52:35Z
71409538,2022-07-29T07:21:49Z
13437204,2002-09-01T08:51:02Z
37325862,2007-02-16T14:50:15Z
17308270,2008-05-07T15:28:43Z
5064295,2006-05-08T18:49:15Z
1558612,2005-03-01T21:17:14Z
5400423,2006-06-03T02:05:17Z
4602903,2006-04-02T15:53:17Z
5064357,2006-05-08T18:55:24Z
3603035,2006-01-03T04:06:07Z
716779,2004-06-11T09:50:30Z
997476,2004-09-19T01:34:41Z
21244,2001-07-26T19:43:09Z
62841562,2020-01-16T05:58:13Z
35450182,2012-04-11T05:54:34Z
25416893,2001-09-22T22:31:54Z
40306477,2013-08-21T00:52:02Z
10141975,2007-03-19T15:18:12Z
2833714,2005-10-04T19:27:56Z
1859894,2005-05-08T21:59:45Z
9372603,2007-02-07T21:21:06Z
1681238,2005-04-02T04:15:45Z
30778041,2011-02-07T08:05:45Z
73541609,2023-04-14T00:06:21Z
3648961,2006-01-07T19:18:13Z
3687551,2006-01-11T16:12:42Z
16927210,2008-04-14T14:23:41Z
11738757,2007-06-12T23:33:42Z
18296881,2008-07-05T06:37:02Z
29653492,2010-11-18T22:19:51Z
4408830,2006-03-16T06:39:40Z
11235593,2007-05-15T09:09:27Z
8202648,2006-11-30T16:06:37Z
52830561,2017-01-10T19:28:08Z
10619007,2007-04-12T14:16:38Z
1271121,2004-12-13T01:49:09Z
13692155,2001-10-31T05:49:04Z
2958015,2005-10-21T01:41:13Z
1551073,2005-02-27T16:29:08Z
10158889,2007-03-20T10:58:26Z
4513609,2006-03-25T19:56:09Z
6880483,2001-02-02T02:29:23Z
51362434,2016-08-19T02:39:39Z
22843729,2009-05-18T05:32:12Z
71547336,2022-08-18T05:40:11Z
27200967,2010-05-03T07:38:59Z
56630382,2018-02-19T13:58:25Z
264583,2003-07-10T13:44:30Z
309252,2003-09-01T14:38:41Z
1966205,2005-05-31T04:03:26Z
23318,2001-07-30T18:41:54Z
61484465,2019-08-10T14:42:14Z
40634404,2013-09-26T03:50:57Z
42277986,2014-03-22T19:31:34Z
30256322,2010-12-31T09:14:14Z
15963716,2008-02-26T12:18:25Z
43571955,2014-08-15T15:30:39Z
5063340,2006-05-08T17:28:12Z
31598376,2011-04-26T08:51:45Z
37921707,2012-12-13T20:41:18Z
66493645,2021-01-25T10:12:14Z
5063437,2006-05-08T17:35:06Z
5067669,2006-05-08T23:01:34Z
16257859,2008-03-12T15:39:07Z
33589613,2003-04-11T05:15:48Z
28691929,2010-09-03T21:55:26Z
9247603,2007-02-01T12:39:48Z
19370746,2008-09-18T11:33:46Z
14330846,2007-11-20T13:23:10Z
19741695,2008-10-12T08:43:14Z
25211041,2002-07-17T03:05:25Z
44776375,2014-12-19T10:40:13Z
21556371,2002-03-01T13:34:56Z
10921652,2007-04-27T00:53:34Z
31578558,2011-04-23T23:56:49Z
75836675,2024-01-17T21:10:11Z
27206556,2010-05-03T17:36:38Z
23379024,2009-06-24T22:42:56Z
965924,2004-09-07T14:37:40Z
1156993,2004-11-11T07:01:00Z
1555809,2005-03-01T00:27:55Z
951901,2004-09-02T13:18:56Z
11688193,2007-06-10T00:11:15Z
4613509,2006-04-03T13:49:11Z
14288817,2007-11-17T15:55:38Z
63425510,2020-03-20T09:15:52Z
16779974,2008-04-05T16:38:06Z
69741121,2022-01-12T15:03:50Z
57694819,2018-06-16T08:17:34Z
64438188,2020-07-02T02:58:46Z
14979654,2008-01-01T00:54:29Z
51051714,2016-07-11T22:33:54Z
30568215,2011-01-22T02:36:10Z
29184188,2010-10-14T01:11:22Z
18933400,2002-01-11T05:50:15Z
23937771,2009-08-11T01:42:54Z
96652,2002-09-30T13:08:30Z
36561599,2012-07-27T19:43:25Z
23809392,2002-08-27T11:14:35Z
37400459,2012-10-21T12:43:49Z
33870440,2011-11-26T08:16:35Z
44275839,2014-11-02T03:17:57Z
30844503,2005-10-01T18:30:04Z
66493683,2021-01-25T10:18:03Z
5064160,2006-05-08T18:37:47Z
13519312,2007-10-01T13:37:20Z
20070708,2008-11-04T17:47:37Z
37345312,2012-10-16T21:41:27Z
12661787,2007-08-07T14:29:28Z
66887194,2021-02-24T15:58:02Z
20611428,2001-03-27T13:29:31Z
23604120,2009-07-14T14:38:49Z
59863606,2019-02-05T13:27:45Z
33798215,2011-11-19T11:20:47Z
31621439,2011-04-28T16:10:49Z
24173395,2009-08-31T06:47:57Z
5546044,2006-06-13T15:48:29Z
23449302,2009-06-30T23:54:13Z
5445371,2006-06-06T06:55:59Z
46309718,2015-04-03T23:50:23Z
49808341,2016-03-16T13:28:23Z
76022747,2024-02-07T11:19:13Z
71605274,2022-08-26T05:07:58Z
70525583,2022-04-12T17:07:14Z
34531194,2012-01-29T04:15:33Z
66199649,2020-12-25T23:16:01Z
34130293,2011-12-20T00:33:43Z
15250886,2008-01-16T10:10:00Z
7625459,2006-10-26T02:56:16Z
80237427,2025-06-18T08:05:32Z
76529639,2024-04-04T12:21:21Z
55502454,2017-10-11T01:47:58Z
18953599,2008-08-20T21:42:41Z
3575924,2005-12-31T04:17:46Z
3575787,2005-12-31T03:57:05Z
5696090,2006-06-24T20:41:59Z
40271055,2013-08-17T22:10:08Z
75438925,2023-11-29T20:56:16Z
76393912,2024-03-19T08:33:07Z
15433591,2008-01-26T17:24:34Z
108824,2002-10-18T15:19:36Z
1555553,2005-02-28T23:03:16Z
2267847,2005-07-19T20:46:10Z
3986055,2006-02-07T03:17:06Z
70760,2001-10-16T22:56:57Z
276894,2003-07-25T03:46:33Z
312461,2003-09-06T00:00:29Z
21347678,2004-04-09T21:12:24Z
3627968,2006-01-05T18:59:19Z
1072236,2004-10-16T02:42:28Z
222828,2003-05-07T08:03:30Z
167053,2003-01-09T00:42:09Z
173993,2003-01-24T21:42:18Z
38755144,2013-03-08T22:55:06Z
3434750,2001-09-06T07:00:01Z
33657254,2003-05-05T00:24:08Z
73115476,2023-02-23T09:41:03Z
56351412,2018-01-19T18:09:22Z
17164795,2008-04-28T19:47:23Z
13616862,2007-10-07T15:31:35Z
36257220,2012-06-26T21:02:35Z
43104666,2014-06-20T14:47:21Z
20646971,2003-04-25T18:37:54Z
23607475,2009-07-14T20:37:54Z
33162584,2011-09-21T15:01:19Z
1531173,2005-02-21T02:39:39Z
1954987,2005-05-28T19:13:27Z
3365721,2005-12-09T04:14:56Z
32763492,2002-09-02T08:27:53Z
4705945,2006-04-11T13:47:54Z
18028093,2008-06-19T21:18:20Z
21354966,2009-02-01T19:26:31Z
2135870,2005-06-29T11:54:08Z
20137770,2008-11-09T16:06:26Z
9917583,2007-03-07T19:14:32Z
26418605,2005-12-18T00:03:55Z
4259939,2006-03-03T08:07:54Z
40786556,2013-10-14T02:24:12Z
24070987,2009-08-22T00:45:02Z
